user_id,event_type,product_id,price,event_time
5fd25fd1-437c-46b3-9a39-aa545fcef320,view,CLTH_006,0.0,2026-08-24 20:23:19.145949
a5184ecf-8473-4c68-a33b-f6c956626ce8,cart,BOOK_017,40.7,2026-08-22 17:05:29.063486
bd22f4c4-5268-45d9-9243-8d72683946f2,view,ELEC_025,0.0,2026-08-23 19:34:04.274212
e0fd2345-d654-4429-9d48-e2b1544bc0ee,view,SPRT_005,0.0,2026-08-19 23:21:14.094086
ecef0a71-9256-43e0-bf92-91fc8ffffcf4,view,FOOD_024,0.0,2026-08-24T20:09:27.287572
800f664d-f662-49db-9420-27bde33160de,view,CLTH_004,0.0,2026-08-16 10:28:43.494916
e7011402-63aa-4b75-87a9-67546325bcab,view,BOOK_009,0.0,2026-08-24 21:51:12.984993
59b41456-0c0c-46d0-9f3c-5fd6fe62f88a,cart,ELEC_029,103.36,2026-08-24T20:32:09.469949
4eca1658-9c92-4d94-98cf-ac4413183c56,cart,FOOD_010,17.6,2026-08-24T20:10:01.145087
9ea41e68-c710-4b07-b2ae-6bbf22342547,purchase,CLTH_020,287.28,2026-08-16 10:42:07.229939
00f663e7-4a3e-49a4-a200-c3c06ef5259a,cart,SPRT_029,50.6,2026-08-24T22:35:11.169607
e0cac62b-7a87-44bb-8198-dd96bc7eb6ae,purchase,SPRT_027,107.7,2026-08-22T17:59:32.313103
3c8208eb-982f-4c25-aeb6-1d676d8c95fd,view,BOOK_019,0.0,2026-08-24T20:54:15.118486
27ab56fc-882d-4198-a735-9f9394cf678a,view,FOOD_021,0.0,2026-08-23T19:45:57.113997
7a84b978-cc6b-49c8-8bba-b1f87d39615a,view,BOOK_005,0.0,2026-08-24T21:45:49.240728
2ca3ba80-c4ea-48a9-9d49-ec547b2177a2,view,CLTH_025,0.0,2026-08-18 19:20:05.290668
e520f38d-6d20-43be-ac04-26f7b8d044bb,purchase,ELEC_020,231.9,2026-08-18 19:19:49.774056
c6da6198-1302-4f3b-98d8-59f524206a5a,view,FOOD_012,0.0,2026-08-24T20:40:55.780324
07e00408-a9f3-4a26-bb10-653e27ee1d69,view,CLTH_026,0.0,2026-08-24 22:54:25.891020
1344b28a-61ef-4a23-9d78-756fce943fce,cart,FOOD_017,68.75,2026-08-24 07:51:10.327436
fcdb2a08-2878-4a68-8159-6952bf2ae28f,view,BOOK_008,0.0,2026-08-22 17:36:11.241000
fbc03b87-c84c-4ae3-872c-c3f001033c41,view,SPRT_012,0.0,2026-08-18 18:56:55.090559
28dee375-acb0-4efe-91a1-27bd967ca56b,purchase,CLTH_029,198.76,2026-08-22 17:56:56.063466
097603f7-ef8e-4380-83ce-337ce6b52a59,view,BOOK_023,0.0,2026-08-24 21:28:20.620060
ddc313fb-bc63-47e5-ac3f-b9d1d5a703a1,view,CLTH_014,0.0,2026-08-24 23:21:19.576878
16a45d1c-fcb0-44ee-be9c-1c14c693e1c8,view,CLTH_021,0.0,2026-08-24 20:25:58.420879
7c876903-8503-4e64-91da-9f12ea161fac,view,ELEC_022,0.0,2026-08-24 22:44:56.991725
c8e0f50d-4298-44da-ac25-229ba2271015,cart,CLTH_024,132.77,2026-08-23T19:45:58.151713
0e5061dd-6477-4b0b-baf1-80f9eca14fcd,view,FOOD_020,0.0,2026-08-28T18:24:44.864578
7cecad85-4914-4af5-863e-309987695976,view,CLTH_011,0.0,2026-08-24 23:08:30.713240
18af9202-01b4-42d9-a7a8-a3fd40d77ea7,view,SPRT_008,0.0,2026-08-22T17:09:04.350630
8e8f1a72-9d02-4f7f-812e-28ab52b05f20,view,CLTH_019,0.0,2026-08-20 21:08:07.804809
d06247ce-154f-44d2-a431-0e6def01535f,view,CLTH_013,0.0,2026-08-24 21:51:19.831964
807ffd32-2ef3-4a31-a89a-238c366b264b,view,CLTH_011,0.0,2026-08-24 21:55:10.049238
ab5beedd-73b7-43f0-8900-2fda346c8941,cart,SPRT_019,467.93,2026-08-24T23:21:41.719061
77fd67f5-d25c-4143-8bfe-91b94df193e1,cart,ELEC_021,380.93,2026-08-18 19:20:20.551175
df6ef7b8-0a49-4e99-b1d7-860b83fad018,view,ELEC_002,0.0,2026-08-24T21:37:56.577132
ab5beedd-73b7-43f0-8900-2fda346c8941,view,CLTH_019,0.0,2026-08-20 21:19:51.530159
dfcc5694-8acb-4c2d-b506-2b27c83b45a2,cart,ELEC_003,494.58,2026-08-24T19:45:33.899930
3c8208eb-982f-4c25-aeb6-1d676d8c95fd,cart,BOOK_009,14.15,2026-08-20 21:37:00.475550
9527030a-454f-418b-9265-43c29b277831,cart,CLTH_014,126.52,2026-08-19T23:33:11.780053
d13300b8-b21a-4b42-b229-1237697e4e3f,cart,SPRT_025,219.57,2026-08-28T18:13:33.290284
f3af5df4-61dc-4244-8833-1ec5806b8ea1,view,ELEC_021,0.0,2026-08-19T23:27:32.720216
50e381b2-5e82-4228-ba7a-86669f6ade13,purchase,CLTH_016,249.48,2026-08-18 18:54:23.670822
7c53ddd0-71fe-4919-a4fe-86d633a58eee,view,ELEC_004,0.0,2026-08-24T21:11:44.709516
07974040-0d6e-4dd2-a06d-09236cb2f439,view,CLTH_027,0.0,2026-08-24T21:39:08.991280
1363fff9-d076-4436-83e3-9a6449cff1e2,view,SPRT_009,0.0,2026-08-28T18:11:00.359631
046701a6-5a53-43dc-aa26-d68a19f6cb9e,purchase,CLTH_005,137.44,2026-08-18T18:55:35.863723
7c2e1788-86da-4c9e-8f5a-63e49fc287ed,view,FOOD_017,0.0,2026-08-28T18:24:44.570997
07e00408-a9f3-4a26-bb10-653e27ee1d69,cart,CLTH_027,112.12,2026-08-24 21:45:51.757877
a4dbcca0-eaa3-4f6a-91d1-a92bc00a2c19,cart,CLTH_025,67.4,2026-08-24 21:06:41.183302
e04bc446-eef1-4a6c-bdd3-722ed841b5b0,view,CLTH_030,0.0,2026-08-24 22:02:49.720509
a3414eda-0341-4e0d-b3fa-5e873248b36a,view,BOOK_017,0.0,2026-08-24T21:07:11.176967
a9924f59-2d8b-4172-8e44-ae16ad011154,cart,SPRT_014,415.51,2026-08-28T18:21:25.818003
5fd25fd1-437c-46b3-9a39-aa545fcef320,view,CLTH_010,0.0,2026-08-24 19:42:08.774686
10a14ce2-6a79-4e2d-b024-ab8150be7f3b,view,FOOD_023,0.0,2026-08-24T21:38:34.587225
13298c19-921e-4ab7-b2fe-45b88f1e8621,cart,BOOK_030,42.83,2026-08-24T19:42:56.087319
4af16b18-bb80-4ce1-83fd-eeced79f6030,view,CLTH_029,0.0,2026-08-22T17:11:40.402721
d06247ce-154f-44d2-a431-0e6def01535f,view,CLTH_010,0.0,2026-08-24 23:02:09.902912
23563557-5b65-4775-84d2-cd11d7916afb,cart,SPRT_029,144.51,2026-08-20 21:12:08.740270
28dee375-acb0-4efe-91a1-27bd967ca56b,view,CLTH_028,0.0,2026-08-22 18:00:35.633458
caf220a7-85eb-4fa4-a33b-8c246570b167,cart,FOOD_004,19.62,2026-08-23T19:40:14.033767
dd0c2035-e21b-4a2f-aa23-2bb8b37e125d,view,FOOD_016,0.0,2026-08-22 17:08:31.401958
39916c2e-f0f0-4c72-b753-c93c5f6c48e5,view,BOOK_024,0.0,2026-08-24T20:03:48.763397
59b41456-0c0c-46d0-9f3c-5fd6fe62f88a,cart,BOOK_012,35.96,2026-08-28T18:08:38.627004
b2b6e8f7-a7a2-4a38-8be3-f154118f5196,cart,BOOK_002,32.69,2026-08-22 17:42:19.234467
d9fedd6d-d50d-4109-9721-1cd2ce886f31,view,BOOK_005,0.0,2026-08-24T20:42:36.969255
8afb9663-be21-47d5-b7bf-d549285fa584,view,FOOD_029,0.0,2026-08-24T22:02:34.991741
544c32f4-a10e-44ff-a0d5-6f8b523e593a,view,SPRT_022,0.0,2026-08-15 19:46:23.007616
ddc313fb-bc63-47e5-ac3f-b9d1d5a703a1,view,CLTH_016,0.0,2026-08-24 21:56:06.015436
5fd25fd1-437c-46b3-9a39-aa545fcef320,purchase,FOOD_025,82.98,2026-08-24 20:33:57.594537
16a45d1c-fcb0-44ee-be9c-1c14c693e1c8,view,SPRT_005,0.0,2026-08-28T18:14:44.918192
e04bc446-eef1-4a6c-bdd3-722ed841b5b0,view,ELEC_030,0.0,2026-08-24 21:51:30.075365
d13300b8-b21a-4b42-b229-1237697e4e3f,view,BOOK_003,0.0,2026-08-24T19:47:07.224361
097603f7-ef8e-4380-83ce-337ce6b52a59,cart,BOOK_017,20.9,2026-08-24 22:24:40.345786
3eae1b1f-da2f-40b7-883b-ad6d9a3673eb,view,CLTH_008,0.0,2026-08-24 22:25:42.827251
103b446e-bac3-42b5-96ca-727662d099e1,view,SPRT_005,0.0,2026-08-23T19:38:06.625020
3cd39961-1811-4043-81ca-ab2b96896334,purchase,CLTH_007,96.92,2026-08-18T18:54:32.147408
d572cc22-f568-4269-a4ca-75bae22243da,purchase,CLTH_013,270.58,2026-08-20 21:48:10.922938
c56998f4-a438-484c-8b0c-b80c399f6fcd,cart,ELEC_022,300.68,2026-08-24T21:37:53.488268
eedeb7be-443c-4607-a98b-a6928f11d578,view,ELEC_020,0.0,2026-08-24T21:53:40.457053
97fbfdf2-f064-4feb-aa62-d6344df19395,view,ELEC_012,0.0,2026-08-16 10:36:43.165332
77765993-45c5-4be1-9161-1885f032fc20,view,ELEC_024,0.0,2026-08-22 17:49:43.171045
f0bd94bc-247d-45cf-84f6-c5509dc870cc,view,BOOK_021,0.0,2026-08-19 23:25:19.289181
911f18bb-7379-4bbe-b85b-b8bf25af64bf,cart,CLTH_009,238.72,2026-08-22T17:33:44.959918
e0fd2345-d654-4429-9d48-e2b1544bc0ee,view,FOOD_030,0.0,2026-08-24T22:10:21.293835
d30fc382-e140-48b8-8038-bd17100271c2,view,FOOD_029,0.0,2026-08-24T23:11:39.331596
caf220a7-85eb-4fa4-a33b-8c246570b167,view,CLTH_017,0.0,2026-08-24T20:11:41.004335
1a57d526-e419-4985-b2c6-65d021f92488,view,CLTH_024,0.0,2026-08-24T20:11:40.008674
77765993-45c5-4be1-9161-1885f032fc20,view,ELEC_004,0.0,2026-08-22 17:26:21.133627
e6053f2d-d150-4835-ad5a-bada8eceb969,view,SPRT_022,0.0,2026-08-22 17:01:36.686583
32d60b7b-0ecd-4d77-ad93-8db6a14c6708,view,FOOD_021,0.0,2026-08-22T17:56:57.528407
2989c566-bd71-49e2-8d10-a60c615ee48b,view,SPRT_011,0.0,2026-08-23 19:35:41.584070
80a44646-6c7e-488e-8f96-dda9667f62bf,view,BOOK_013,0.0,2026-08-24 19:34:20.409995
85a19fd8-54ae-4ace-a4dc-55c4ce3993ce,view,BOOK_015,0.0,2026-08-24 22:54:23.216272
80fc42f8-36e7-494e-ab68-ae41fa2c75c1,view,FOOD_022,0.0,2026-08-24T19:49:44.136523
80a44646-6c7e-488e-8f96-dda9667f62bf,view,BOOK_021,0.0,2026-08-24 21:16:11.897593
ddc313fb-bc63-47e5-ac3f-b9d1d5a703a1,view,CLTH_024,0.0,2026-08-24 21:57:55.669902
5fd25fd1-437c-46b3-9a39-aa545fcef320,cart,CLTH_003,129.85,2026-08-24 19:42:08.823919
e3576704-b8db-4482-a571-018fedb94275,view,CLTH_028,0.0,2026-08-16 16:37:53.118425
4bcc35c7-0c0f-40c6-81ef-9290c390c8ae,view,CLTH_003,0.0,2026-08-24T22:57:12.094008
204cd583-e18f-4356-afbd-560a95e5e55d,cart,ELEC_018,460.56,2026-08-24 20:30:36.354039
c32d47d5-9419-46e9-8af8-3ed6aa710c89,view,SPRT_027,0.0,2026-08-22 17:46:38.354976
dfcc5694-8acb-4c2d-b506-2b27c83b45a2,cart,CLTH_029,92.18,2026-08-20 21:10:28.208060
a36f04ce-4f5a-4641-8208-bc26f0f0be59,cart,FOOD_001,80.4,2026-08-24T19:45:02.455546
b43786c5-4ef6-4017-a344-22b26bcbd3c5,view,SPRT_008,0.0,2026-08-24 20:37:31.272506
4eca1658-9c92-4d94-98cf-ac4413183c56,view,BOOK_003,0.0,2026-08-18 19:16:32.897715
e04bc446-eef1-4a6c-bdd3-722ed841b5b0,view,ELEC_021,0.0,2026-08-24 21:43:19.972194
82a1487d-2323-45c1-9468-a6f88d47a779,purchase,FOOD_009,63.38,2026-08-24 19:54:42.051287
6c42b183-6d7f-4eed-9a19-89815e3d0919,view,ELEC_016,0.0,2026-08-24 22:39:00.001285
41a5862d-9a23-4007-82f3-890ced6bb4d9,view,SPRT_019,0.0,2026-08-22 17:41:01.824492
e2c33043-9769-445e-bba4-3c9295d886e7,view,SPRT_012,0.0,2026-08-20 21:30:00.108360
097603f7-ef8e-4380-83ce-337ce6b52a59,purchase,ELEC_014,386.32,2026-08-24 21:38:49.635878
0a2f3d10-ae64-4472-a673-478e6650e204,view,FOOD_011,0.0,2026-08-16 16:41:12.589510
194d41b2-19c9-4faa-8a3b-c33649c1679f,cart,FOOD_008,6.29,2026-08-24T22:50:18.437468
3a163339-db2f-495c-b9bd-a2c97e622b2d,view,FOOD_027,0.0,2026-08-24 23:18:36.827317
61887664-7787-4a05-aa10-f242d15e7b6f,view,SPRT_015,0.0,2026-08-22 17:49:13.598159
e0cac62b-7a87-44bb-8198-dd96bc7eb6ae,view,BOOK_017,0.0,2026-08-24T21:07:12.882642
b92588da-f188-45e0-9358-9c955d88bc5a,view,FOOD_016,0.0,2026-08-20 21:09:37.944947
1342dc6b-765d-46f2-b62a-ae0cc1bedb78,view,SPRT_018,0.0,2026-08-24 21:34:43.532617
77765993-45c5-4be1-9161-1885f032fc20,view,ELEC_024,0.0,2026-08-22 18:00:56.718834
8fcaffd8-3597-4d9c-a4b0-7a878ba44f67,view,FOOD_010,0.0,2026-08-20 22:02:51.727786
667c54aa-2a15-439e-9d2b-29339b87e1b4,view,SPRT_008,0.0,2026-08-24T19:45:33.747075
a6a3df8c-d39a-4527-8306-9fc8f5e2ac32,cart,ELEC_017,644.15,2026-08-24T21:18:57.371990
718814b5-9a30-4643-8cfb-a460a60999ba,view,CLTH_002,0.0,2026-08-24 20:44:28.071986
1a57d526-e419-4985-b2c6-65d021f92488,view,CLTH_022,0.0,2026-08-20 21:52:44.612875
fbc03b87-c84c-4ae3-872c-c3f001033c41,view,SPRT_025,0.0,2026-08-18 18:50:05.931158
e7011402-63aa-4b75-87a9-67546325bcab,view,ELEC_015,0.0,2026-08-24T22:46:21.534039
800f664d-f662-49db-9420-27bde33160de,view,CLTH_027,0.0,2026-08-16 10:44:05.271562
0edab1bf-3255-4636-8c77-d72d54ebaa4a,purchase,CLTH_030,126.29,2026-08-20T21:14:05.773866
7973f2a9-cd05-4d96-a6a3-b5bcbfe5a807,view,CLTH_024,0.0,2026-08-24 21:22:25.921076
7973f2a9-cd05-4d96-a6a3-b5bcbfe5a807,view,CLTH_026,0.0,2026-08-24 20:15:53.387123
ecb51178-8afe-4ba9-bd61-87e0a416554b,cart,ELEC_011,674.97,2026-08-18 19:21:06.687485
c43f920e-ad55-4f24-936b-9cbd31f69e37,view,CLTH_003,0.0,2026-08-20 21:51:55.966170
dca944a7-0934-422f-a615-4a2ae9dbac65,view,CLTH_007,0.0,2026-08-24T19:45:33.765293
3c8208eb-982f-4c25-aeb6-1d676d8c95fd,view,BOOK_030,0.0,2026-08-24T22:38:32.641258
c9613b65-fafa-42cc-9af8-32f87936384f,view,ELEC_008,0.0,2026-08-28T18:12:20.001721
a3634e75-35f0-488a-8732-1b93cdcb1099,cart,CLTH_019,22.54,2026-08-24T23:12:17.507262
9ea41e68-c710-4b07-b2ae-6bbf22342547,view,CLTH_017,0.0,2026-08-16 10:46:40.452494
07974040-0d6e-4dd2-a06d-09236cb2f439,view,FOOD_009,0.0,2026-08-24 22:16:06.271074
b92588da-f188-45e0-9358-9c955d88bc5a,view,FOOD_028,0.0,2026-08-20T21:33:29.681732
3ad97fa8-650a-449e-819a-7461929db15a,purchase,SPRT_002,212.13,2026-08-24T20:47:05.645629
2989c566-bd71-49e2-8d10-a60c615ee48b,view,SPRT_024,0.0,2026-08-23 19:39:28.000708
1916909e-6c68-4b12-a792-b099fef763bb,view,CLTH_014,0.0,2026-08-16 10:46:25.827487
16a45d1c-fcb0-44ee-be9c-1c14c693e1c8,purchase,CLTH_011,34.77,2026-08-24 20:12:12.592338
2d7c90c3-0788-41c8-b160-06e19f4406f6,view,FOOD_003,0.0,2026-08-24 22:11:16.796684
85a19fd8-54ae-4ace-a4dc-55c4ce3993ce,view,SPRT_005,0.0,2026-08-24 22:24:07.940210
db7f8eee-9b64-455b-9ada-7be2b9d2a40c,view,ELEC_018,0.0,2026-08-24T19:49:44.076666
c6b1433c-fd3a-4b37-a002-e3213ac67574,view,FOOD_012,0.0,2026-08-24 22:20:27.128827
3298c361-8531-49e3-8652-5f10ff038a49,view,SPRT_026,0.0,2026-08-16 10:36:03.505088
18af9202-01b4-42d9-a7a8-a3fd40d77ea7,view,BOOK_030,0.0,2026-08-24T21:14:06.161706
b8626474-9939-4b22-b12e-52c5f4b4739c,view,SPRT_009,0.0,2026-08-22T17:11:09.000565
3298c361-8531-49e3-8652-5f10ff038a49,view,SPRT_012,0.0,2026-08-16 10:33:53.919047
c56998f4-a438-484c-8b0c-b80c399f6fcd,view,CLTH_004,0.0,2026-08-24 21:08:09.135902
b2b6e8f7-a7a2-4a38-8be3-f154118f5196,view,BOOK_018,0.0,2026-08-22 17:43:39.621767
ecb51178-8afe-4ba9-bd61-87e0a416554b,view,SPRT_015,0.0,2026-08-24T20:22:49.090315
097603f7-ef8e-4380-83ce-337ce6b52a59,view,FOOD_029,0.0,2026-08-24 23:10:11.090780
f11171cf-dcb7-41e6-88b3-5078456085ff,cart,CLTH_012,141.84,2026-08-19T23:33:43.370907
caf220a7-85eb-4fa4-a33b-8c246570b167,view,SPRT_015,0.0,2026-08-24T23:21:42.907590
fcd6fe57-c144-4e2e-a82f-44cb7df85d3f,view,BOOK_005,0.0,2026-08-20 21:17:00.712635
d2393a76-e7aa-4917-8d1a-eaea77151dd0,purchase,FOOD_008,26.26,2026-08-24T21:48:36.899436
151d1b6b-31e9-4c3a-98ee-7ebc527bc572,cart,SPRT_005,66.66,2026-08-22 17:46:34.462498
f2ff3438-5f87-4245-8466-82e57f5edb6d,cart,SPRT_001,349.57,2026-08-24T19:51:19.096156
2989c566-bd71-49e2-8d10-a60c615ee48b,view,CLTH_008,0.0,2026-08-23 19:32:29.054321
fcdb2a08-2878-4a68-8159-6952bf2ae28f,view,BOOK_003,0.0,2026-08-22 17:26:23.170180
79486124-ceb2-4f91-bf0f-378b69ecb64c,view,ELEC_030,0.0,2026-08-22 17:56:34.799145
8648af4d-7a61-4fed-84ea-10895f513822,cart,ELEC_002,530.61,2026-08-20 21:20:39.329522
911f18bb-7379-4bbe-b85b-b8bf25af64bf,view,FOOD_024,0.0,2026-08-18 19:18:03.849846
8d2e8c22-0f58-489e-84d3-59c68d8c63a5,view,FOOD_014,0.0,2026-08-24T22:17:46.866944
16a45d1c-fcb0-44ee-be9c-1c14c693e1c8,purchase,FOOD_023,43.99,2026-08-24 20:45:05.288926
1d21b537-35e3-49e4-ad04-fb64e3a6b0d7,purchase,BOOK_009,61.72,2026-08-22 17:15:32.227728
5ecfc98a-922a-4821-a19c-74739ea9d49c,view,CLTH_028,0.0,2026-08-24 22:51:44.850136
6c42b183-6d7f-4eed-9a19-89815e3d0919,view,ELEC_017,0.0,2026-08-24 22:46:58.308079
fb5c4430-55ab-46c5-9e83-bae524560811,view,ELEC_004,0.0,2026-08-24T21:35:07.759282
8c1f2c4f-fcb2-4456-8fb7-b41a9931e230,view,CLTH_011,0.0,2026-08-20 21:10:12.530922
0e5061dd-6477-4b0b-baf1-80f9eca14fcd,view,BOOK_014,0.0,2026-08-19 23:23:26.879266
7cecad85-4914-4af5-863e-309987695976,view,CLTH_024,0.0,2026-08-24 21:47:51.316664
8889c320-1f19-4bac-9c31-b9218acbf5b5,purchase,SPRT_011,509.27,2026-08-24 21:54:09.711719
1fae450e-c559-4b3b-b193-0e83995bc876,view,ELEC_023,0.0,2026-08-18 19:10:07.863430
adcabb5a-9294-4e06-91d7-d5fb55987582,cart,BOOK_030,25.77,2026-08-18 18:50:27.034419
ddc313fb-bc63-47e5-ac3f-b9d1d5a703a1,view,CLTH_004,0.0,2026-08-24 22:14:50.230562
fc029a04-be52-486b-8b8f-0f1b173d81fb,cart,CLTH_024,142.94,2026-08-18 19:19:44.160547
569b2543-6e9b-4b3a-b8c1-7862801d2712,view,CLTH_010,0.0,2026-08-20 21:16:30.956696
acececef-4ab4-44e7-8ba4-dc1b3db1b57b,view,CLTH_026,0.0,2026-08-22T17:32:11.230782
ca8a018c-1d30-4a4d-9da7-20f5ae4514e1,cart,BOOK_023,45.43,2026-08-22 17:54:43.015870
d6ea31f0-4a99-43ba-8364-82717218083c,view,SPRT_001,0.0,2026-08-16 16:41:14.515417
1916909e-6c68-4b12-a792-b099fef763bb,view,ELEC_009,0.0,2026-08-20T21:14:05.705019
eedeb7be-443c-4607-a98b-a6928f11d578,view,ELEC_015,0.0,2026-08-22 17:42:40.160287
82a1487d-2323-45c1-9468-a6f88d47a779,purchase,FOOD_014,72.86,2026-08-24 19:39:55.050718
151d1b6b-31e9-4c3a-98ee-7ebc527bc572,view,SPRT_024,0.0,2026-08-22 17:41:15.520643
5170d1a9-568e-4884-8b9a-e998a6411fc9,view,SPRT_015,0.0,2026-08-22 17:50:54.622107
b1143e5d-1e1f-426c-aaa8-ab647f0ea967,view,FOOD_005,0.0,2026-08-20 21:55:34.029011
7c876903-8503-4e64-91da-9f12ea161fac,cart,CLTH_022,153.69,2026-08-24 21:31:30.280693
c56998f4-a438-484c-8b0c-b80c399f6fcd,view,FOOD_008,0.0,2026-08-24T21:40:51.310487
6c42b183-6d7f-4eed-9a19-89815e3d0919,view,ELEC_011,0.0,2026-08-24 23:12:56.000535
e9af50c7-3916-48bf-9def-f8eae8db79ee,cart,BOOK_011,53.78,2026-08-24 20:12:17.784367
f40f2fc0-4990-4c42-b190-23976cdaf79f,view,BOOK_005,0.0,2026-08-16 16:52:16.577987
1fae450e-c559-4b3b-b193-0e83995bc876,purchase,FOOD_020,48.13,2026-08-18 19:13:50.522791
fbc03b87-c84c-4ae3-872c-c3f001033c41,view,SPRT_015,0.0,2026-08-18 18:50:06.018145
c6b1433c-fd3a-4b37-a002-e3213ac67574,view,BOOK_003,0.0,2026-08-24 22:40:55.144993
fcd6fe57-c144-4e2e-a82f-44cb7df85d3f,purchase,ELEC_007,1156.44,2026-08-23T19:35:29.033231
3a163339-db2f-495c-b9bd-a2c97e622b2d,cart,FOOD_005,62.34,2026-08-24 22:50:35.691193
50e381b2-5e82-4228-ba7a-86669f6ade13,view,CLTH_012,0.0,2026-08-18 18:53:07.359360
7c2e1788-86da-4c9e-8f5a-63e49fc287ed,view,CLTH_006,0.0,2026-08-24T20:07:42.418274
2de07fdd-8b53-4691-a8aa-c355b7716a3e,view,CLTH_001,0.0,2026-08-18 18:49:20.214075
ecef0a71-9256-43e0-bf92-91fc8ffffcf4,view,CLTH_008,0.0,2026-08-24 20:04:58.486895
9b7e7aee-079a-4bab-8c71-badadf83bdcd,view,CLTH_004,0.0,2026-08-24T21:07:51.459705
7533f6a3-2d5e-454c-a7d4-5a213a566a6a,cart,SPRT_015,150.53,2026-08-24T22:35:08.553446
16a45d1c-fcb0-44ee-be9c-1c14c693e1c8,view,CLTH_015,0.0,2026-08-24 20:58:15.706568
a9ef0f29-d39b-4e19-9e9d-76779cf2469d,cart,CLTH_007,24.84,2026-08-20 21:56:06.594354
b43786c5-4ef6-4017-a344-22b26bcbd3c5,view,SPRT_007,0.0,2026-08-24 20:30:38.181805
151d1b6b-31e9-4c3a-98ee-7ebc527bc572,view,ELEC_007,0.0,2026-08-22 17:58:13.312271
d2393a76-e7aa-4917-8d1a-eaea77151dd0,view,ELEC_015,0.0,2026-08-28T18:22:01.778290
b568b56b-df03-4a6f-ae89-4908c2685971,view,FOOD_029,0.0,2026-08-24T20:58:51.294767
097603f7-ef8e-4380-83ce-337ce6b52a59,cart,BOOK_021,11.25,2026-08-24 22:49:52.557742
e352f24e-22e8-4012-a195-24367d88715a,cart,BOOK_026,29.27,2026-08-28T18:08:05.664765
d37ca1f9-a758-4fcd-abd0-8a4b28290823,view,ELEC_012,0.0,2026-08-22 17:31:14.235610
3cd39961-1811-4043-81ca-ab2b96896334,view,CLTH_007,0.0,2026-08-23T19:34:24.935917
7c2e1788-86da-4c9e-8f5a-63e49fc287ed,view,FOOD_017,0.0,2026-08-19 23:24:32.632735
2531c3a7-f6d1-496c-8395-187ec22b1cf3,view,BOOK_020,0.0,2026-08-18 19:15:26.730085
c9613b65-fafa-42cc-9af8-32f87936384f,view,FOOD_018,0.0,2026-08-24T19:49:44.094467
3298c361-8531-49e3-8652-5f10ff038a49,view,ELEC_006,0.0,2026-08-28T18:17:45.247927
a4dbcca0-eaa3-4f6a-91d1-a92bc00a2c19,purchase,CLTH_026,218.32,2026-08-24 19:55:21.228125
fb5c4430-55ab-46c5-9e83-bae524560811,view,CLTH_002,0.0,2026-08-24T23:22:17.376826
7e12728f-8e77-4093-b21e-7650a323fb12,view,CLTH_022,0.0,2026-08-24 22:44:30.525320
caf220a7-85eb-4fa4-a33b-8c246570b167,purchase,BOOK_013,36.41,2026-08-24T21:31:46.240724
b4a0963f-da4e-401b-b39a-2668f972529c,view,SPRT_005,0.0,2026-08-24 19:33:57.040715
91f30dc2-d42e-403d-8f92-452cf0c2e83b,view,FOOD_009,0.0,2026-08-19T23:25:30.416457
07974040-0d6e-4dd2-a06d-09236cb2f439,view,FOOD_018,0.0,2026-08-24 22:24:32.616663
53cf9005-c315-44bf-8b90-ee836dc0ab1f,view,FOOD_020,0.0,2026-08-24T21:11:06.243680
69ac5a58-9bcc-4f4b-bdd5-baea8549f46e,view,CLTH_003,0.0,2026-08-18 19:00:59.432690
589c5997-fc90-4737-b2a5-e4271fdf4a9d,view,BOOK_023,0.0,2026-08-22 17:15:58.983491
653709fa-a965-4975-9c69-451df40148e0,view,CLTH_001,0.0,2026-08-24T19:57:33.729442
e2d48b75-546c-497a-95bd-14034b8f808a,cart,ELEC_023,631.12,2026-08-22 17:49:34.687292
0499cbb0-f1ab-4ff4-bdac-9b47815a9b3a,view,CLTH_022,0.0,2026-08-23 19:49:26.897094
69ac5a58-9bcc-4f4b-bdd5-baea8549f46e,view,CLTH_024,0.0,2026-08-18 18:49:31.242864
e6053f2d-d150-4835-ad5a-bada8eceb969,cart,FOOD_007,58.87,2026-08-23T19:34:57.507748
61887664-7787-4a05-aa10-f242d15e7b6f,view,SPRT_007,0.0,2026-08-22 17:29:58.859429
9f729b04-6f80-4dae-9824-921396cc0ee2,cart,BOOK_027,34.8,2026-08-24 21:19:15.763680
e9af50c7-3916-48bf-9def-f8eae8db79ee,cart,CLTH_015,146.48,2026-08-24 19:53:38.027978
27a943f0-74c1-47d4-a697-2bf5d20625d8,purchase,ELEC_030,715.85,2026-08-24 20:20:49.162814
ecb51178-8afe-4ba9-bd61-87e0a416554b,view,SPRT_017,0.0,2026-08-20T21:36:02.333458
292aa98d-2159-46e5-86b7-ebb3da08accd,view,CLTH_012,0.0,2026-08-24T21:56:29.957644
aaaa38a6-7d37-4a0f-a0ae-a18daa98f586,view,SPRT_029,0.0,2026-08-16 16:44:20.372470
b568b56b-df03-4a6f-ae89-4908c2685971,view,FOOD_021,0.0,2026-08-20 21:45:06.578537
e3576704-b8db-4482-a571-018fedb94275,view,CLTH_017,0.0,2026-08-24T19:50:16.335318
b92588da-f188-45e0-9358-9c955d88bc5a,view,SPRT_001,0.0,2026-08-20 21:10:08.827017
653709fa-a965-4975-9c69-451df40148e0,view,CLTH_008,0.0,2026-08-24T19:51:18.347531
06ef8987-2209-4f91-b32e-b826d451f567,view,ELEC_005,0.0,2026-08-28T18:24:37.301747
bd22f4c4-5268-45d9-9243-8d72683946f2,purchase,CLTH_012,89.47,2026-08-23 19:44:26.267776
0d5c42ed-4461-4096-8503-c9de6cbe237f,view,CLTH_029,0.0,2026-08-16 16:35:30.994113
97fb0cad-ce2c-4c09-a49a-903e0f094869,cart,CLTH_016,147.93,2026-08-19 23:27:03.424481
653709fa-a965-4975-9c69-451df40148e0,view,SPRT_015,0.0,2026-08-22T17:50:41.430521
8e8f1a72-9d02-4f7f-812e-28ab52b05f20,view,CLTH_004,0.0,2026-08-20 21:12:55.218347
a8b5f893-6a56-4f9f-b429-038b5a69def7,view,FOOD_025,0.0,2026-08-24T22:50:18.460821
875ce581-da9f-4374-b891-e1b0a538923e,cart,CLTH_026,165.34,2026-08-20 21:39:58.082184
37d1bc22-ec4f-4251-96d1-dbe0703942a7,view,SPRT_019,0.0,2026-08-20T21:20:20.502185
e0cac62b-7a87-44bb-8198-dd96bc7eb6ae,purchase,BOOK_013,27.25,2026-08-28T18:26:11.735726
28dee375-acb0-4efe-91a1-27bd967ca56b,purchase,CLTH_027,191.69,2026-08-22 17:36:20.381167
653709fa-a965-4975-9c69-451df40148e0,view,SPRT_020,0.0,2026-08-20T21:18:14.381021
800f664d-f662-49db-9420-27bde33160de,view,CLTH_001,0.0,2026-08-16 10:41:02.735633
8889c320-1f19-4bac-9c31-b9218acbf5b5,view,ELEC_004,0.0,2026-08-24 23:08:08.178358
45be79ad-8040-4559-be25-1a4737d5bdec,view,FOOD_009,0.0,2026-08-24 19:36:07.143218
7cecad85-4914-4af5-863e-309987695976,view,ELEC_025,0.0,2026-08-24 22:41:49.671496
b35b2819-9d3c-4808-af34-8b96e9513eec,cart,SPRT_027,303.36,2026-08-24 07:49:29.032267
8c9bf60c-9d81-434e-9a6f-73c2800925e8,view,ELEC_006,0.0,2026-08-16T10:36:36.951554
aaf98546-9399-431c-890b-576fa08abac0,cart,ELEC_013,320.24,2026-08-24T20:08:18.862095
718814b5-9a30-4643-8cfb-a460a60999ba,view,CLTH_006,0.0,2026-08-24 19:45:34.739301
39916c2e-f0f0-4c72-b753-c93c5f6c48e5,view,SPRT_006,0.0,2026-08-19T23:27:02.124164
dd0c2035-e21b-4a2f-aa23-2bb8b37e125d,purchase,ELEC_014,629.33,2026-08-23T19:42:50.096238
7c876903-8503-4e64-91da-9f12ea161fac,purchase,CLTH_014,30.26,2026-08-24 21:55:26.262936
c6b1433c-fd3a-4b37-a002-e3213ac67574,view,FOOD_028,0.0,2026-08-24 21:39:51.474147
dcd98015-a110-4e4e-bffd-2db821ce770a,purchase,BOOK_023,37.67,2026-08-23T19:35:28.680835
07e00408-a9f3-4a26-bb10-653e27ee1d69,cart,CLTH_025,104.36,2026-08-24 21:56:07.229388
7cecad85-4914-4af5-863e-309987695976,view,CLTH_011,0.0,2026-08-24 22:59:08.678102
9b7e7aee-079a-4bab-8c71-badadf83bdcd,view,SPRT_009,0.0,2026-08-20 21:07:49.667606
8fcaffd8-3597-4d9c-a4b0-7a878ba44f67,view,ELEC_008,0.0,2026-08-24T22:49:42.520236
a6a3df8c-d39a-4527-8306-9fc8f5e2ac32,view,BOOK_010,0.0,2026-08-16 10:30:37.449647
f0990893-bc9c-4914-b4e9-26579efdae9c,view,ELEC_004,0.0,2026-08-22T17:06:24.443917
097603f7-ef8e-4380-83ce-337ce6b52a59,view,BOOK_027,0.0,2026-08-24 22:36:47.995325
84411659-75b7-4910-9038-ff90e88caadf,view,CLTH_015,0.0,2026-08-23 19:41:09.012974
135a78d8-b64e-42f3-b81e-06a99da1379a,cart,CLTH_014,45.88,2026-08-23T19:45:58.154624
204cd583-e18f-4356-afbd-560a95e5e55d,view,ELEC_016,0.0,2026-08-24 20:04:50.672918
07974040-0d6e-4dd2-a06d-09236cb2f439,view,FOOD_006,0.0,2026-08-24 22:08:47.814691
f0990893-bc9c-4914-b4e9-26579efdae9c,cart,ELEC_021,634.02,2026-08-24T19:56:30.241545
f0990893-bc9c-4914-b4e9-26579efdae9c,view,ELEC_026,0.0,2026-08-22T17:06:24.443917
07974040-0d6e-4dd2-a06d-09236cb2f439,purchase,FOOD_007,9.37,2026-08-24 21:37:04.634932
e352f24e-22e8-4012-a195-24367d88715a,view,FOOD_017,0.0,2026-08-24 20:33:41.894417
8de7eb13-8152-4611-a515-17ecfec46828,view,BOOK_016,0.0,2026-08-22 17:10:33.598556
8c1f2c4f-fcb2-4456-8fb7-b41a9931e230,cart,CLTH_004,172.91,2026-08-20 21:20:38.529787
ecef0a71-9256-43e0-bf92-91fc8ffffcf4,view,CLTH_002,0.0,2026-08-24 20:13:31.049268
54dbe932-4af2-4f72-a46d-126eccaec63d,view,CLTH_022,0.0,2026-08-20T21:59:28.541999
c4713941-ca5c-48bf-b915-cdf679cdff13,purchase,SPRT_002,268.66,2026-08-24T20:47:03.692765
b4a0963f-da4e-401b-b39a-2668f972529c,view,SPRT_022,0.0,2026-08-24 21:18:25.550819
800f664d-f662-49db-9420-27bde33160de,cart,ELEC_016,216.58,2026-08-16 10:32:42.253600
c6da6198-1302-4f3b-98d8-59f524206a5a,view,CLTH_016,0.0,2026-08-24 19:56:47.419220
c56998f4-a438-484c-8b0c-b80c399f6fcd,purchase,CLTH_021,257.47,2026-08-24 21:08:09.028707
e520f38d-6d20-43be-ac04-26f7b8d044bb,view,ELEC_007,0.0,2026-08-18 19:14:46.206527
fb5c4430-55ab-46c5-9e83-bae524560811,view,FOOD_005,0.0,2026-08-24 20:23:58.278700
41a5862d-9a23-4007-82f3-890ced6bb4d9,view,SPRT_026,0.0,2026-08-22 17:39:14.560829
45be79ad-8040-4559-be25-1a4737d5bdec,view,BOOK_030,0.0,2026-08-24T21:40:51.715756
53cf9005-c315-44bf-8b90-ee836dc0ab1f,view,CLTH_027,0.0,2026-08-23 19:45:00.887745
d37ca1f9-a758-4fcd-abd0-8a4b28290823,cart,ELEC_010,141.16,2026-08-22 17:43:25.708811
07e00408-a9f3-4a26-bb10-653e27ee1d69,view,FOOD_008,0.0,2026-08-24 22:51:33.733143
fcd6fe57-c144-4e2e-a82f-44cb7df85d3f,view,CLTH_013,0.0,2026-08-22T17:59:00.750079
d30fc382-e140-48b8-8038-bd17100271c2,view,ELEC_029,0.0,2026-08-22 17:47:35.038620
5ecfc98a-922a-4821-a19c-74739ea9d49c,view,CLTH_012,0.0,2026-08-24 22:18:28.411927
27ab56fc-882d-4198-a735-9f9394cf678a,view,ELEC_008,0.0,2026-08-24T23:11:01.444515
1f1fb1c5-8a0f-4b64-8261-f51ffc33db1f,purchase,ELEC_005,170.08,2026-08-22T17:05:16.295628
b4a0963f-da4e-401b-b39a-2668f972529c,purchase,FOOD_004,66.69,2026-08-24T22:10:21.211408
7c2e1788-86da-4c9e-8f5a-63e49fc287ed,cart,BOOK_029,41.24,2026-08-23T19:38:06.840409
796609d9-7739-4166-ab01-9a72c52c20a7,view,SPRT_001,0.0,2026-08-23 19:31:45.996286
b8a5374c-c93d-4c0c-83c8-6ecb467838ed,view,BOOK_001,0.0,2026-08-18T18:59:48.907465
0a2f3d10-ae64-4472-a673-478e6650e204,view,FOOD_015,0.0,2026-08-16 16:39:03.375713
00f663e7-4a3e-49a4-a200-c3c06ef5259a,view,ELEC_028,0.0,2026-08-22 17:00:54.771025
fcdb2a08-2878-4a68-8159-6952bf2ae28f,view,BOOK_024,0.0,2026-08-22 17:46:06.226521
b43786c5-4ef6-4017-a344-22b26bcbd3c5,view,SPRT_009,0.0,2026-08-24 20:52:51.839064
7a84b978-cc6b-49c8-8bba-b1f87d39615a,view,CLTH_020,0.0,2026-08-24 21:39:52.170425
589c5997-fc90-4737-b2a5-e4271fdf4a9d,view,SPRT_011,0.0,2026-08-23T19:44:55.001667
b4a0963f-da4e-401b-b39a-2668f972529c,view,SPRT_009,0.0,2026-08-24 20:49:32.885076
64e03740-f8e2-4f17-a9d2-9dd1950f9c9f,cart,SPRT_028,266.79,2026-08-28 18:15:24.736394
0f4db5c7-beaf-4757-b8cf-f156b73fe4d5,view,SPRT_001,0.0,2026-08-20 22:03:09.674737
6c3c15bf-f979-4e58-b0fd-6ec9f2b75027,cart,CLTH_030,84.61,2026-08-24T20:02:45.554053
8648af4d-7a61-4fed-84ea-10895f513822,view,SPRT_024,0.0,2026-08-24T20:47:05.188204
0edab1bf-3255-4636-8c77-d72d54ebaa4a,cart,FOOD_003,38.58,2026-08-28T18:14:46.278901
c6b1433c-fd3a-4b37-a002-e3213ac67574,view,BOOK_016,0.0,2026-08-24 22:07:42.841676
a8b5f893-6a56-4f9f-b429-038b5a69def7,cart,CLTH_003,75.39,2026-08-24 19:54:30.279513
fb5c4430-55ab-46c5-9e83-bae524560811,view,FOOD_023,0.0,2026-08-24 19:57:09.007293
fb5c4430-55ab-46c5-9e83-bae524560811,purchase,FOOD_020,26.97,2026-08-24 21:05:23.540091
d83aca8e-5d41-4fc0-992e-a9dc27732931,cart,FOOD_008,76.77,2026-08-20T21:10:31.226404
8cdacff9-37d6-4442-84bc-6ae90cf25759,purchase,FOOD_009,64.06,2026-08-23 19:39:52.515411
ddc313fb-bc63-47e5-ac3f-b9d1d5a703a1,view,SPRT_010,0.0,2026-08-24 22:21:03.319110
b69f6df3-4ae7-4861-8236-88b969e91529,view,CLTH_009,0.0,2026-08-20 21:19:38.349729
9b7e7aee-079a-4bab-8c71-badadf83bdcd,view,ELEC_020,0.0,2026-08-23T19:35:28.687587
653709fa-a965-4975-9c69-451df40148e0,view,ELEC_009,0.0,2026-08-20 21:11:53.323086
65c76bd2-c4c5-4ead-bb07-d1518810d424,view,CLTH_017,0.0,2026-08-24T23:11:39.340544
41a5862d-9a23-4007-82f3-890ced6bb4d9,purchase,CLTH_024,86.56,2026-08-22T17:35:49.959107
7973f2a9-cd05-4d96-a6a3-b5bcbfe5a807,view,CLTH_030,0.0,2026-08-24 19:46:38.286967
37d1bc22-ec4f-4251-96d1-dbe0703942a7,cart,FOOD_001,47.76,2026-08-24T21:48:37.143976
e04bc446-eef1-4a6c-bdd3-722ed841b5b0,view,BOOK_025,0.0,2026-08-24 21:38:32.763441
7a84b978-cc6b-49c8-8bba-b1f87d39615a,view,CLTH_028,0.0,2026-08-24 21:42:38.052840
77765993-45c5-4be1-9161-1885f032fc20,view,ELEC_007,0.0,2026-08-22 17:31:00.327416
097603f7-ef8e-4380-83ce-337ce6b52a59,view,BOOK_029,0.0,2026-08-24 21:46:31.428217
097603f7-ef8e-4380-83ce-337ce6b52a59,view,ELEC_017,0.0,2026-08-24 21:38:12.535344
559449e8-4daf-4cae-863c-369e59d25d8b,purchase,ELEC_029,628.5,2026-08-20 21:11:27.415281
838d67a1-4adc-4bef-834d-defa67fe3762,view,CLTH_021,0.0,2026-08-24 21:40:09.796757
fc18b9b9-0790-45c2-9bd4-39c8c166b7ff,view,FOOD_016,0.0,2026-08-24T20:42:00.495392
292aa98d-2159-46e5-86b7-ebb3da08accd,view,BOOK_019,0.0,2026-08-22 17:37:53.659490
d06247ce-154f-44d2-a431-0e6def01535f,view,ELEC_023,0.0,2026-08-24 22:44:20.584120
b3b7ea67-75e4-433b-a906-fd0202ed49b3,view,ELEC_014,0.0,2026-08-24T21:06:31.345442
f2ff3438-5f87-4245-8466-82e57f5edb6d,cart,SPRT_007,69.55,2026-08-24 07:51:33.175359
653709fa-a965-4975-9c69-451df40148e0,view,CLTH_019,0.0,2026-08-23T19:57:11.311340
90d1b635-2c2c-4335-a6a6-3088257c3e28,view,CLTH_009,0.0,2026-08-24T19:50:16.008097
07e00408-a9f3-4a26-bb10-653e27ee1d69,view,SPRT_025,0.0,2026-08-24 22:48:12.112421
151d1b6b-31e9-4c3a-98ee-7ebc527bc572,view,SPRT_001,0.0,2026-08-22 17:53:38.554648
980e4d69-7354-43f4-bc44-99fc0146226f,view,CLTH_005,0.0,2026-08-16 10:32:47.387041
dced3396-f014-4b63-b43e-ce29d91fae35,view,ELEC_030,0.0,2026-08-23T19:48:37.232565
e2c33043-9769-445e-bba4-3c9295d886e7,purchase,CLTH_018,166.57,2026-08-24T21:39:10.744049
8cb1b203-1ae6-415f-a049-61e42090ef5e,cart,CLTH_008,185.36,2026-08-24T21:56:28.815649
0499cbb0-f1ab-4ff4-bdac-9b47815a9b3a,view,FOOD_016,0.0,2026-08-23 19:44:45.959802
d0083a3b-3cf2-48a7-b1a4-f12398d8bd7f,view,ELEC_022,0.0,2026-08-24T22:56:37.548275
b43786c5-4ef6-4017-a344-22b26bcbd3c5,view,CLTH_006,0.0,2026-08-24T20:27:46.760020
b2494169-7cd1-450a-9a6a-5bd5ce40d2fb,view,BOOK_001,0.0,2026-08-24 22:22:55.011183
718814b5-9a30-4643-8cfb-a460a60999ba,cart,CLTH_011,182.86,2026-08-24 19:45:35.079993
097603f7-ef8e-4380-83ce-337ce6b52a59,cart,BOOK_029,44.96,2026-08-24 22:52:42.508422
acececef-4ab4-44e7-8ba4-dc1b3db1b57b,view,FOOD_013,0.0,2026-08-19 23:30:31.819094
653709fa-a965-4975-9c69-451df40148e0,cart,ELEC_021,420.05,2026-08-20 21:15:03.320359
66f9e642-1674-468a-884b-55c6f9a06472,view,ELEC_022,0.0,2026-08-18 18:55:00.669180
c6da6198-1302-4f3b-98d8-59f524206a5a,cart,CLTH_007,30.28,2026-08-24 20:51:17.624322
d9c0cd62-7da2-407f-b24f-c9887c0b8ae6,view,CLTH_021,0.0,2026-08-15 19:40:59.856246
718814b5-9a30-4643-8cfb-a460a60999ba,view,CLTH_008,0.0,2026-08-24 20:55:27.219178
0d5c42ed-4461-4096-8503-c9de6cbe237f,view,CLTH_016,0.0,2026-08-16 16:39:39.664346
28dee375-acb0-4efe-91a1-27bd967ca56b,view,CLTH_030,0.0,2026-08-22T17:40:00.430664
ca8a018c-1d30-4a4d-9da7-20f5ae4514e1,view,BOOK_006,0.0,2026-08-22 17:38:28.053235
7c2e1788-86da-4c9e-8f5a-63e49fc287ed,view,FOOD_014,0.0,2026-08-19 23:22:32.868315
7973f2a9-cd05-4d96-a6a3-b5bcbfe5a807,view,CLTH_008,0.0,2026-08-24 20:02:07.696864
85a19fd8-54ae-4ace-a4dc-55c4ce3993ce,view,FOOD_027,0.0,2026-08-24 21:52:42.937604
667c54aa-2a15-439e-9d2b-29339b87e1b4,cart,ELEC_002,110.32,2026-08-20T21:10:31.321838
84411659-75b7-4910-9038-ff90e88caadf,view,CLTH_020,0.0,2026-08-23 19:33:41.897877
046701a6-5a53-43dc-aa26-d68a19f6cb9e,view,CLTH_029,0.0,2026-08-18 18:59:20.827540
653709fa-a965-4975-9c69-451df40148e0,view,FOOD_029,0.0,2026-08-24T19:42:56.455051
85a19fd8-54ae-4ace-a4dc-55c4ce3993ce,view,BOOK_001,0.0,2026-08-24 22:36:31.930277
103b446e-bac3-42b5-96ca-727662d099e1,cart,SPRT_022,111.81,2026-08-20 21:24:09.166134
9f729b04-6f80-4dae-9824-921396cc0ee2,view,CLTH_028,0.0,2026-08-24T22:43:01.346392
8de7eb13-8152-4611-a515-17ecfec46828,view,BOOK_004,0.0,2026-08-22 17:12:21.453980
3ae7f361-dd3c-4d91-9325-4b4e1a15b0bf,cart,CLTH_023,143.27,2026-08-16T10:41:12.879056
3298c361-8531-49e3-8652-5f10ff038a49,view,SPRT_008,0.0,2026-08-16 10:36:03.420219
32d60b7b-0ecd-4d77-ad93-8db6a14c6708,cart,BOOK_007,55.89,2026-08-16 10:39:33.210028
7cecad85-4914-4af5-863e-309987695976,view,CLTH_008,0.0,2026-08-24 22:41:15.342249
dced3396-f014-4b63-b43e-ce29d91fae35,view,BOOK_022,0.0,2026-08-19 23:27:40.452460
b4a0963f-da4e-401b-b39a-2668f972529c,view,SPRT_014,0.0,2026-08-24 19:39:59.276933
9b7e7aee-079a-4bab-8c71-badadf83bdcd,view,SPRT_015,0.0,2026-08-20 21:19:53.412725
00f663e7-4a3e-49a4-a200-c3c06ef5259a,cart,ELEC_014,823.65,2026-08-24T20:32:07.320411
1342dc6b-765d-46f2-b62a-ae0cc1bedb78,view,SPRT_011,0.0,2026-08-24 22:25:10.019807
e04bc446-eef1-4a6c-bdd3-722ed841b5b0,view,CLTH_027,0.0,2026-08-24 22:01:10.167198
1a57d526-e419-4985-b2c6-65d021f92488,view,CLTH_001,0.0,2026-08-20 22:01:05.526425
e15893a3-618b-454c-8f35-eef896e6f74e,view,BOOK_030,0.0,2026-08-16 10:37:13.700873
7c876903-8503-4e64-91da-9f12ea161fac,cart,FOOD_001,27.2,2026-08-24 22:47:02.886323
15371891-3d67-4bbe-a227-0aa843960503,cart,CLTH_003,157.59,2026-08-24 22:48:38.857619
3eae1b1f-da2f-40b7-883b-ad6d9a3673eb,view,SPRT_007,0.0,2026-08-24T23:17:29.678724
e2d48b75-546c-497a-95bd-14034b8f808a,view,BOOK_006,0.0,2026-08-22 17:45:13.970358
2ca3ba80-c4ea-48a9-9d49-ec547b2177a2,view,CLTH_020,0.0,2026-08-18 19:17:26.708600
e3576704-b8db-4482-a571-018fedb94275,view,CLTH_019,0.0,2026-08-16 16:37:53.197126
a6a3df8c-d39a-4527-8306-9fc8f5e2ac32,view,BOOK_008,0.0,2026-08-22T17:06:24.867102
b43786c5-4ef6-4017-a344-22b26bcbd3c5,purchase,SPRT_030,341.21,2026-08-24 20:10:26.449680
b43786c5-4ef6-4017-a344-22b26bcbd3c5,view,ELEC_005,0.0,2026-08-24T19:53:54.372310
c6ad3b1a-879f-46e9-b4df-c61479de62ea,view,FOOD_005,0.0,2026-08-18 19:02:56.509290
9f5699e8-c821-4444-b570-668a4eedcb12,cart,SPRT_026,294.03,2026-08-19 23:22:18.988986
fc18b9b9-0790-45c2-9bd4-39c8c166b7ff,view,ELEC_012,0.0,2026-08-16 10:36:19.926356
807ffd32-2ef3-4a31-a89a-238c366b264b,view,CLTH_024,0.0,2026-08-24 21:42:15.073468
d37ca1f9-a758-4fcd-abd0-8a4b28290823,view,ELEC_025,0.0,2026-08-22 17:40:02.335909
16a45d1c-fcb0-44ee-be9c-1c14c693e1c8,cart,CLTH_021,108.34,2026-08-24 20:00:47.730555
15371891-3d67-4bbe-a227-0aa843960503,view,SPRT_025,0.0,2026-08-24 22:35:23.696614
667c54aa-2a15-439e-9d2b-29339b87e1b4,purchase,ELEC_011,488.52,2026-08-22T17:38:27.077753
82a1487d-2323-45c1-9468-a6f88d47a779,view,FOOD_018,0.0,2026-08-24 20:02:08.843025
6c42b183-6d7f-4eed-9a19-89815e3d0919,view,ELEC_014,0.0,2026-08-24 21:57:20.106823
4bcc35c7-0c0f-40c6-81ef-9290c390c8ae,view,CLTH_014,0.0,2026-08-18 18:58:09.971077
3cd39961-1811-4043-81ca-ab2b96896334,purchase,CLTH_021,38.91,2026-08-24T21:56:28.745565
272d6b5f-aeca-485e-a4ba-1a5689f647ac,purchase,CLTH_022,228.57,2026-08-24 19:52:11.096050
3317a2b8-8792-434d-9860-2f7644018ce4,view,SPRT_004,0.0,2026-08-23T19:39:09.166213
653709fa-a965-4975-9c69-451df40148e0,view,ELEC_013,0.0,2026-08-24T20:08:20.773269
3cd39961-1811-4043-81ca-ab2b96896334,cart,ELEC_012,780.11,2026-08-24T21:37:55.561510
292aa98d-2159-46e5-86b7-ebb3da08accd,view,SPRT_028,0.0,2026-08-22 17:49:15.203510
a96f1d3a-763c-4bc2-9e7d-20d3463261d5,view,ELEC_019,0.0,2026-08-19T23:24:59.861287
61887664-7787-4a05-aa10-f242d15e7b6f,view,SPRT_027,0.0,2026-08-22 17:30:32.204976
3eae1b1f-da2f-40b7-883b-ad6d9a3673eb,view,CLTH_026,0.0,2026-08-24 23:15:50.525842
07974040-0d6e-4dd2-a06d-09236cb2f439,view,FOOD_022,0.0,2026-08-24 22:16:02.860377
c8dffba8-f979-4950-9e7a-d9a5f39abcf6,purchase,BOOK_001,25.24,2026-08-23 19:53:41.965749
046701a6-5a53-43dc-aa26-d68a19f6cb9e,view,CLTH_003,0.0,2026-08-18 19:06:59.022035
c6da6198-1302-4f3b-98d8-59f524206a5a,view,ELEC_016,0.0,2026-08-24 19:59:05.196010
37d1bc22-ec4f-4251-96d1-dbe0703942a7,view,CLTH_004,0.0,2026-08-19 23:28:09.831041
8afb9663-be21-47d5-b7bf-d549285fa584,view,FOOD_030,0.0,2026-08-24T22:07:34.045457
e3576704-b8db-4482-a571-018fedb94275,view,CLTH_017,0.0,2026-08-16 16:45:15.926157
fc663667-5a7c-4583-8210-a39d89c8784d,view,ELEC_010,0.0,2026-08-20T21:21:58.998211
85a19fd8-54ae-4ace-a4dc-55c4ce3993ce,view,BOOK_002,0.0,2026-08-24 22:15:57.649485
718814b5-9a30-4643-8cfb-a460a60999ba,view,CLTH_001,0.0,2026-08-24 19:52:05.150662
540dfba9-6872-43b1-945d-a3584b72aa30,view,ELEC_021,0.0,2026-08-22T17:05:13.426062
a6a3df8c-d39a-4527-8306-9fc8f5e2ac32,cart,ELEC_017,456.78,2026-08-24T20:13:53.606546
6c42b183-6d7f-4eed-9a19-89815e3d0919,view,ELEC_010,0.0,2026-08-24 22:31:33.241563
fc663667-5a7c-4583-8210-a39d89c8784d,view,CLTH_002,0.0,2026-08-18 18:55:25.880706
a36f04ce-4f5a-4641-8208-bc26f0f0be59,purchase,FOOD_007,56.54,2026-08-24T19:45:02.455546
3ae7f361-dd3c-4d91-9325-4b4e1a15b0bf,view,BOOK_030,0.0,2026-08-24T20:42:37.223105
5f70c5ad-79e7-42be-a108-76a2aa328993,view,FOOD_021,0.0,2026-08-20T21:22:30.719532
7c876903-8503-4e64-91da-9f12ea161fac,view,ELEC_008,0.0,2026-08-24 22:21:19.902367
adcabb5a-9294-4e06-91d7-d5fb55987582,view,CLTH_014,0.0,2026-08-18 18:47:28.369205
dced3396-f014-4b63-b43e-ce29d91fae35,cart,SPRT_026,169.59,2026-08-22T17:17:29.137215
a4dbcca0-eaa3-4f6a-91d1-a92bc00a2c19,purchase,CLTH_003,51.5,2026-08-24 20:33:29.211423
97fbfdf2-f064-4feb-aa62-d6344df19395,view,ELEC_001,0.0,2026-08-16 10:33:00.210689
07974040-0d6e-4dd2-a06d-09236cb2f439,purchase,FOOD_016,108.45,2026-08-24 22:21:19.046698
7533f6a3-2d5e-454c-a7d4-5a213a566a6a,view,ELEC_018,0.0,2026-08-24T20:44:51.263578
8c1f2c4f-fcb2-4456-8fb7-b41a9931e230,view,CLTH_009,0.0,2026-08-20 21:10:59.785428
2de07fdd-8b53-4691-a8aa-c355b7716a3e,view,CLTH_020,0.0,2026-08-18 19:06:46.545604
204cd583-e18f-4356-afbd-560a95e5e55d,cart,CLTH_027,90.65,2026-08-24 20:17:19.975117
7533f6a3-2d5e-454c-a7d4-5a213a566a6a,view,FOOD_004,0.0,2026-08-20 21:41:58.928475
d37ca1f9-a758-4fcd-abd0-8a4b28290823,cart,ELEC_002,59.58,2026-08-22 17:42:43.387578
b69f6df3-4ae7-4861-8236-88b969e91529,view,CLTH_024,0.0,2026-08-20 21:28:33.289785
ecb51178-8afe-4ba9-bd61-87e0a416554b,view,ELEC_028,0.0,2026-08-18 19:18:05.079072
395e36e8-c321-48f4-9ed8-88acf120a760,cart,ELEC_021,194.91,2026-08-24T20:32:08.382454
807ffd32-2ef3-4a31-a89a-238c366b264b,view,CLTH_004,0.0,2026-08-24 21:29:33.850309
91ae5c3f-4264-4360-a916-6cbaf031afdf,view,FOOD_018,0.0,2026-08-28 18:08:31.944134
46b4a363-670a-4824-bdea-bffd85562f0b,view,BOOK_024,0.0,2026-08-18 19:07:24.426498
32d60b7b-0ecd-4d77-ad93-8db6a14c6708,view,BOOK_010,0.0,2026-08-16 10:44:18.756612
23563557-5b65-4775-84d2-cd11d7916afb,view,ELEC_006,0.0,2026-08-24T22:28:58.574427
2989c566-bd71-49e2-8d10-a60c615ee48b,view,SPRT_001,0.0,2026-08-23 19:34:17.760538
09abfce0-670c-4c5a-80ae-bc4f39aa0796,view,ELEC_010,0.0,2026-08-28 18:18:14.679067
61887664-7787-4a05-aa10-f242d15e7b6f,view,SPRT_005,0.0,2026-08-24T20:25:01.140651
14652829-4c93-49cc-ac11-1084b352dbf8,cart,BOOK_002,43.69,2026-08-24 22:10:51.601507
80a44646-6c7e-488e-8f96-dda9667f62bf,view,BOOK_012,0.0,2026-08-24 20:01:07.348734
5ecfc98a-922a-4821-a19c-74739ea9d49c,view,SPRT_026,0.0,2026-08-24T21:54:47.521731
559449e8-4daf-4cae-863c-369e59d25d8b,view,FOOD_030,0.0,2026-08-24T21:41:57.820275
1342dc6b-765d-46f2-b62a-ae0cc1bedb78,view,SPRT_013,0.0,2026-08-24 22:27:23.038075
8c1f2c4f-fcb2-4456-8fb7-b41a9931e230,view,FOOD_020,0.0,2026-08-24T19:44:30.859680
718814b5-9a30-4643-8cfb-a460a60999ba,view,FOOD_005,0.0,2026-08-24 19:58:59.950851
9527030a-454f-418b-9265-43c29b277831,view,CLTH_025,0.0,2026-08-18 19:12:08.879431
b92588da-f188-45e0-9358-9c955d88bc5a,view,ELEC_026,0.0,2026-08-28T18:09:48.420080
1c40c716-3e21-417f-a735-1300abafdc59,cart,FOOD_023,16.17,2026-08-15 19:45:13.462264
3317a2b8-8792-434d-9860-2f7644018ce4,view,CLTH_029,0.0,2026-08-20 21:47:35.154635
807ffd32-2ef3-4a31-a89a-238c366b264b,view,CLTH_024,0.0,2026-08-24 23:09:26.412030
272d6b5f-aeca-485e-a4ba-1a5689f647ac,cart,FOOD_010,62.44,2026-08-24 20:23:43.821500
670c5e97-9826-48dd-b633-24b0d0b347c1,view,BOOK_015,0.0,2026-08-20 21:53:06.740526
dd0c2035-e21b-4a2f-aa23-2bb8b37e125d,view,FOOD_027,0.0,2026-08-22 17:14:11.630202
a9924f59-2d8b-4172-8e44-ae16ad011154,view,SPRT_002,0.0,2026-08-28T18:21:25.818003
fc663667-5a7c-4583-8210-a39d89c8784d,view,CLTH_021,0.0,2026-08-18T19:17:50.727807
ecb51178-8afe-4ba9-bd61-87e0a416554b,view,ELEC_008,0.0,2026-08-18 19:14:37.672113
fc18b9b9-0790-45c2-9bd4-39c8c166b7ff,purchase,SPRT_028,407.76,2026-08-23T19:44:55.276297
204cd583-e18f-4356-afbd-560a95e5e55d,view,CLTH_023,0.0,2026-08-24 20:22:06.289492
1342dc6b-765d-46f2-b62a-ae0cc1bedb78,view,SPRT_018,0.0,2026-08-24 22:11:48.575420
97fcda00-fb2b-476b-9147-2dd97348c02b,cart,CLTH_021,90.67,2026-08-22T18:04:19.947908
b43786c5-4ef6-4017-a344-22b26bcbd3c5,purchase,SPRT_013,106.8,2026-08-24 20:18:09.968619
3298c361-8531-49e3-8652-5f10ff038a49,view,SPRT_020,0.0,2026-08-16 10:36:10.471951
e2c33043-9769-445e-bba4-3c9295d886e7,view,CLTH_013,0.0,2026-08-24T20:53:41.069875
1342dc6b-765d-46f2-b62a-ae0cc1bedb78,view,SPRT_017,0.0,2026-08-24 21:38:01.645827
e2c33043-9769-445e-bba4-3c9295d886e7,view,SPRT_005,0.0,2026-08-20 21:33:40.833453
2123f5ae-14df-4e5d-92db-1157b83c002d,view,CLTH_029,0.0,2026-08-19 23:27:25.459479
3fb2fa2a-b4d2-485d-acd8-9cc11c7a142c,cart,CLTH_001,145.39,2026-08-24T23:12:17.367415
0518f406-1bcc-4201-9400-4d13c068296b,cart,BOOK_024,47.06,2026-08-24T23:17:31.192880
7a84b978-cc6b-49c8-8bba-b1f87d39615a,view,CLTH_003,0.0,2026-08-24 23:04:22.419219
a9ef0f29-d39b-4e19-9e9d-76779cf2469d,view,SPRT_010,0.0,2026-08-20 21:50:50.896133
c43f920e-ad55-4f24-936b-9cbd31f69e37,cart,ELEC_011,578.95,2026-08-28T18:10:22.781356
2ca3ba80-c4ea-48a9-9d49-ec547b2177a2,view,FOOD_025,0.0,2026-08-24T22:50:17.992003
dced3396-f014-4b63-b43e-ce29d91fae35,view,SPRT_015,0.0,2026-08-19 23:21:15.007639
8d2e8c22-0f58-489e-84d3-59c68d8c63a5,cart,FOOD_028,72.9,2026-08-24T22:17:46.866944
e9af50c7-3916-48bf-9def-f8eae8db79ee,view,BOOK_023,0.0,2026-08-24 19:59:47.507046
3cd39961-1811-4043-81ca-ab2b96896334,view,ELEC_028,0.0,2026-08-23T19:48:02.745788
15371891-3d67-4bbe-a227-0aa843960503,purchase,FOOD_003,64.82,2026-08-28T18:12:57.071650
db7f8eee-9b64-455b-9ada-7be2b9d2a40c,purchase,SPRT_023,371.85,2026-08-23T20:01:33.856969
4f3b1ab5-91ca-43a2-a8bb-715dd0866ccb,view,FOOD_028,0.0,2026-08-16 16:44:20.069114
559449e8-4daf-4cae-863c-369e59d25d8b,cart,SPRT_003,132.74,2026-08-20 21:25:04.719881
1fae450e-c559-4b3b-b193-0e83995bc876,cart,FOOD_030,11.61,2026-08-18 19:13:50.458068
82a1487d-2323-45c1-9468-a6f88d47a779,view,FOOD_008,0.0,2026-08-24 20:22:19.255179
23e6833c-1e9f-4546-9ca2-5392b29eeb0c,view,SPRT_005,0.0,2026-08-22 17:56:38.907273
2123f5ae-14df-4e5d-92db-1157b83c002d,view,FOOD_020,0.0,2026-08-19 23:25:31.057044
af8c3802-1e97-4ac1-a05e-a064dc9a598f,view,CLTH_014,0.0,2026-08-18 19:07:00.498255
7973f2a9-cd05-4d96-a6a3-b5bcbfe5a807,purchase,CLTH_023,50.58,2026-08-24 20:47:52.452653
90d1b635-2c2c-4335-a6a6-3088257c3e28,view,CLTH_009,0.0,2026-08-23 19:41:27.528332
4af16b18-bb80-4ce1-83fd-eeced79f6030,view,BOOK_006,0.0,2026-08-24T19:52:52.551567
559449e8-4daf-4cae-863c-369e59d25d8b,view,BOOK_013,0.0,2026-08-24T20:24:26.234985
2123f5ae-14df-4e5d-92db-1157b83c002d,view,SPRT_023,0.0,2026-08-24T19:46:04.930154
fc18b9b9-0790-45c2-9bd4-39c8c166b7ff,cart,SPRT_010,418.99,2026-08-20T21:10:31.220811
3fb2fa2a-b4d2-485d-acd8-9cc11c7a142c,view,SPRT_019,0.0,2026-08-24T20:25:00.444533
9d82dbcc-f68b-4045-b84a-79b4d7103eeb,view,SPRT_015,0.0,2026-08-22 17:29:51.283674
7973f2a9-cd05-4d96-a6a3-b5bcbfe5a807,purchase,CLTH_010,318.38,2026-08-24 20:07:48.997579
c6da6198-1302-4f3b-98d8-59f524206a5a,view,CLTH_007,0.0,2026-08-24 20:39:06.472706
3c8208eb-982f-4c25-aeb6-1d676d8c95fd,view,ELEC_025,0.0,2026-08-23T19:53:58.381472
c56998f4-a438-484c-8b0c-b80c399f6fcd,view,BOOK_001,0.0,2026-08-24 20:23:16.800220
9f729b04-6f80-4dae-9824-921396cc0ee2,view,BOOK_025,0.0,2026-08-24 19:58:33.941675
ecb51178-8afe-4ba9-bd61-87e0a416554b,view,FOOD_018,0.0,2026-08-20T21:15:07.606629
8648af4d-7a61-4fed-84ea-10895f513822,view,ELEC_001,0.0,2026-08-20 21:15:15.059592
d37ca1f9-a758-4fcd-abd0-8a4b28290823,view,ELEC_011,0.0,2026-08-22 17:44:36.936343
79486124-ceb2-4f91-bf0f-378b69ecb64c,view,SPRT_005,0.0,2026-08-24T22:50:52.603681
8c9bf60c-9d81-434e-9a6f-73c2800925e8,cart,FOOD_007,49.2,2026-08-16 10:36:49.663992
fb452d33-32d2-4fc8-a50d-278f74455526,view,SPRT_008,0.0,2026-08-20 21:43:11.276560
adcabb5a-9294-4e06-91d7-d5fb55987582,cart,BOOK_006,58.05,2026-08-18 18:53:08.261821
151d1b6b-31e9-4c3a-98ee-7ebc527bc572,view,CLTH_006,0.0,2026-08-24T20:24:26.230669
9f729b04-6f80-4dae-9824-921396cc0ee2,view,BOOK_025,0.0,2026-08-24 19:35:43.060555
5170d1a9-568e-4884-8b9a-e998a6411fc9,view,CLTH_009,0.0,2026-08-22 17:28:51.769725
d06247ce-154f-44d2-a431-0e6def01535f,view,CLTH_023,0.0,2026-08-24 22:13:26.749048
272d6b5f-aeca-485e-a4ba-1a5689f647ac,view,ELEC_019,0.0,2026-08-24 20:21:33.622838
911f18bb-7379-4bbe-b85b-b8bf25af64bf,purchase,CLTH_006,66.51,2026-08-24T21:07:56.814317
66f9e642-1674-468a-884b-55c6f9a06472,view,FOOD_009,0.0,2026-08-18 19:01:45.565219
718814b5-9a30-4643-8cfb-a460a60999ba,view,BOOK_023,0.0,2026-08-24 20:43:58.008947
77fd67f5-d25c-4143-8bfe-91b94df193e1,view,BOOK_012,0.0,2026-08-18 19:21:46.812446
d06247ce-154f-44d2-a431-0e6def01535f,cart,CLTH_027,36.62,2026-08-24 22:01:22.172141
07e00408-a9f3-4a26-bb10-653e27ee1d69,view,CLTH_030,0.0,2026-08-24 23:18:47.725640
e2d48b75-546c-497a-95bd-14034b8f808a,view,BOOK_015,0.0,2026-08-22 17:37:17.798613
07974040-0d6e-4dd2-a06d-09236cb2f439,view,FOOD_001,0.0,2026-08-24 21:36:07.961362
800f664d-f662-49db-9420-27bde33160de,view,CLTH_021,0.0,2026-08-16 10:38:36.637449
395e36e8-c321-48f4-9ed8-88acf120a760,view,FOOD_010,0.0,2026-08-18T19:16:41.184961
7a84b978-cc6b-49c8-8bba-b1f87d39615a,view,CLTH_027,0.0,2026-08-24 22:40:29.840524
a96f1d3a-763c-4bc2-9e7d-20d3463261d5,view,ELEC_029,0.0,2026-08-19T23:24:59.861287
7973f2a9-cd05-4d96-a6a3-b5bcbfe5a807,purchase,CLTH_027,288.88,2026-08-24 19:35:03.958994
ecef0a71-9256-43e0-bf92-91fc8ffffcf4,view,CLTH_025,0.0,2026-08-24 20:04:03.158955
204cd583-e18f-4356-afbd-560a95e5e55d,view,CLTH_019,0.0,2026-08-24 21:02:35.357589
caf220a7-85eb-4fa4-a33b-8c246570b167,view,CLTH_019,0.0,2026-08-24T20:57:33.043959
5ecfc98a-922a-4821-a19c-74739ea9d49c,cart,CLTH_027,191.03,2026-08-24 21:28:37.578283
61887664-7787-4a05-aa10-f242d15e7b6f,view,SPRT_013,0.0,2026-08-22 17:28:54.821427
caf220a7-85eb-4fa4-a33b-8c246570b167,view,CLTH_009,0.0,2026-08-19T23:24:59.826688
2989c566-bd71-49e2-8d10-a60c615ee48b,cart,ELEC_006,770.38,2026-08-24T19:46:36.224412
103b446e-bac3-42b5-96ca-727662d099e1,view,CLTH_027,0.0,2026-08-22T17:48:32.904181
c6da6198-1302-4f3b-98d8-59f524206a5a,purchase,CLTH_021,340.59,2026-08-24 20:19:47.420861
d0083a3b-3cf2-48a7-b1a4-f12398d8bd7f,view,SPRT_028,0.0,2026-08-22T17:48:01.474978
7c53ddd0-71fe-4919-a4fe-86d633a58eee,view,ELEC_026,0.0,2026-08-24T22:59:29.787500
8889c320-1f19-4bac-9c31-b9218acbf5b5,purchase,ELEC_018,591.61,2026-08-24 22:58:49.987633
b2b6e8f7-a7a2-4a38-8be3-f154118f5196,cart,ELEC_030,170.9,2026-08-24T19:56:29.861790
d30fc382-e140-48b8-8038-bd17100271c2,view,ELEC_024,0.0,2026-08-22 17:37:00.839796
800f664d-f662-49db-9420-27bde33160de,view,CLTH_024,0.0,2026-08-16 10:33:48.950401
ecef0a71-9256-43e0-bf92-91fc8ffffcf4,view,CLTH_021,0.0,2026-08-24 20:33:33.135910
b2b6e8f7-a7a2-4a38-8be3-f154118f5196,purchase,ELEC_025,567.05,2026-08-23T19:48:37.248343
272d6b5f-aeca-485e-a4ba-1a5689f647ac,view,ELEC_024,0.0,2026-08-24 21:09:12.716381
9ea41e68-c710-4b07-b2ae-6bbf22342547,view,SPRT_005,0.0,2026-08-24T21:15:58.154284
a36f04ce-4f5a-4641-8208-bc26f0f0be59,cart,CLTH_022,262.94,2026-08-24T20:11:40.730651
66d4157a-bf38-4bb0-a7c2-bd5652cd2a1d,view,ELEC_011,0.0,2026-08-24T21:37:56.963638
f45f43f0-f972-4f1b-bef3-8f2297f88dfc,view,SPRT_029,0.0,2026-08-19 23:23:39.409528
07e00408-a9f3-4a26-bb10-653e27ee1d69,cart,CLTH_020,68.83,2026-08-24 22:32:53.222649
d30fc382-e140-48b8-8038-bd17100271c2,purchase,CLTH_026,115.24,2026-08-22 17:45:40.871934
d37ca1f9-a758-4fcd-abd0-8a4b28290823,view,ELEC_014,0.0,2026-08-22 17:31:14.192181
69ac5a58-9bcc-4f4b-bdd5-baea8549f46e,view,CLTH_011,0.0,2026-08-18 18:55:38.003159
b4508ad1-61c3-4913-9b0d-9e62d1e31a6c,view,CLTH_027,0.0,2026-08-16 16:51:03.997291
fcd6fe57-c144-4e2e-a82f-44cb7df85d3f,view,CLTH_017,0.0,2026-08-20 21:25:44.583514
7cecad85-4914-4af5-863e-309987695976,view,CLTH_001,0.0,2026-08-24 22:11:07.321479
77765993-45c5-4be1-9161-1885f032fc20,view,BOOK_009,0.0,2026-08-28T18:17:45.053604
c6b1433c-fd3a-4b37-a002-e3213ac67574,view,FOOD_029,0.0,2026-08-24 21:48:25.391463
3ae7f361-dd3c-4d91-9325-4b4e1a15b0bf,view,CLTH_021,0.0,2026-08-24T19:54:56.639244
6c42b183-6d7f-4eed-9a19-89815e3d0919,view,ELEC_007,0.0,2026-08-24 22:06:07.210831
544c32f4-a10e-44ff-a0d5-6f8b523e593a,view,CLTH_011,0.0,2026-08-18T19:17:49.965786
e520f38d-6d20-43be-ac04-26f7b8d044bb,view,ELEC_014,0.0,2026-08-18 19:14:46.582576
65c76bd2-c4c5-4ead-bb07-d1518810d424,view,CLTH_009,0.0,2026-08-24 20:33:29.748321
1683fa13-caae-47d0-876d-5cd63161b109,view,FOOD_029,0.0,2026-08-24T20:07:08.950830
0edab1bf-3255-4636-8c77-d72d54ebaa4a,view,FOOD_019,0.0,2026-08-24T21:48:37.014736
6a581879-1f83-493a-9878-091eb0021ada,view,SPRT_025,0.0,2026-08-24 07:51:00.288054
fc663667-5a7c-4583-8210-a39d89c8784d,view,CLTH_025,0.0,2026-08-18 18:55:25.818651
2de07fdd-8b53-4691-a8aa-c355b7716a3e,view,CLTH_007,0.0,2026-08-18 18:54:59.296040
b69f6df3-4ae7-4861-8236-88b969e91529,view,FOOD_027,0.0,2026-08-28T18:17:44.908574
3317a2b8-8792-434d-9860-2f7644018ce4,view,SPRT_012,0.0,2026-08-22T17:07:31.566512
07e00408-a9f3-4a26-bb10-653e27ee1d69,view,CLTH_015,0.0,2026-08-24 23:18:47.621861
60fa3dee-9722-469f-9ede-8581e64a5dc8,view,SPRT_028,0.0,2026-08-20T21:42:07.696896
c32d47d5-9419-46e9-8af8-3ed6aa710c89,view,SPRT_017,0.0,2026-08-22 17:53:59.916811
f0bd94bc-247d-45cf-84f6-c5509dc870cc,cart,BOOK_002,58.35,2026-08-19 23:27:01.533182
5ecfc98a-922a-4821-a19c-74739ea9d49c,view,CLTH_025,0.0,2026-08-24 22:36:56.524886
b69f6df3-4ae7-4861-8236-88b969e91529,view,CLTH_028,0.0,2026-08-20 21:21:55.590483
2d7c90c3-0788-41c8-b160-06e19f4406f6,view,FOOD_024,0.0,2026-08-24 23:23:21.558413
af8c3802-1e97-4ac1-a05e-a064dc9a598f,view,CLTH_009,0.0,2026-08-18 18:57:24.919819
e941fe3b-e99f-4add-bed3-5b4394d2ddc3,view,ELEC_027,0.0,2026-08-28 18:21:47.251592
79486124-ceb2-4f91-bf0f-378b69ecb64c,view,ELEC_022,0.0,2026-08-23T19:35:28.523078
4fbb190d-1568-458c-b8c1-a45d7ea6f67d,view,CLTH_013,0.0,2026-08-23 19:49:27.682215
103b446e-bac3-42b5-96ca-727662d099e1,view,SPRT_009,0.0,2026-08-20 21:07:30.169195
1a8dde1b-a845-4523-9888-92a7f05ae954,view,CLTH_008,0.0,2026-08-16 10:38:35.970248
2de07fdd-8b53-4691-a8aa-c355b7716a3e,view,CLTH_017,0.0,2026-08-18 18:54:59.051147
c6ad3b1a-879f-46e9-b4df-c61479de62ea,cart,FOOD_004,41.32,2026-08-18 18:45:01.213180
b4a0963f-da4e-401b-b39a-2668f972529c,view,SPRT_018,0.0,2026-08-24 20:42:12.320836
01c8f8b9-4fbf-44a7-8919-178beaceb074,view,BOOK_019,0.0,2026-08-24T22:30:05.833464
91f30dc2-d42e-403d-8f92-452cf0c2e83b,view,FOOD_014,0.0,2026-08-19T23:25:30.416457
d6ea31f0-4a99-43ba-8364-82717218083c,view,SPRT_024,0.0,2026-08-16 16:40:59.979991
718814b5-9a30-4643-8cfb-a460a60999ba,view,CLTH_018,0.0,2026-08-24 21:03:43.502638
7e12728f-8e77-4093-b21e-7650a323fb12,view,BOOK_014,0.0,2026-08-28T18:21:24.986707
ddc313fb-bc63-47e5-ac3f-b9d1d5a703a1,view,FOOD_028,0.0,2026-08-24 22:28:43.145545
911f18bb-7379-4bbe-b85b-b8bf25af64bf,view,FOOD_004,0.0,2026-08-18 19:18:03.736130
7cecad85-4914-4af5-863e-309987695976,purchase,CLTH_012,148.48,2026-08-24 21:33:10.485202
af8c3802-1e97-4ac1-a05e-a064dc9a598f,view,CLTH_014,0.0,2026-08-18 19:03:25.513982
23e6833c-1e9f-4546-9ca2-5392b29eeb0c,view,BOOK_028,0.0,2026-08-22 17:29:52.407780
d2393a76-e7aa-4917-8d1a-eaea77151dd0,view,CLTH_027,0.0,2026-08-20 21:26:59.242776
85a19fd8-54ae-4ace-a4dc-55c4ce3993ce,purchase,SPRT_028,116.11,2026-08-24 22:58:36.208568
5fd25fd1-437c-46b3-9a39-aa545fcef320,cart,FOOD_010,79.4,2026-08-24 19:49:09.591065
d0083a3b-3cf2-48a7-b1a4-f12398d8bd7f,cart,CLTH_010,168.0,2026-08-20 21:34:47.345967
7c2e1788-86da-4c9e-8f5a-63e49fc287ed,view,FOOD_027,0.0,2026-08-19 23:24:32.778614
1342dc6b-765d-46f2-b62a-ae0cc1bedb78,view,SPRT_022,0.0,2026-08-24 22:27:22.947182
6c42b183-6d7f-4eed-9a19-89815e3d0919,view,ELEC_022,0.0,2026-08-24 22:38:15.358153
1342dc6b-765d-46f2-b62a-ae0cc1bedb78,view,SPRT_020,0.0,2026-08-24 21:56:20.230103
23563557-5b65-4775-84d2-cd11d7916afb,view,SPRT_009,0.0,2026-08-24T23:01:12.072606
7e6c74b6-e963-4328-83a5-602d2af48d1f,view,FOOD_027,0.0,2026-08-16T16:38:21.370954
d2393a76-e7aa-4917-8d1a-eaea77151dd0,cart,CLTH_026,172.48,2026-08-20 21:06:45.329061
15371891-3d67-4bbe-a227-0aa843960503,view,FOOD_014,0.0,2026-08-24 22:13:43.661600
d13300b8-b21a-4b42-b229-1237697e4e3f,cart,SPRT_027,317.2,2026-08-22T17:59:32.276676
3cb83936-10c1-45ed-8b78-b82ea2727b7a,purchase,BOOK_001,67.81,2026-08-22 17:15:17.623351
b43786c5-4ef6-4017-a344-22b26bcbd3c5,view,SPRT_010,0.0,2026-08-24 20:28:08.572409
e520f38d-6d20-43be-ac04-26f7b8d044bb,cart,ELEC_013,844.13,2026-08-24T21:53:38.713452
61887664-7787-4a05-aa10-f242d15e7b6f,cart,SPRT_014,177.72,2026-08-22 17:41:19.994087
8889c320-1f19-4bac-9c31-b9218acbf5b5,view,ELEC_013,0.0,2026-08-24 22:36:45.322894
7c876903-8503-4e64-91da-9f12ea161fac,view,ELEC_015,0.0,2026-08-24 22:44:57.061110
a4dbcca0-eaa3-4f6a-91d1-a92bc00a2c19,view,CLTH_020,0.0,2026-08-24 20:44:08.838034
15371891-3d67-4bbe-a227-0aa843960503,view,CLTH_013,0.0,2026-08-24 21:38:04.694920
a8b5f893-6a56-4f9f-b429-038b5a69def7,view,ELEC_027,0.0,2026-08-24T22:30:39.036996
07974040-0d6e-4dd2-a06d-09236cb2f439,view,FOOD_015,0.0,2026-08-24 22:32:41.034606
b4a0963f-da4e-401b-b39a-2668f972529c,view,SPRT_010,0.0,2026-08-24 20:24:49.764734
0f4db5c7-beaf-4757-b8cf-f156b73fe4d5,view,SPRT_020,0.0,2026-08-20 21:56:09.134413
b3b7ea67-75e4-433b-a906-fd0202ed49b3,view,FOOD_023,0.0,2026-08-24T20:47:38.423518
9f729b04-6f80-4dae-9824-921396cc0ee2,view,BOOK_019,0.0,2026-08-24 20:11:26.689962
8889c320-1f19-4bac-9c31-b9218acbf5b5,view,CLTH_004,0.0,2026-08-24 21:57:22.722320
d06247ce-154f-44d2-a431-0e6def01535f,cart,CLTH_006,29.36,2026-08-24 21:45:20.033448
82a1487d-2323-45c1-9468-a6f88d47a779,view,ELEC_027,0.0,2026-08-24 19:41:52.663096
a4dbcca0-eaa3-4f6a-91d1-a92bc00a2c19,view,CLTH_012,0.0,2026-08-24 20:44:08.726526
7a84b978-cc6b-49c8-8bba-b1f87d39615a,view,CLTH_018,0.0,2026-08-24 22:21:53.243867
06ef8987-2209-4f91-b32e-b826d451f567,cart,ELEC_021,244.46,2026-08-23T19:48:35.482707
d572cc22-f568-4269-a4ca-75bae22243da,view,CLTH_026,0.0,2026-08-20 21:39:39.418690
5fd25fd1-437c-46b3-9a39-aa545fcef320,view,FOOD_010,0.0,2026-08-24 20:23:09.579801
7c876903-8503-4e64-91da-9f12ea161fac,view,ELEC_030,0.0,2026-08-24 22:36:25.321594
85a19fd8-54ae-4ace-a4dc-55c4ce3993ce,view,BOOK_026,0.0,2026-08-24 22:51:49.363262
c9613b65-fafa-42cc-9af8-32f87936384f,view,FOOD_009,0.0,2026-08-24T19:49:44.094467
2b7a7e25-b43d-4e89-885b-98379448cec0,view,SPRT_026,0.0,2026-08-24 07:51:49.201264
f3af5df4-61dc-4244-8833-1ec5806b8ea1,cart,CLTH_015,77.74,2026-08-18 18:55:28.685281
b42cbda4-175b-43b3-b494-d6e9be8d779f,view,BOOK_003,0.0,2026-08-24T20:38:10.323640
fc029a04-be52-486b-8b8f-0f1b173d81fb,view,CLTH_016,0.0,2026-08-18 19:19:44.090374
807ffd32-2ef3-4a31-a89a-238c366b264b,view,CLTH_015,0.0,2026-08-24 21:51:27.679650
07974040-0d6e-4dd2-a06d-09236cb2f439,purchase,FOOD_030,119.57,2026-08-24 21:44:17.415741
07e00408-a9f3-4a26-bb10-653e27ee1d69,view,CLTH_015,0.0,2026-08-24 22:48:19.484141
589c5997-fc90-4737-b2a5-e4271fdf4a9d,view,CLTH_018,0.0,2026-08-22 17:18:31.668432
d8955fd2-ab39-4aaa-aa00-af2f627b88eb,purchase,BOOK_030,33.67,2026-08-15 19:43:41.591515
38c90e9e-a827-4bae-9a22-50c3d3ae002c,view,ELEC_013,0.0,2026-08-24T20:13:56.097998
7c876903-8503-4e64-91da-9f12ea161fac,cart,FOOD_023,61.62,2026-08-24 22:47:02.756134
097603f7-ef8e-4380-83ce-337ce6b52a59,view,BOOK_019,0.0,2026-08-24 23:05:09.827012
8889c320-1f19-4bac-9c31-b9218acbf5b5,purchase,ELEC_021,494.69,2026-08-24 21:27:45.018266
d06247ce-154f-44d2-a431-0e6def01535f,view,CLTH_012,0.0,2026-08-24 21:42:16.498909
9c3cb134-b74a-41d4-ab7d-efd8e3add159,view,CLTH_030,0.0,2026-08-28 18:18:01.533657
4bcc35c7-0c0f-40c6-81ef-9290c390c8ae,view,CLTH_020,0.0,2026-08-18 18:51:34.599046
99e329dd-777c-4afe-bc50-366ecd0bd177,cart,BOOK_015,21.9,2026-08-24T19:58:37.657597
2531c3a7-f6d1-496c-8395-187ec22b1cf3,cart,BOOK_008,10.73,2026-08-22T17:06:24.228866
16a45d1c-fcb0-44ee-be9c-1c14c693e1c8,cart,CLTH_026,172.66,2026-08-24 20:00:33.543864
07974040-0d6e-4dd2-a06d-09236cb2f439,purchase,FOOD_018,105.65,2026-08-24 21:55:58.209462
79486124-ceb2-4f91-bf0f-378b69ecb64c,view,ELEC_008,0.0,2026-08-22 17:44:25.186121
540dfba9-6872-43b1-945d-a3584b72aa30,view,BOOK_019,0.0,2026-08-24T21:31:46.484350
16a45d1c-fcb0-44ee-be9c-1c14c693e1c8,cart,SPRT_019,365.85,2026-08-24 20:24:55.802445
b4a0963f-da4e-401b-b39a-2668f972529c,view,SPRT_001,0.0,2026-08-24 20:42:12.523853
82a1487d-2323-45c1-9468-a6f88d47a779,view,FOOD_019,0.0,2026-08-24 21:24:05.346376
7973f2a9-cd05-4d96-a6a3-b5bcbfe5a807,view,CLTH_018,0.0,2026-08-24 20:36:16.569676
ecef0a71-9256-43e0-bf92-91fc8ffffcf4,view,ELEC_002,0.0,2026-08-24 20:29:13.554054
fcdb2a08-2878-4a68-8159-6952bf2ae28f,view,ELEC_003,0.0,2026-08-22 17:35:46.582006
6faa3f2f-4722-4384-8e2e-1ba697d518a4,view,ELEC_023,0.0,2026-08-18 18:59:56.615290
6a581879-1f83-493a-9878-091eb0021ada,view,CLTH_024,0.0,2026-08-24 07:50:58.158007
7a84b978-cc6b-49c8-8bba-b1f87d39615a,cart,ELEC_004,312.6,2026-08-24 21:40:59.985195
204cd583-e18f-4356-afbd-560a95e5e55d,view,ELEC_002,0.0,2026-08-24 20:18:50.865439
c6b1433c-fd3a-4b37-a002-e3213ac67574,view,FOOD_019,0.0,2026-08-24 21:38:13.895396
eba03b4f-7d0a-498d-a823-db63123d559a,view,BOOK_010,0.0,2026-08-28T18:12:56.298390
8afb9663-be21-47d5-b7bf-d549285fa584,view,CLTH_013,0.0,2026-08-22T17:33:44.988772
80a44646-6c7e-488e-8f96-dda9667f62bf,view,BOOK_016,0.0,2026-08-24 20:26:37.669843
15371891-3d67-4bbe-a227-0aa843960503,cart,CLTH_017,115.44,2026-08-24 22:48:38.923322
b43786c5-4ef6-4017-a344-22b26bcbd3c5,purchase,ELEC_010,371.81,2026-08-24 20:25:17.252455
589c5997-fc90-4737-b2a5-e4271fdf4a9d,cart,ELEC_029,415.65,2026-08-24T21:30:11.315424
a169dc99-f3d9-4a6d-be74-c528e84e184c,cart,FOOD_020,15.52,2026-08-24T22:10:22.014621
5ecfc98a-922a-4821-a19c-74739ea9d49c,view,CLTH_024,0.0,2026-08-24 21:38:26.925214
7cecad85-4914-4af5-863e-309987695976,view,CLTH_018,0.0,2026-08-24 22:00:02.578250
fcdb2a08-2878-4a68-8159-6952bf2ae28f,view,SPRT_007,0.0,2026-08-22T17:47:58.449358
c32d47d5-9419-46e9-8af8-3ed6aa710c89,view,SPRT_024,0.0,2026-08-22 17:41:41.160680
6faa3f2f-4722-4384-8e2e-1ba697d518a4,view,ELEC_030,0.0,2026-08-18 19:04:08.270263
c56998f4-a438-484c-8b0c-b80c399f6fcd,view,BOOK_018,0.0,2026-08-24 20:20:00.418722
5fd25fd1-437c-46b3-9a39-aa545fcef320,cart,CLTH_010,46.15,2026-08-24 19:42:57.618144
caf220a7-85eb-4fa4-a33b-8c246570b167,view,SPRT_008,0.0,2026-08-22T17:45:16.332936
7c876903-8503-4e64-91da-9f12ea161fac,purchase,ELEC_014,274.56,2026-08-24 23:22:59.584403
a6a3df8c-d39a-4527-8306-9fc8f5e2ac32,view,FOOD_015,0.0,2026-08-16 10:40:23.153410
66f9e642-1674-468a-884b-55c6f9a06472,view,CLTH_014,0.0,2026-08-24T20:57:33.789486
80a44646-6c7e-488e-8f96-dda9667f62bf,view,BOOK_023,0.0,2026-08-24 21:16:11.931651
07974040-0d6e-4dd2-a06d-09236cb2f439,view,FOOD_006,0.0,2026-08-24 22:19:56.869011
a3634e75-35f0-488a-8732-1b93cdcb1099,cart,CLTH_030,184.58,2026-08-19T23:27:32.638600
97fbfdf2-f064-4feb-aa62-d6344df19395,cart,ELEC_018,175.41,2026-08-16 10:30:41.205276
0499cbb0-f1ab-4ff4-bdac-9b47815a9b3a,view,SPRT_014,0.0,2026-08-23 19:42:22.872926
fc029a04-be52-486b-8b8f-0f1b173d81fb,view,CLTH_003,0.0,2026-08-20T21:18:15.747681
544c32f4-a10e-44ff-a0d5-6f8b523e593a,view,ELEC_024,0.0,2026-08-24T20:50:56.580610
d2393a76-e7aa-4917-8d1a-eaea77151dd0,view,CLTH_030,0.0,2026-08-22T18:04:19.642874
c6b1433c-fd3a-4b37-a002-e3213ac67574,view,FOOD_010,0.0,2026-08-24 23:10:36.838849
9b7e7aee-079a-4bab-8c71-badadf83bdcd,view,SPRT_022,0.0,2026-08-20 21:25:48.077847
c6ad3b1a-879f-46e9-b4df-c61479de62ea,view,CLTH_002,0.0,2026-08-24T20:13:20.320649
8afb9663-be21-47d5-b7bf-d549285fa584,view,CLTH_028,0.0,2026-08-24T22:36:18.416112
9f729b04-6f80-4dae-9824-921396cc0ee2,view,FOOD_014,0.0,2026-08-24T22:49:42.163756
65c76bd2-c4c5-4ead-bb07-d1518810d424,view,CLTH_006,0.0,2026-08-24 19:51:13.529450
77765993-45c5-4be1-9161-1885f032fc20,view,ELEC_025,0.0,2026-08-22 17:27:09.321826
7e12728f-8e77-4093-b21e-7650a323fb12,cart,SPRT_030,152.62,2026-08-24 22:54:53.522861
82a1487d-2323-45c1-9468-a6f88d47a779,view,CLTH_009,0.0,2026-08-24 21:23:46.774506
c6da6198-1302-4f3b-98d8-59f524206a5a,view,CLTH_005,0.0,2026-08-24 20:31:02.127443
b8a5374c-c93d-4c0c-83c8-6ecb467838ed,view,FOOD_017,0.0,2026-08-16 16:38:12.256990
16a45d1c-fcb0-44ee-be9c-1c14c693e1c8,view,CLTH_023,0.0,2026-08-24 20:22:52.588519
c6da6198-1302-4f3b-98d8-59f524206a5a,view,CLTH_006,0.0,2026-08-24 21:21:06.038595
9f5699e8-c821-4444-b570-668a4eedcb12,cart,FOOD_009,43.79,2026-08-24T20:44:17.779660
1f1fb1c5-8a0f-4b64-8261-f51ffc33db1f,cart,SPRT_018,295.84,2026-08-24T20:47:02.528777
c6da6198-1302-4f3b-98d8-59f524206a5a,view,CLTH_007,0.0,2026-08-24 19:56:48.082392
91f30dc2-d42e-403d-8f92-452cf0c2e83b,view,CLTH_023,0.0,2026-08-16 16:36:15.645550
fc663667-5a7c-4583-8210-a39d89c8784d,purchase,FOOD_020,50.39,2026-08-18 19:03:32.218131
395e36e8-c321-48f4-9ed8-88acf120a760,view,FOOD_017,0.0,2026-08-18 19:16:35.654023
980e4d69-7354-43f4-bc44-99fc0146226f,view,FOOD_003,0.0,2026-08-18T18:50:20.191106
5ecfc98a-922a-4821-a19c-74739ea9d49c,view,ELEC_013,0.0,2026-08-24 22:13:20.106320
27ab56fc-882d-4198-a735-9f9394cf678a,view,CLTH_009,0.0,2026-08-24T20:53:40.568949
b4a0963f-da4e-401b-b39a-2668f972529c,view,SPRT_016,0.0,2026-08-24 20:48:27.295807
97fcda00-fb2b-476b-9147-2dd97348c02b,purchase,BOOK_004,76.34,2026-08-20T21:37:33.634562
e6b69773-e22a-4015-9c79-bca0c2f25059,view,ELEC_030,0.0,2026-08-28 18:15:04.354517
7533f6a3-2d5e-454c-a7d4-5a213a566a6a,view,BOOK_020,0.0,2026-08-20 21:47:19.033872
7a84b978-cc6b-49c8-8bba-b1f87d39615a,view,SPRT_002,0.0,2026-08-24T21:57:37.372129
38c90e9e-a827-4bae-9a22-50c3d3ae002c,view,FOOD_018,0.0,2026-08-20 21:16:54.312014
d0ee500b-2986-4393-8222-e3a34f6829c5,purchase,BOOK_016,16.09,2026-08-24T21:07:15.089216
d06247ce-154f-44d2-a431-0e6def01535f,view,CLTH_008,0.0,2026-08-24 22:25:00.290879
151d1b6b-31e9-4c3a-98ee-7ebc527bc572,cart,SPRT_010,106.38,2026-08-22 17:41:15.303187
65c76bd2-c4c5-4ead-bb07-d1518810d424,cart,SPRT_030,367.55,2026-08-24 20:30:21.711172
c6da6198-1302-4f3b-98d8-59f524206a5a,view,CLTH_011,0.0,2026-08-24 21:22:22.057884
14652829-4c93-49cc-ac11-1084b352dbf8,view,BOOK_025,0.0,2026-08-24 23:08:50.881646
fcd6fe57-c144-4e2e-a82f-44cb7df85d3f,view,CLTH_018,0.0,2026-08-20 21:19:46.798396
45be79ad-8040-4559-be25-1a4737d5bdec,cart,FOOD_023,66.28,2026-08-24 20:23:00.259028
b3b7ea67-75e4-433b-a906-fd0202ed49b3,view,BOOK_004,0.0,2026-08-23T19:59:57.960518
c6ad3b1a-879f-46e9-b4df-c61479de62ea,view,CLTH_004,0.0,2026-08-18 18:44:56.840173
eba03b4f-7d0a-498d-a823-db63123d559a,cart,CLTH_015,169.17,2026-08-24T23:12:17.489600
e7011402-63aa-4b75-87a9-67546325bcab,view,CLTH_023,0.0,2026-08-24 23:17:52.132957
204cd583-e18f-4356-afbd-560a95e5e55d,purchase,CLTH_028,99.81,2026-08-24 19:44:11.014990
2743b6ed-fc45-4744-8bc0-3fcfbda03d36,view,FOOD_002,0.0,2026-08-18T19:14:08.237587
204cd583-e18f-4356-afbd-560a95e5e55d,view,CLTH_004,0.0,2026-08-24 21:15:29.150785
e9af50c7-3916-48bf-9def-f8eae8db79ee,cart,BOOK_013,58.42,2026-08-24 20:57:49.283240
61887664-7787-4a05-aa10-f242d15e7b6f,view,SPRT_021,0.0,2026-08-22 17:26:18.702560
0e5061dd-6477-4b0b-baf1-80f9eca14fcd,view,BOOK_030,0.0,2026-08-24T19:49:44.214545
61887664-7787-4a05-aa10-f242d15e7b6f,view,SPRT_013,0.0,2026-08-22 17:40:44.618495
b2b6e8f7-a7a2-4a38-8be3-f154118f5196,view,BOOK_025,0.0,2026-08-22 17:35:45.496641
23e6833c-1e9f-4546-9ca2-5392b29eeb0c,view,FOOD_028,0.0,2026-08-24T19:48:41.686710
85a19fd8-54ae-4ace-a4dc-55c4ce3993ce,view,BOOK_022,0.0,2026-08-24 23:08:46.760418
79486124-ceb2-4f91-bf0f-378b69ecb64c,purchase,ELEC_030,759.52,2026-08-22 17:46:10.420591
a3634e75-35f0-488a-8732-1b93cdcb1099,view,CLTH_026,0.0,2026-08-28T18:24:39.070130
7cecad85-4914-4af5-863e-309987695976,cart,CLTH_008,98.05,2026-08-24 22:49:21.328602
fbc03b87-c84c-4ae3-872c-c3f001033c41,view,SPRT_025,0.0,2026-08-18 18:59:24.163595
9f729b04-6f80-4dae-9824-921396cc0ee2,purchase,FOOD_002,59.88,2026-08-24 20:33:27.570056
27a943f0-74c1-47d4-a697-2bf5d20625d8,cart,BOOK_019,36.11,2026-08-24 19:55:19.441043
c32d47d5-9419-46e9-8af8-3ed6aa710c89,view,SPRT_004,0.0,2026-08-22 18:00:15.799758
97fb0cad-ce2c-4c09-a49a-903e0f094869,view,CLTH_005,0.0,2026-08-19 23:27:03.394987
dd0c2035-e21b-4a2f-aa23-2bb8b37e125d,view,FOOD_015,0.0,2026-08-22 17:01:52.703470
27a943f0-74c1-47d4-a697-2bf5d20625d8,view,ELEC_012,0.0,2026-08-24 20:17:36.636730
d13300b8-b21a-4b42-b229-1237697e4e3f,purchase,CLTH_024,204.2,2026-08-15 19:43:15.417151
4af16b18-bb80-4ce1-83fd-eeced79f6030,cart,CLTH_005,37.35,2026-08-18T18:54:33.205078
fc18b9b9-0790-45c2-9bd4-39c8c166b7ff,view,FOOD_028,0.0,2026-08-20T21:37:03.079199
7a84b978-cc6b-49c8-8bba-b1f87d39615a,purchase,ELEC_017,649.53,2026-08-24 22:43:25.555072
fcd6fe57-c144-4e2e-a82f-44cb7df85d3f,view,BOOK_024,0.0,2026-08-24T19:54:25.507184
48fdb41c-6451-4813-9e73-3326f54170f7,view,BOOK_018,0.0,2026-08-18T18:50:51.499794
aa1b5519-6825-4270-a210-d706d63db7f1,view,CLTH_003,0.0,2026-08-24T23:12:17.441120
b2494169-7cd1-450a-9a6a-5bd5ce40d2fb,view,BOOK_006,0.0,2026-08-24 21:43:17.761754
fc18b9b9-0790-45c2-9bd4-39c8c166b7ff,view,CLTH_006,0.0,2026-08-20T21:20:20.241961
adcabb5a-9294-4e06-91d7-d5fb55987582,view,BOOK_004,0.0,2026-08-18 18:59:03.692798
dca944a7-0934-422f-a615-4a2ae9dbac65,cart,FOOD_030,65.51,2026-08-24T22:10:21.124454
911f18bb-7379-4bbe-b85b-b8bf25af64bf,purchase,FOOD_005,23.59,2026-08-24T20:58:51.321668
dfcc5694-8acb-4c2d-b506-2b27c83b45a2,view,BOOK_021,0.0,2026-08-24T23:17:33.567859
2123f5ae-14df-4e5d-92db-1157b83c002d,view,FOOD_020,0.0,2026-08-24T22:13:50.844081
f0990893-bc9c-4914-b4e9-26579efdae9c,view,CLTH_014,0.0,2026-08-18 19:12:42.938744
77fd67f5-d25c-4143-8bfe-91b94df193e1,cart,BOOK_030,61.16,2026-08-22T17:55:54.737003
ecef0a71-9256-43e0-bf92-91fc8ffffcf4,view,ELEC_013,0.0,2026-08-24 20:29:13.405546
7e12728f-8e77-4093-b21e-7650a323fb12,purchase,SPRT_005,139.45,2026-08-24 21:43:19.421488
ddc313fb-bc63-47e5-ac3f-b9d1d5a703a1,view,CLTH_017,0.0,2026-08-24 23:21:19.355481
718814b5-9a30-4643-8cfb-a460a60999ba,view,CLTH_020,0.0,2026-08-24 20:00:11.716845
65c76bd2-c4c5-4ead-bb07-d1518810d424,view,CLTH_028,0.0,2026-08-24 20:14:16.847756
135a78d8-b64e-42f3-b81e-06a99da1379a,view,CLTH_003,0.0,2026-08-24T21:07:56.273079
a36f04ce-4f5a-4641-8208-bc26f0f0be59,purchase,CLTH_009,25.51,2026-08-22 17:15:48.586648
3cb83936-10c1-45ed-8b78-b82ea2727b7a,cart,CLTH_030,165.76,2026-08-24T19:45:02.459256
aaf98546-9399-431c-890b-576fa08abac0,purchase,ELEC_012,203.22,2026-08-20T21:20:56.718427
b43786c5-4ef6-4017-a344-22b26bcbd3c5,view,FOOD_019,0.0,2026-08-24 19:34:36.586742
fb452d33-32d2-4fc8-a50d-278f74455526,view,ELEC_017,0.0,2026-08-23T19:51:21.199973
85a19fd8-54ae-4ace-a4dc-55c4ce3993ce,view,BOOK_007,0.0,2026-08-24 22:30:13.106139
7c876903-8503-4e64-91da-9f12ea161fac,view,ELEC_015,0.0,2026-08-24 22:02:37.353686
2ffbf70c-49e4-4889-96a4-7e733e8cf796,view,SPRT_012,0.0,2026-08-24T19:43:59.202569
84411659-75b7-4910-9038-ff90e88caadf,view,BOOK_009,0.0,2026-08-24T19:44:30.557452
d30fc382-e140-48b8-8038-bd17100271c2,view,BOOK_012,0.0,2026-08-24T19:59:08.518968
00f663e7-4a3e-49a4-a200-c3c06ef5259a,view,FOOD_021,0.0,2026-08-22 17:03:35.190349
dcd98015-a110-4e4e-bffd-2db821ce770a,view,SPRT_020,0.0,2026-08-18 19:11:01.259450
ca8a018c-1d30-4a4d-9da7-20f5ae4514e1,view,BOOK_016,0.0,2026-08-24T21:14:46.806207
272d6b5f-aeca-485e-a4ba-1a5689f647ac,view,ELEC_003,0.0,2026-08-24 20:32:49.223351
046701a6-5a53-43dc-aa26-d68a19f6cb9e,view,CLTH_027,0.0,2026-08-18 19:04:00.886196
f40f2fc0-4990-4c42-b190-23976cdaf79f,view,BOOK_010,0.0,2026-08-16 16:52:16.325025
caf220a7-85eb-4fa4-a33b-8c246570b167,purchase,SPRT_016,217.66,2026-08-22T17:48:01.521210
bd22f4c4-5268-45d9-9243-8d72683946f2,view,ELEC_026,0.0,2026-08-23 19:34:04.054833
1d21b537-35e3-49e4-ad04-fb64e3a6b0d7,view,CLTH_023,0.0,2026-08-24T22:19:27.708644
a169dc99-f3d9-4a6d-be74-c528e84e184c,view,ELEC_013,0.0,2026-08-18 18:51:21.742598
e352f24e-22e8-4012-a195-24367d88715a,view,FOOD_011,0.0,2026-08-24 20:25:48.185529
3c8208eb-982f-4c25-aeb6-1d676d8c95fd,view,CLTH_002,0.0,2026-08-20 21:46:42.100488
33dc141b-1bf5-4e95-b23e-a53981073bd2,view,BOOK_013,0.0,2026-08-24T19:58:37.689341
ecb51178-8afe-4ba9-bd61-87e0a416554b,view,SPRT_027,0.0,2026-08-20T21:42:38.087901
1342dc6b-765d-46f2-b62a-ae0cc1bedb78,view,SPRT_011,0.0,2026-08-24 21:53:21.978696
18af9202-01b4-42d9-a7a8-a3fd40d77ea7,view,FOOD_023,0.0,2026-08-22T17:59:00.897135
15371891-3d67-4bbe-a227-0aa843960503,view,BOOK_011,0.0,2026-08-24 22:24:56.125707
7533f6a3-2d5e-454c-a7d4-5a213a566a6a,purchase,FOOD_006,93.72,2026-08-20 21:39:04.401519
aaaa38a6-7d37-4a0f-a0ae-a18daa98f586,cart,FOOD_024,7.23,2026-08-16 16:35:41.165927
fad4b01a-17f0-4665-bba4-9d851ec619c6,view,CLTH_015,0.0,2026-08-28 18:09:39.614816
ecef0a71-9256-43e0-bf92-91fc8ffffcf4,view,CLTH_004,0.0,2026-08-24 19:45:02.755273
526d498e-a082-48f3-8f21-d37077e1d332,view,FOOD_008,0.0,2026-08-23 19:42:41.963320
85a19fd8-54ae-4ace-a4dc-55c4ce3993ce,cart,CLTH_028,148.65,2026-08-24T23:12:14.202736
8e8f1a72-9d02-4f7f-812e-28ab52b05f20,view,CLTH_018,0.0,2026-08-20 21:23:58.783205
8e8f1a72-9d02-4f7f-812e-28ab52b05f20,view,CLTH_008,0.0,2026-08-20 21:23:59.010278
d6ea31f0-4a99-43ba-8364-82717218083c,view,CLTH_018,0.0,2026-08-22T17:33:45.286421
10a14ce2-6a79-4e2d-b024-ab8150be7f3b,view,FOOD_006,0.0,2026-08-22T17:14:50.670711
a8b5f893-6a56-4f9f-b429-038b5a69def7,cart,CLTH_012,54.96,2026-08-24 20:25:47.169210
7e12728f-8e77-4093-b21e-7650a323fb12,cart,CLTH_008,94.91,2026-08-24 23:22:00.690073
1a57d526-e419-4985-b2c6-65d021f92488,cart,CLTH_008,42.08,2026-08-24T20:11:40.008674
af8c3802-1e97-4ac1-a05e-a064dc9a598f,view,ELEC_013,0.0,2026-08-18 18:58:05.603905
7c53ddd0-71fe-4919-a4fe-86d633a58eee,view,SPRT_004,0.0,2026-08-22T17:31:40.387360
8b84f738-d1da-49a1-8b35-7f03cd7992a8,view,ELEC_026,0.0,2026-08-16 16:51:44.534387
e7011402-63aa-4b75-87a9-67546325bcab,view,CLTH_015,0.0,2026-08-24 23:18:12.512397
653709fa-a965-4975-9c69-451df40148e0,purchase,ELEC_017,981.83,2026-08-20 21:15:03.410968
e04bc446-eef1-4a6c-bdd3-722ed841b5b0,view,ELEC_025,0.0,2026-08-24 21:51:29.933732
6c42b183-6d7f-4eed-9a19-89815e3d0919,view,BOOK_007,0.0,2026-08-24 23:02:15.271353
65c76bd2-c4c5-4ead-bb07-d1518810d424,view,CLTH_030,0.0,2026-08-24 21:08:42.912765
d06247ce-154f-44d2-a431-0e6def01535f,view,CLTH_026,0.0,2026-08-24 22:10:48.519600
71757292-65b2-4a18-829d-3935df050fc0,cart,CLTH_014,166.05,2026-08-18 19:15:57.184225
a4dbcca0-eaa3-4f6a-91d1-a92bc00a2c19,view,CLTH_001,0.0,2026-08-24 20:17:11.112940
82a1487d-2323-45c1-9468-a6f88d47a779,view,SPRT_004,0.0,2026-08-24T23:01:16.322234
37d1bc22-ec4f-4251-96d1-dbe0703942a7,view,ELEC_005,0.0,2026-08-19 23:32:54.215495
a3414eda-0341-4e0d-b3fa-5e873248b36a,view,BOOK_027,0.0,2026-08-22T17:35:49.075218
14652829-4c93-49cc-ac11-1084b352dbf8,purchase,BOOK_005,33.1,2026-08-24 22:16:30.846867
69ac5a58-9bcc-4f4b-bdd5-baea8549f46e,purchase,CLTH_030,33.34,2026-08-18 18:45:30.801628
0edab1bf-3255-4636-8c77-d72d54ebaa4a,purchase,BOOK_019,14.98,2026-08-18 19:13:40.913460
23563557-5b65-4775-84d2-cd11d7916afb,cart,SPRT_003,136.39,2026-08-24T22:55:58.063234
653709fa-a965-4975-9c69-451df40148e0,view,FOOD_009,0.0,2026-08-22T17:32:41.769173
0edab1bf-3255-4636-8c77-d72d54ebaa4a,cart,ELEC_014,394.75,2026-08-24T19:56:29.899114
1a57d526-e419-4985-b2c6-65d021f92488,view,CLTH_004,0.0,2026-08-20 22:02:14.205834
e04bc446-eef1-4a6c-bdd3-722ed841b5b0,view,CLTH_003,0.0,2026-08-24 21:42:12.851204
b2494169-7cd1-450a-9a6a-5bd5ce40d2fb,cart,BOOK_015,43.93,2026-08-24 21:51:34.990270
adcabb5a-9294-4e06-91d7-d5fb55987582,cart,BOOK_009,43.56,2026-08-24T19:48:10.201190
7e12728f-8e77-4093-b21e-7650a323fb12,view,CLTH_021,0.0,2026-08-24 23:10:52.070188
7cecad85-4914-4af5-863e-309987695976,view,CLTH_009,0.0,2026-08-24 21:44:27.232762
a4dbcca0-eaa3-4f6a-91d1-a92bc00a2c19,view,CLTH_006,0.0,2026-08-24 20:51:48.898275
2123f5ae-14df-4e5d-92db-1157b83c002d,cart,CLTH_004,103.53,2026-08-19 23:32:56.839922
1683fa13-caae-47d0-876d-5cd63161b109,cart,ELEC_018,261.89,2026-08-24T20:08:21.290311
91f30dc2-d42e-403d-8f92-452cf0c2e83b,view,FOOD_029,0.0,2026-08-22T17:09:04.417521
80fc42f8-36e7-494e-ab68-ae41fa2c75c1,view,BOOK_005,0.0,2026-08-20 21:09:45.419713
fcd6fe57-c144-4e2e-a82f-44cb7df85d3f,view,CLTH_021,0.0,2026-08-20 21:12:12.618861
1d21b537-35e3-49e4-ad04-fb64e3a6b0d7,view,BOOK_027,0.0,2026-08-23T19:38:07.025108
65c76bd2-c4c5-4ead-bb07-d1518810d424,view,CLTH_003,0.0,2026-08-24 20:15:55.021717
b4508ad1-61c3-4913-9b0d-9e62d1e31a6c,cart,ELEC_001,796.65,2026-08-20T21:13:35.177793
d0ee500b-2986-4393-8222-e3a34f6829c5,view,CLTH_001,0.0,2026-08-22 17:46:35.674067
b8626474-9939-4b22-b12e-52c5f4b4739c,view,ELEC_017,0.0,2026-08-18 18:54:08.889239
5ecfc98a-922a-4821-a19c-74739ea9d49c,view,CLTH_008,0.0,2026-08-24 21:43:26.436789
fc029a04-be52-486b-8b8f-0f1b173d81fb,purchase,CLTH_003,215.29,2026-08-18 19:15:32.197324
653709fa-a965-4975-9c69-451df40148e0,view,CLTH_027,0.0,2026-08-20T21:34:00.148864
a8b5f893-6a56-4f9f-b429-038b5a69def7,purchase,CLTH_030,39.65,2026-08-24 19:42:07.825914
93a77f89-bfd1-4c5d-9caf-af8b44e15eb1,purchase,BOOK_016,29.68,2026-08-24T22:08:40.929702
fc18b9b9-0790-45c2-9bd4-39c8c166b7ff,view,BOOK_007,0.0,2026-08-24T21:16:33.535792
c3a42c72-fedb-4267-9e12-4a4cf7defb1e,view,FOOD_019,0.0,2026-08-28 18:21:33.425743
3ad97fa8-650a-449e-819a-7461929db15a,view,BOOK_024,0.0,2026-08-20 21:54:47.475316
b3b7ea67-75e4-433b-a906-fd0202ed49b3,view,CLTH_007,0.0,2026-08-24T21:39:08.874303
589c5997-fc90-4737-b2a5-e4271fdf4a9d,view,CLTH_018,0.0,2026-08-22 17:06:45.598084
c56998f4-a438-484c-8b0c-b80c399f6fcd,view,CLTH_003,0.0,2026-08-24 20:06:53.176579
0f4db5c7-beaf-4757-b8cf-f156b73fe4d5,view,SPRT_030,0.0,2026-08-20 21:55:43.479219
32d60b7b-0ecd-4d77-ad93-8db6a14c6708,view,BOOK_021,0.0,2026-08-16 10:32:42.689654
7973f2a9-cd05-4d96-a6a3-b5bcbfe5a807,view,CLTH_010,0.0,2026-08-24 20:15:53.435173
c6da6198-1302-4f3b-98d8-59f524206a5a,view,CLTH_023,0.0,2026-08-24 20:27:48.313644
b4a0963f-da4e-401b-b39a-2668f972529c,view,SPRT_020,0.0,2026-08-24 20:42:50.227057
204cd583-e18f-4356-afbd-560a95e5e55d,view,FOOD_019,0.0,2026-08-24T22:44:41.442455
4f3b1ab5-91ca-43a2-a8bb-715dd0866ccb,purchase,FOOD_023,44.05,2026-08-18T19:06:34.638660
71f3d5de-38b0-4ad5-ad46-2524000b3c16,view,BOOK_013,0.0,2026-08-19 23:34:20.110354
b8626474-9939-4b22-b12e-52c5f4b4739c,view,SPRT_020,0.0,2026-08-18 18:50:15.005507
1683fa13-caae-47d0-876d-5cd63161b109,view,CLTH_009,0.0,2026-08-15 19:45:58.755404
c9613b65-fafa-42cc-9af8-32f87936384f,view,ELEC_022,0.0,2026-08-24T21:37:56.927885
fad4b01a-17f0-4665-bba4-9d851ec619c6,view,CLTH_022,0.0,2026-08-28 18:21:05.773028
b4a0963f-da4e-401b-b39a-2668f972529c,view,SPRT_003,0.0,2026-08-24 20:49:32.990743
b1143e5d-1e1f-426c-aaa8-ab647f0ea967,cart,CLTH_027,72.26,2026-08-24T19:43:59.576627
e9af50c7-3916-48bf-9def-f8eae8db79ee,view,ELEC_004,0.0,2026-08-24T21:20:36.489768
9d82dbcc-f68b-4045-b84a-79b4d7103eeb,view,SPRT_016,0.0,2026-08-22 17:40:21.414422
d06247ce-154f-44d2-a431-0e6def01535f,view,CLTH_018,0.0,2026-08-24 22:31:41.411792
272d6b5f-aeca-485e-a4ba-1a5689f647ac,view,FOOD_010,0.0,2026-08-24 20:23:44.019245
9f729b04-6f80-4dae-9824-921396cc0ee2,view,BOOK_025,0.0,2026-08-24 21:04:37.287907
c56998f4-a438-484c-8b0c-b80c399f6fcd,view,BOOK_017,0.0,2026-08-24 19:42:24.076771
d06247ce-154f-44d2-a431-0e6def01535f,view,CLTH_014,0.0,2026-08-24 22:00:45.035510
37d1bc22-ec4f-4251-96d1-dbe0703942a7,view,ELEC_024,0.0,2026-08-19 23:28:09.357164
1916909e-6c68-4b12-a792-b099fef763bb,cart,SPRT_005,84.28,2026-08-22T17:12:11.351040
adcabb5a-9294-4e06-91d7-d5fb55987582,view,FOOD_016,0.0,2026-08-18T18:50:21.084989
07e00408-a9f3-4a26-bb10-653e27ee1d69,view,BOOK_011,0.0,2026-08-28T18:11:41.566165
0518f406-1bcc-4201-9400-4d13c068296b,view,SPRT_008,0.0,2026-08-16T16:42:24.256370
543ac2a0-bac7-4614-b90f-a2421cc42c64,purchase,FOOD_005,88.22,2026-08-20 21:38:14.562733
97fbfdf2-f064-4feb-aa62-d6344df19395,view,ELEC_015,0.0,2026-08-16 10:29:06.605013
ecb51178-8afe-4ba9-bd61-87e0a416554b,view,ELEC_007,0.0,2026-08-24T22:30:39.235037
0d5c42ed-4461-4096-8503-c9de6cbe237f,view,FOOD_007,0.0,2026-08-24T20:58:46.848704
fc663667-5a7c-4583-8210-a39d89c8784d,cart,BOOK_005,29.5,2026-08-18 18:45:12.569722
151d1b6b-31e9-4c3a-98ee-7ebc527bc572,view,ELEC_024,0.0,2026-08-22 17:58:13.258768
e2c33043-9769-445e-bba4-3c9295d886e7,view,CLTH_029,0.0,2026-08-24T21:39:10.744049
b568b56b-df03-4a6f-ae89-4908c2685971,purchase,BOOK_001,29.55,2026-08-20 21:34:23.052404
82a1487d-2323-45c1-9468-a6f88d47a779,view,FOOD_030,0.0,2026-08-24 20:27:08.398559
41a5862d-9a23-4007-82f3-890ced6bb4d9,view,SPRT_012,0.0,2026-08-22 17:39:44.352754
2123f5ae-14df-4e5d-92db-1157b83c002d,view,CLTH_027,0.0,2026-08-19 23:27:35.442535
1916909e-6c68-4b12-a792-b099fef763bb,purchase,BOOK_017,15.93,2026-08-18T19:17:13.248063
653709fa-a965-4975-9c69-451df40148e0,view,CLTH_020,0.0,2026-08-22T17:55:53.532095
dced3396-f014-4b63-b43e-ce29d91fae35,view,SPRT_001,0.0,2026-08-19 23:21:14.916928
ab5beedd-73b7-43f0-8900-2fda346c8941,cart,FOOD_021,56.8,2026-08-24T19:43:59.407942
9b70e162-3f36-46cd-87f4-65153d82f93c,view,CLTH_026,0.0,2026-08-19 23:30:08.745534
37d1bc22-ec4f-4251-96d1-dbe0703942a7,purchase,ELEC_005,1088.07,2026-08-19 23:24:44.139781
559449e8-4daf-4cae-863c-369e59d25d8b,view,ELEC_016,0.0,2026-08-23T19:37:35.136132
0a2f3d10-ae64-4472-a673-478e6650e204,view,FOOD_029,0.0,2026-08-16 16:36:49.502514
99e329dd-777c-4afe-bc50-366ecd0bd177,view,ELEC_028,0.0,2026-08-22 17:45:13.522349
3cd39961-1811-4043-81ca-ab2b96896334,view,SPRT_018,0.0,2026-08-16T16:41:54.084445
d13300b8-b21a-4b42-b229-1237697e4e3f,view,SPRT_019,0.0,2026-08-24T19:46:04.672321
91f30dc2-d42e-403d-8f92-452cf0c2e83b,view,CLTH_025,0.0,2026-08-16 16:51:15.655477
eba03b4f-7d0a-498d-a823-db63123d559a,view,BOOK_026,0.0,2026-08-24T19:47:07.411545
b32648f7-5c8a-4360-9d8d-e4d9d9c805e6,view,SPRT_028,0.0,2026-08-20 21:50:08.073089
544c32f4-a10e-44ff-a0d5-6f8b523e593a,view,SPRT_010,0.0,2026-08-24T22:57:11.985597
a96f1d3a-763c-4bc2-9e7d-20d3463261d5,view,ELEC_001,0.0,2026-08-15 19:42:08.751738
9d82dbcc-f68b-4045-b84a-79b4d7103eeb,view,SPRT_007,0.0,2026-08-24T22:25:37.715980
6c42b183-6d7f-4eed-9a19-89815e3d0919,view,BOOK_022,0.0,2026-08-24T22:59:29.728665
b69f6df3-4ae7-4861-8236-88b969e91529,view,CLTH_012,0.0,2026-08-20 21:21:55.959229
272d6b5f-aeca-485e-a4ba-1a5689f647ac,view,CLTH_003,0.0,2026-08-24 19:52:11.121090
097603f7-ef8e-4380-83ce-337ce6b52a59,view,BOOK_010,0.0,2026-08-24 22:54:56.976343
f11171cf-dcb7-41e6-88b3-5078456085ff,view,CLTH_011,0.0,2026-08-19T23:33:43.370907
fc663667-5a7c-4583-8210-a39d89c8784d,view,FOOD_026,0.0,2026-08-18 19:03:32.127611
3c8208eb-982f-4c25-aeb6-1d676d8c95fd,view,CLTH_014,0.0,2026-08-24T23:23:29.229954
103b446e-bac3-42b5-96ca-727662d099e1,view,BOOK_027,0.0,2026-08-20 21:12:41.180856
7cecad85-4914-4af5-863e-309987695976,view,CLTH_005,0.0,2026-08-24 22:13:01.480214
8889c320-1f19-4bac-9c31-b9218acbf5b5,cart,ELEC_028,760.22,2026-08-24 23:15:03.718250
653709fa-a965-4975-9c69-451df40148e0,purchase,ELEC_024,167.32,2026-08-20 21:14:19.922820
3ad97fa8-650a-449e-819a-7461929db15a,view,FOOD_004,0.0,2026-08-20 21:49:53.650190
6c42b183-6d7f-4eed-9a19-89815e3d0919,view,SPRT_017,0.0,2026-08-24 22:57:15.684195
6c42b183-6d7f-4eed-9a19-89815e3d0919,view,ELEC_006,0.0,2026-08-24 21:43:15.919195
90d1b635-2c2c-4335-a6a6-3088257c3e28,cart,CLTH_015,89.46,2026-08-23 19:45:21.095848
ddc313fb-bc63-47e5-ac3f-b9d1d5a703a1,view,CLTH_018,0.0,2026-08-24 21:57:55.590596
7c53ddd0-71fe-4919-a4fe-86d633a58eee,view,ELEC_013,0.0,2026-08-22T17:08:33.067377
7cecad85-4914-4af5-863e-309987695976,view,CLTH_025,0.0,2026-08-24 21:38:09.882649
fb452d33-32d2-4fc8-a50d-278f74455526,view,FOOD_015,0.0,2026-08-24T22:20:34.836903
07e00408-a9f3-4a26-bb10-653e27ee1d69,view,CLTH_029,0.0,2026-08-24 22:56:05.357794
4af16b18-bb80-4ce1-83fd-eeced79f6030,cart,FOOD_024,58.32,2026-08-16 16:42:26.937619
a96f1d3a-763c-4bc2-9e7d-20d3463261d5,view,FOOD_010,0.0,2026-08-20T21:20:53.966448
d83aca8e-5d41-4fc0-992e-a9dc27732931,view,BOOK_005,0.0,2026-08-23T19:42:50.127136
c4713941-ca5c-48bf-b915-cdf679cdff13,view,FOOD_007,0.0,2026-08-20 21:57:44.673991
3cd39961-1811-4043-81ca-ab2b96896334,view,BOOK_017,0.0,2026-08-22T17:47:56.840776
97fbfdf2-f064-4feb-aa62-d6344df19395,cart,ELEC_013,555.73,2026-08-24T19:56:30.752746
ff8790c1-759e-4f9e-bb08-6f9a3d420448,view,CLTH_021,0.0,2026-08-18T19:17:47.993649
204cd583-e18f-4356-afbd-560a95e5e55d,view,CLTH_009,0.0,2026-08-24 20:26:28.493993
85a19fd8-54ae-4ace-a4dc-55c4ce3993ce,view,BOOK_006,0.0,2026-08-24 21:55:02.144595
28dee375-acb0-4efe-91a1-27bd967ca56b,purchase,CLTH_018,172.96,2026-08-22 17:31:49.636761
d06247ce-154f-44d2-a431-0e6def01535f,view,CLTH_026,0.0,2026-08-24 21:28:42.856777
fb452d33-32d2-4fc8-a50d-278f74455526,view,SPRT_013,0.0,2026-08-24T21:01:14.875804
3298c361-8531-49e3-8652-5f10ff038a49,view,SPRT_024,0.0,2026-08-16 10:36:10.275218
d9c0cd62-7da2-407f-b24f-c9887c0b8ae6,view,SPRT_006,0.0,2026-08-22T17:14:16.244509
6c42b183-6d7f-4eed-9a19-89815e3d0919,view,ELEC_026,0.0,2026-08-24 22:40:02.071718
6c42b183-6d7f-4eed-9a19-89815e3d0919,view,ELEC_015,0.0,2026-08-24 22:38:15.308239
c6ad3b1a-879f-46e9-b4df-c61479de62ea,view,BOOK_003,0.0,2026-08-19T23:24:59.958267
fcd6fe57-c144-4e2e-a82f-44cb7df85d3f,view,FOOD_018,0.0,2026-08-23T19:57:11.026762
23563557-5b65-4775-84d2-cd11d7916afb,cart,SPRT_006,398.85,2026-08-20 21:13:15.319890
c6da6198-1302-4f3b-98d8-59f524206a5a,view,ELEC_001,0.0,2026-08-24 20:29:33.071937
046701a6-5a53-43dc-aa26-d68a19f6cb9e,view,CLTH_014,0.0,2026-08-18 18:59:20.583065
00f663e7-4a3e-49a4-a200-c3c06ef5259a,cart,FOOD_009,40.68,2026-08-24T20:58:53.259551
c56998f4-a438-484c-8b0c-b80c399f6fcd,purchase,BOOK_010,61.24,2026-08-24 20:56:49.453397
d114b438-0792-4d73-8753-b9578ba409a3,view,SPRT_014,0.0,2026-08-20T21:10:31.373803
e9af50c7-3916-48bf-9def-f8eae8db79ee,view,ELEC_012,0.0,2026-08-24T21:54:14.107386
60fa3dee-9722-469f-9ede-8581e64a5dc8,view,SPRT_016,0.0,2026-08-20T21:55:24.311814
e7011402-63aa-4b75-87a9-67546325bcab,view,CLTH_024,0.0,2026-08-24 22:37:32.395630
27a943f0-74c1-47d4-a697-2bf5d20625d8,view,CLTH_002,0.0,2026-08-24 20:41:00.203389
77765993-45c5-4be1-9161-1885f032fc20,view,ELEC_013,0.0,2026-08-22 17:32:03.648584
c56998f4-a438-484c-8b0c-b80c399f6fcd,view,BOOK_026,0.0,2026-08-24 20:33:50.294215
c6da6198-1302-4f3b-98d8-59f524206a5a,view,CLTH_005,0.0,2026-08-24 20:46:24.543564
a8b5f893-6a56-4f9f-b429-038b5a69def7,view,ELEC_005,0.0,2026-08-24T22:56:38.617686
9f729b04-6f80-4dae-9824-921396cc0ee2,view,BOOK_009,0.0,2026-08-24 19:55:40.659477
65c76bd2-c4c5-4ead-bb07-d1518810d424,purchase,CLTH_026,333.27,2026-08-24 19:37:21.436699
ddc313fb-bc63-47e5-ac3f-b9d1d5a703a1,view,ELEC_006,0.0,2026-08-24 21:28:10.109114
d2393a76-e7aa-4917-8d1a-eaea77151dd0,purchase,ELEC_026,835.71,2026-08-24T20:08:18.439946
1342dc6b-765d-46f2-b62a-ae0cc1bedb78,view,SPRT_016,0.0,2026-08-24 21:57:41.824319
d0ee500b-2986-4393-8222-e3a34f6829c5,view,CLTH_029,0.0,2026-08-22 17:50:28.976234
6faa3f2f-4722-4384-8e2e-1ba697d518a4,view,ELEC_007,0.0,2026-08-18 18:53:24.904728
204cd583-e18f-4356-afbd-560a95e5e55d,view,CLTH_020,0.0,2026-08-24 20:28:01.207594
77765993-45c5-4be1-9161-1885f032fc20,view,ELEC_021,0.0,2026-08-22 17:46:21.070142
07e00408-a9f3-4a26-bb10-653e27ee1d69,view,CLTH_011,0.0,2026-08-24 22:35:52.160432
37d1bc22-ec4f-4251-96d1-dbe0703942a7,view,ELEC_026,0.0,2026-08-19 23:20:52.832678
1f1fb1c5-8a0f-4b64-8261-f51ffc33db1f,view,BOOK_015,0.0,2026-08-24T19:42:56.380034
b42cbda4-175b-43b3-b494-d6e9be8d779f,view,BOOK_007,0.0,2026-08-28T18:15:22.038064
b43786c5-4ef6-4017-a344-22b26bcbd3c5,view,SPRT_020,0.0,2026-08-24T22:30:39.149599
13298c19-921e-4ab7-b2fe-45b88f1e8621,view,CLTH_012,0.0,2026-08-28T18:11:43.304777
7533f6a3-2d5e-454c-a7d4-5a213a566a6a,view,ELEC_024,0.0,2026-08-23T19:37:34.675276
18af9202-01b4-42d9-a7a8-a3fd40d77ea7,view,ELEC_015,0.0,2026-08-20T21:46:16.140041
e04bc446-eef1-4a6c-bdd3-722ed841b5b0,view,CLTH_003,0.0,2026-08-24 22:29:10.403593
ecb51178-8afe-4ba9-bd61-87e0a416554b,view,ELEC_014,0.0,2026-08-18 19:15:06.200136
66f9e642-1674-468a-884b-55c6f9a06472,view,CLTH_007,0.0,2026-08-24T20:22:16.523252
5ecfc98a-922a-4821-a19c-74739ea9d49c,cart,CLTH_003,110.02,2026-08-24 21:47:02.353467
b4a0963f-da4e-401b-b39a-2668f972529c,view,SPRT_012,0.0,2026-08-24 20:34:59.108647
8fcaffd8-3597-4d9c-a4b0-7a878ba44f67,cart,FOOD_004,51.86,2026-08-20 22:02:19.557371
2d7c90c3-0788-41c8-b160-06e19f4406f6,view,FOOD_011,0.0,2026-08-24 22:02:03.366843
8648af4d-7a61-4fed-84ea-10895f513822,view,ELEC_029,0.0,2026-08-24T22:10:20.031769
9527030a-454f-418b-9265-43c29b277831,view,BOOK_016,0.0,2026-08-18 19:22:25.584996
f40f2fc0-4990-4c42-b190-23976cdaf79f,cart,ELEC_029,326.36,2026-08-16 16:50:29.869528
e7011402-63aa-4b75-87a9-67546325bcab,cart,CLTH_015,44.52,2026-08-24 22:24:53.817451
b42cbda4-175b-43b3-b494-d6e9be8d779f,view,ELEC_027,0.0,2026-08-24T19:43:59.194383
800f664d-f662-49db-9420-27bde33160de,view,FOOD_002,0.0,2026-08-16 10:35:11.926754
9ea41e68-c710-4b07-b2ae-6bbf22342547,view,BOOK_029,0.0,2026-08-24T21:17:44.287824
48fdb41c-6451-4813-9e73-3326f54170f7,view,ELEC_014,0.0,2026-08-22T17:41:35.463826
85a19fd8-54ae-4ace-a4dc-55c4ce3993ce,view,BOOK_026,0.0,2026-08-24 21:38:06.737144
37d1bc22-ec4f-4251-96d1-dbe0703942a7,view,ELEC_017,0.0,2026-08-19 23:32:54.461714
8889c320-1f19-4bac-9c31-b9218acbf5b5,purchase,ELEC_022,575.93,2026-08-24 22:09:23.209378
3ad97fa8-650a-449e-819a-7461929db15a,view,FOOD_027,0.0,2026-08-20 21:57:32.135113
9ea41e68-c710-4b07-b2ae-6bbf22342547,view,CLTH_019,0.0,2026-08-16 10:46:40.335373
7a84b978-cc6b-49c8-8bba-b1f87d39615a,view,BOOK_025,0.0,2026-08-24 22:09:38.318974
3298c361-8531-49e3-8652-5f10ff038a49,view,SPRT_003,0.0,2026-08-16 10:33:53.883761
8c9bf60c-9d81-434e-9a6f-73c2800925e8,view,FOOD_015,0.0,2026-08-22T17:09:35.335789
875ce581-da9f-4374-b891-e1b0a538923e,view,FOOD_014,0.0,2026-08-22T17:50:08.756572
9527030a-454f-418b-9265-43c29b277831,view,BOOK_028,0.0,2026-08-18 19:22:25.520470
d2393a76-e7aa-4917-8d1a-eaea77151dd0,view,FOOD_010,0.0,2026-08-20 21:09:16.650283
7c876903-8503-4e64-91da-9f12ea161fac,cart,BOOK_013,28.66,2026-08-24 23:21:56.000405
65c76bd2-c4c5-4ead-bb07-d1518810d424,view,CLTH_005,0.0,2026-08-24 20:20:12.566569
292aa98d-2159-46e5-86b7-ebb3da08accd,view,SPRT_022,0.0,2026-08-24T19:43:59.345581
b42cbda4-175b-43b3-b494-d6e9be8d779f,view,FOOD_015,0.0,2026-08-16 16:37:55.221435
8b84f738-d1da-49a1-8b35-7f03cd7992a8,view,SPRT_017,0.0,2026-08-28T18:23:21.820585
b43786c5-4ef6-4017-a344-22b26bcbd3c5,view,SPRT_010,0.0,2026-08-24 21:14:53.418302
fad4b01a-17f0-4665-bba4-9d851ec619c6,view,CLTH_014,0.0,2026-08-28 18:21:05.823597
c6b1433c-fd3a-4b37-a002-e3213ac67574,view,FOOD_011,0.0,2026-08-24 22:59:19.488240
b92588da-f188-45e0-9358-9c955d88bc5a,view,BOOK_016,0.0,2026-08-22T17:08:02.595817
7973f2a9-cd05-4d96-a6a3-b5bcbfe5a807,view,CLTH_014,0.0,2026-08-24 21:10:39.520772
800f664d-f662-49db-9420-27bde33160de,view,CLTH_004,0.0,2026-08-18T18:55:36.341231
544c32f4-a10e-44ff-a0d5-6f8b523e593a,view,CLTH_022,0.0,2026-08-24T19:54:25.500695
8fcaffd8-3597-4d9c-a4b0-7a878ba44f67,view,ELEC_022,0.0,2026-08-24T22:49:42.520236
a3414eda-0341-4e0d-b3fa-5e873248b36a,view,SPRT_006,0.0,2026-08-16 10:34:36.025860
60fa3dee-9722-469f-9ede-8581e64a5dc8,view,BOOK_021,0.0,2026-08-24T19:49:44.205389
b43786c5-4ef6-4017-a344-22b26bcbd3c5,view,SPRT_016,0.0,2026-08-24 20:08:38.728302
fb452d33-32d2-4fc8-a50d-278f74455526,view,FOOD_014,0.0,2026-08-24T20:29:24.131083
37d1bc22-ec4f-4251-96d1-dbe0703942a7,view,FOOD_024,0.0,2026-08-24T21:48:37.143976
80a44646-6c7e-488e-8f96-dda9667f62bf,view,FOOD_005,0.0,2026-08-24 20:04:04.299287
82a1487d-2323-45c1-9468-a6f88d47a779,view,FOOD_024,0.0,2026-08-24 21:18:21.872910
39916c2e-f0f0-4c72-b753-c93c5f6c48e5,view,CLTH_023,0.0,2026-08-16 10:47:37.440333
1916909e-6c68-4b12-a792-b099fef763bb,cart,CLTH_024,192.24,2026-08-16 10:41:06.105055
07e00408-a9f3-4a26-bb10-653e27ee1d69,view,CLTH_001,0.0,2026-08-24 22:53:27.481119
875ce581-da9f-4374-b891-e1b0a538923e,view,CLTH_024,0.0,2026-08-20 21:33:30.760058
3eae1b1f-da2f-40b7-883b-ad6d9a3673eb,purchase,SPRT_008,221.19,2026-08-24T22:58:21.691942
204cd583-e18f-4356-afbd-560a95e5e55d,view,FOOD_010,0.0,2026-08-24T21:16:33.284341
a3634e75-35f0-488a-8732-1b93cdcb1099,purchase,SPRT_005,135.18,2026-08-18T18:53:58.467624
c9613b65-fafa-42cc-9af8-32f87936384f,view,SPRT_030,0.0,2026-08-20T21:14:37.279500
097603f7-ef8e-4380-83ce-337ce6b52a59,view,BOOK_025,0.0,2026-08-24 22:52:36.758978
e7011402-63aa-4b75-87a9-67546325bcab,view,CLTH_016,0.0,2026-08-24 23:03:18.503352
1683fa13-caae-47d0-876d-5cd63161b109,view,CLTH_005,0.0,2026-08-24T20:33:48.865493
caf220a7-85eb-4fa4-a33b-8c246570b167,view,FOOD_013,0.0,2026-08-20T21:10:31.046848
fc663667-5a7c-4583-8210-a39d89c8784d,view,ELEC_021,0.0,2026-08-22T17:14:17.715471
911f18bb-7379-4bbe-b85b-b8bf25af64bf,view,BOOK_022,0.0,2026-08-22T17:08:02.602459
e04bc446-eef1-4a6c-bdd3-722ed841b5b0,view,CLTH_003,0.0,2026-08-24 23:16:40.083909
79486124-ceb2-4f91-bf0f-378b69ecb64c,view,ELEC_007,0.0,2026-08-22 17:25:27.112856
9527030a-454f-418b-9265-43c29b277831,cart,BOOK_009,49.91,2026-08-18 19:11:08.861561
272d6b5f-aeca-485e-a4ba-1a5689f647ac,cart,ELEC_010,567.47,2026-08-24 19:50:24.866137
e9af50c7-3916-48bf-9def-f8eae8db79ee,view,FOOD_007,0.0,2026-08-24T22:23:21.622978
b92588da-f188-45e0-9358-9c955d88bc5a,view,SPRT_018,0.0,2026-08-20T21:47:18.164019
f2ff3438-5f87-4245-8466-82e57f5edb6d,view,SPRT_001,0.0,2026-08-24 07:51:33.014677
32d60b7b-0ecd-4d77-ad93-8db6a14c6708,view,BOOK_010,0.0,2026-08-16 10:29:16.988685
18af9202-01b4-42d9-a7a8-a3fd40d77ea7,view,SPRT_024,0.0,2026-08-18 19:15:55.160613
b568b56b-df03-4a6f-ae89-4908c2685971,purchase,CLTH_008,309.81,2026-08-20 21:41:32.371180
046701a6-5a53-43dc-aa26-d68a19f6cb9e,view,CLTH_028,0.0,2026-08-18 19:03:32.801547
e2d48b75-546c-497a-95bd-14034b8f808a,purchase,BOOK_019,30.84,2026-08-22 17:37:17.893296
a3414eda-0341-4e0d-b3fa-5e873248b36a,view,CLTH_024,0.0,2026-08-16T10:33:35.751402
e9af50c7-3916-48bf-9def-f8eae8db79ee,view,BOOK_020,0.0,2026-08-24 19:37:33.184554
fbc03b87-c84c-4ae3-872c-c3f001033c41,view,SPRT_024,0.0,2026-08-18 18:56:08.121233
69f815db-b5d3-4690-abf5-ffb8d11bd744,cart,BOOK_018,66.22,2026-08-22T17:55:53.852240
28dee375-acb0-4efe-91a1-27bd967ca56b,purchase,CLTH_013,247.83,2026-08-22 17:36:32.070983
54dbe932-4af2-4f72-a46d-126eccaec63d,view,ELEC_026,0.0,2026-08-20T21:12:03.610134
df6ef7b8-0a49-4e99-b1d7-860b83fad018,view,BOOK_009,0.0,2026-08-23 19:51:23.462517
dd0c2035-e21b-4a2f-aa23-2bb8b37e125d,cart,ELEC_005,134.1,2026-08-22T17:14:18.746914
c6da6198-1302-4f3b-98d8-59f524206a5a,view,BOOK_023,0.0,2026-08-24 19:45:30.643832
b4a0963f-da4e-401b-b39a-2668f972529c,view,SPRT_007,0.0,2026-08-24 21:23:29.956036
0a2f3d10-ae64-4472-a673-478e6650e204,cart,BOOK_025,10.02,2026-08-18T19:17:13.668803
0499cbb0-f1ab-4ff4-bdac-9b47815a9b3a,view,CLTH_027,0.0,2026-08-23 19:51:04.650191
79486124-ceb2-4f91-bf0f-378b69ecb64c,view,FOOD_030,0.0,2026-08-24T23:11:38.700661
272d6b5f-aeca-485e-a4ba-1a5689f647ac,view,ELEC_005,0.0,2026-08-24 19:49:51.186189
204cd583-e18f-4356-afbd-560a95e5e55d,view,FOOD_004,0.0,2026-08-24 21:00:14.085216
272d6b5f-aeca-485e-a4ba-1a5689f647ac,view,ELEC_019,0.0,2026-08-24 20:07:03.632863
c4713941-ca5c-48bf-b915-cdf679cdff13,purchase,FOOD_003,33.87,2026-08-20 21:57:44.598355
af8c3802-1e97-4ac1-a05e-a064dc9a598f,view,FOOD_025,0.0,2026-08-24T22:48:02.285140
838d67a1-4adc-4bef-834d-defa67fe3762,view,CLTH_006,0.0,2026-08-24 21:40:09.718430
718814b5-9a30-4643-8cfb-a460a60999ba,view,CLTH_013,0.0,2026-08-24 19:38:36.452058
b69f6df3-4ae7-4861-8236-88b969e91529,cart,CLTH_013,28.87,2026-08-20 21:17:56.061311
103b446e-bac3-42b5-96ca-727662d099e1,view,SPRT_017,0.0,2026-08-20 21:07:30.319702
53cf9005-c315-44bf-8b90-ee836dc0ab1f,cart,CLTH_010,159.83,2026-08-23 19:38:14.035528
e0fd2345-d654-4429-9d48-e2b1544bc0ee,purchase,FOOD_010,54.79,2026-08-24T22:11:00.026410
07974040-0d6e-4dd2-a06d-09236cb2f439,view,CLTH_026,0.0,2026-08-24T23:12:16.217442
61887664-7787-4a05-aa10-f242d15e7b6f,view,FOOD_009,0.0,2026-08-22 17:57:05.114244
8cb1b203-1ae6-415f-a049-61e42090ef5e,view,CLTH_019,0.0,2026-08-24T21:56:28.815649
2989c566-bd71-49e2-8d10-a60c615ee48b,view,SPRT_011,0.0,2026-08-23 19:42:34.515588
b2494169-7cd1-450a-9a6a-5bd5ce40d2fb,purchase,BOOK_021,15.12,2026-08-24 22:41:13.313273
b2b6e8f7-a7a2-4a38-8be3-f154118f5196,view,BOOK_024,0.0,2026-08-22 17:56:50.001733
7533f6a3-2d5e-454c-a7d4-5a213a566a6a,view,BOOK_001,0.0,2026-08-20 21:29:57.546969
28dee375-acb0-4efe-91a1-27bd967ca56b,cart,SPRT_026,316.68,2026-08-23T19:44:55.303146
e04bc446-eef1-4a6c-bdd3-722ed841b5b0,view,CLTH_011,0.0,2026-08-24 22:24:08.239283
097603f7-ef8e-4380-83ce-337ce6b52a59,view,BOOK_023,0.0,2026-08-24 21:37:20.167239
fb5c4430-55ab-46c5-9e83-bae524560811,view,FOOD_020,0.0,2026-08-24 19:57:09.029992
9d0d11a0-2dfb-4923-bdc0-dfc343ba35f6,view,CLTH_027,0.0,2026-08-28 18:08:32.342553
f40f2fc0-4990-4c42-b190-23976cdaf79f,view,ELEC_022,0.0,2026-08-19T23:35:17.978789
80fc42f8-36e7-494e-ab68-ae41fa2c75c1,view,BOOK_015,0.0,2026-08-20 21:24:52.516197
d572cc22-f568-4269-a4ca-75bae22243da,view,FOOD_011,0.0,2026-08-28T18:10:22.080154
204cd583-e18f-4356-afbd-560a95e5e55d,view,FOOD_016,0.0,2026-08-24 19:46:02.279610
ddc313fb-bc63-47e5-ac3f-b9d1d5a703a1,view,FOOD_023,0.0,2026-08-24 22:28:43.410202
fb452d33-32d2-4fc8-a50d-278f74455526,view,SPRT_022,0.0,2026-08-23T19:35:28.542000
85a19fd8-54ae-4ace-a4dc-55c4ce3993ce,purchase,FOOD_018,14.95,2026-08-24 21:52:43.120893
d2393a76-e7aa-4917-8d1a-eaea77151dd0,view,CLTH_008,0.0,2026-08-24T20:21:11.819426
f45f43f0-f972-4f1b-bef3-8f2297f88dfc,purchase,ELEC_005,246.36,2026-08-22T17:14:17.706512
07974040-0d6e-4dd2-a06d-09236cb2f439,view,FOOD_017,0.0,2026-08-24 22:41:01.112257
49d7c508-82b8-424a-9f56-f23225a308fb,view,FOOD_003,0.0,2026-08-23 19:49:03.821978
e3576704-b8db-4482-a571-018fedb94275,view,FOOD_008,0.0,2026-08-19T23:27:32.787546
01c8f8b9-4fbf-44a7-8919-178beaceb074,view,SPRT_021,0.0,2026-08-23 19:36:40.488902
8b84f738-d1da-49a1-8b35-7f03cd7992a8,view,FOOD_013,0.0,2026-08-16 16:41:13.007736
abdf77fe-de5b-4e52-955c-aeb34086fb6c,view,SPRT_017,0.0,2026-08-24T21:49:11.915575
a4dbcca0-eaa3-4f6a-91d1-a92bc00a2c19,view,CLTH_021,0.0,2026-08-24 21:06:41.130709
540dfba9-6872-43b1-945d-a3584b72aa30,view,SPRT_010,0.0,2026-08-24T21:59:49.791501
fcd6fe57-c144-4e2e-a82f-44cb7df85d3f,view,CLTH_014,0.0,2026-08-20 21:10:26.982500
9f5699e8-c821-4444-b570-668a4eedcb12,view,ELEC_015,0.0,2026-08-23T19:48:38.805544
c6da6198-1302-4f3b-98d8-59f524206a5a,view,CLTH_018,0.0,2026-08-24T22:04:47.889948
e04bc446-eef1-4a6c-bdd3-722ed841b5b0,view,CLTH_001,0.0,2026-08-24 22:26:04.095873
85a19fd8-54ae-4ace-a4dc-55c4ce3993ce,view,SPRT_009,0.0,2026-08-24 21:34:38.178539
27ab56fc-882d-4198-a735-9f9394cf678a,purchase,CLTH_012,311.25,2026-08-20T21:10:31.181760
e04bc446-eef1-4a6c-bdd3-722ed841b5b0,view,CLTH_030,0.0,2026-08-24 21:38:23.657456
f3af5df4-61dc-4244-8833-1ec5806b8ea1,cart,SPRT_021,418.76,2026-08-28T18:10:21.991140
69ac5a58-9bcc-4f4b-bdd5-baea8549f46e,view,CLTH_010,0.0,2026-08-18 18:51:58.379156
ddc313fb-bc63-47e5-ac3f-b9d1d5a703a1,view,ELEC_027,0.0,2026-08-24 22:15:22.830344
0518f406-1bcc-4201-9400-4d13c068296b,view,FOOD_012,0.0,2026-08-22T17:04:39.979091
b43786c5-4ef6-4017-a344-22b26bcbd3c5,purchase,ELEC_008,902.48,2026-08-24 20:25:17.281173
2274347f-b34b-404e-a7d4-6dc6d0edcb82,view,ELEC_015,0.0,2026-08-24 07:51:05.830893
65c76bd2-c4c5-4ead-bb07-d1518810d424,view,CLTH_002,0.0,2026-08-24 20:25:06.610975
b8a5374c-c93d-4c0c-83c8-6ecb467838ed,view,ELEC_004,0.0,2026-08-16 16:41:21.941903
06ef8987-2209-4f91-b32e-b826d451f567,view,CLTH_014,0.0,2026-08-22T17:41:03.673943
204cd583-e18f-4356-afbd-560a95e5e55d,view,CLTH_008,0.0,2026-08-24 20:28:01.291419
71757292-65b2-4a18-829d-3935df050fc0,view,SPRT_003,0.0,2026-08-24T21:49:11.766819
15371891-3d67-4bbe-a227-0aa843960503,view,CLTH_012,0.0,2026-08-24 21:43:44.415689
af8c3802-1e97-4ac1-a05e-a064dc9a598f,purchase,SPRT_028,273.43,2026-08-20T21:13:35.108032
b2494169-7cd1-450a-9a6a-5bd5ce40d2fb,view,BOOK_009,0.0,2026-08-24 22:06:53.840761
28dee375-acb0-4efe-91a1-27bd967ca56b,view,CLTH_001,0.0,2026-08-22 17:46:56.574755
48fdb41c-6451-4813-9e73-3326f54170f7,view,CLTH_011,0.0,2026-08-20T21:42:38.704852
f11171cf-dcb7-41e6-88b3-5078456085ff,view,BOOK_015,0.0,2026-08-18 19:04:37.784766
ecef0a71-9256-43e0-bf92-91fc8ffffcf4,view,SPRT_014,0.0,2026-08-24 21:21:47.364369
0e5061dd-6477-4b0b-baf1-80f9eca14fcd,view,BOOK_021,0.0,2026-08-19 23:23:26.973603
df6ef7b8-0a49-4e99-b1d7-860b83fad018,purchase,CLTH_030,232.7,2026-08-23 19:51:56.298353
d83aca8e-5d41-4fc0-992e-a9dc27732931,cart,CLTH_023,47.87,2026-08-24T21:07:54.960931
653709fa-a965-4975-9c69-451df40148e0,purchase,ELEC_015,114.06,2026-08-20 21:15:03.159799
9b7e7aee-079a-4bab-8c71-badadf83bdcd,view,SPRT_026,0.0,2026-08-20 21:27:36.743722
097603f7-ef8e-4380-83ce-337ce6b52a59,view,BOOK_030,0.0,2026-08-24 22:49:52.628339
65c76bd2-c4c5-4ead-bb07-d1518810d424,view,CLTH_017,0.0,2026-08-24 20:19:28.851698
e6b69773-e22a-4015-9c79-bca0c2f25059,purchase,ELEC_017,846.6,2026-08-28 18:15:02.760379
d2393a76-e7aa-4917-8d1a-eaea77151dd0,view,CLTH_006,0.0,2026-08-20 21:12:57.081388
dfcc5694-8acb-4c2d-b506-2b27c83b45a2,view,BOOK_010,0.0,2026-08-23T19:41:17.166967
9b7e7aee-079a-4bab-8c71-badadf83bdcd,view,SPRT_026,0.0,2026-08-20 21:19:53.549623
91f30dc2-d42e-403d-8f92-452cf0c2e83b,view,CLTH_008,0.0,2026-08-20T21:15:38.815565
838d67a1-4adc-4bef-834d-defa67fe3762,view,FOOD_021,0.0,2026-08-24 22:53:22.748466
9f729b04-6f80-4dae-9824-921396cc0ee2,view,BOOK_014,0.0,2026-08-24 19:42:50.608015
2989c566-bd71-49e2-8d10-a60c615ee48b,view,BOOK_009,0.0,2026-08-23 19:44:03.771429
8889c320-1f19-4bac-9c31-b9218acbf5b5,cart,ELEC_011,685.95,2026-08-24 22:04:26.344064
e17430b1-f78e-48ab-b1f9-1432b3b7be18,cart,CLTH_010,188.51,2026-08-28 18:17:52.904567
0bbfa7f7-fdca-4164-bc87-12ea9a76d7ed,cart,CLTH_001,200.73,2026-08-24T20:57:34.740922
82d633b4-757d-4728-bde5-8b3fde30c280,view,BOOK_003,0.0,2026-08-24 07:51:41.126620
50e381b2-5e82-4228-ba7a-86669f6ade13,view,FOOD_003,0.0,2026-08-24T21:22:15.456040
0bb810c4-b32d-43c2-92f3-84a8460ad2f6,view,FOOD_028,0.0,2026-08-20 21:55:18.540390
97fb0cad-ce2c-4c09-a49a-903e0f094869,view,CLTH_016,0.0,2026-08-19 23:33:29.514535
b2494169-7cd1-450a-9a6a-5bd5ce40d2fb,view,BOOK_018,0.0,2026-08-24 22:23:35.680359
01c8f8b9-4fbf-44a7-8919-178beaceb074,view,ELEC_022,0.0,2026-08-23T19:49:10.041262
c8e0f50d-4298-44da-ac25-229ba2271015,view,FOOD_029,0.0,2026-08-24T22:13:51.163164
103b446e-bac3-42b5-96ca-727662d099e1,view,CLTH_015,0.0,2026-08-24T20:53:40.993977
c6da6198-1302-4f3b-98d8-59f524206a5a,view,CLTH_019,0.0,2026-08-24 21:22:41.135737
2989c566-bd71-49e2-8d10-a60c615ee48b,view,SPRT_030,0.0,2026-08-23 19:35:41.709450
653709fa-a965-4975-9c69-451df40148e0,purchase,CLTH_019,173.34,2026-08-20 21:17:27.735906
3a163339-db2f-495c-b9bd-a2c97e622b2d,view,SPRT_016,0.0,2026-08-24 22:43:18.280729
60fa3dee-9722-469f-9ede-8581e64a5dc8,view,FOOD_004,0.0,2026-08-20T21:20:20.274630
a169dc99-f3d9-4a6d-be74-c528e84e184c,view,BOOK_019,0.0,2026-08-23T19:40:46.250259
00f663e7-4a3e-49a4-a200-c3c06ef5259a,view,FOOD_007,0.0,2026-08-22 17:12:01.508812
99e329dd-777c-4afe-bc50-366ecd0bd177,view,FOOD_017,0.0,2026-08-22 17:37:11.398961
7a84b978-cc6b-49c8-8bba-b1f87d39615a,cart,CLTH_005,142.7,2026-08-24 21:55:14.732934
ff8790c1-759e-4f9e-bb08-6f9a3d420448,view,FOOD_024,0.0,2026-08-15 19:45:18.264643
27ab56fc-882d-4198-a735-9f9394cf678a,view,FOOD_024,0.0,2026-08-24T20:49:48.921274
2b7a7e25-b43d-4e89-885b-98379448cec0,view,SPRT_019,0.0,2026-08-24 07:51:49.363388
3298c361-8531-49e3-8652-5f10ff038a49,view,SPRT_013,0.0,2026-08-16 10:36:00.146139
fb5c4430-55ab-46c5-9e83-bae524560811,view,FOOD_016,0.0,2026-08-24 21:11:27.825325
9b70e162-3f36-46cd-87f4-65153d82f93c,view,SPRT_030,0.0,2026-08-19 23:28:41.454320
6c42b183-6d7f-4eed-9a19-89815e3d0919,view,ELEC_016,0.0,2026-08-24 22:40:02.208723
3ad97fa8-650a-449e-819a-7461929db15a,view,FOOD_014,0.0,2026-08-20 22:02:46.121041
eedeb7be-443c-4607-a98b-a6928f11d578,view,ELEC_013,0.0,2026-08-22 17:47:27.706283
667c54aa-2a15-439e-9d2b-29339b87e1b4,cart,SPRT_005,233.29,2026-08-24T22:35:10.396593
dced3396-f014-4b63-b43e-ce29d91fae35,view,BOOK_020,0.0,2026-08-24T21:31:46.310596
d8955fd2-ab39-4aaa-aa00-af2f627b88eb,purchase,SPRT_017,49.72,2026-08-23T20:01:35.766910
b2494169-7cd1-450a-9a6a-5bd5ce40d2fb,cart,BOOK_007,19.46,2026-08-24 22:40:15.153347
caf220a7-85eb-4fa4-a33b-8c246570b167,view,BOOK_004,0.0,2026-08-24T22:56:33.501585
27a943f0-74c1-47d4-a697-2bf5d20625d8,view,CLTH_024,0.0,2026-08-24 20:00:22.545684
5ecfc98a-922a-4821-a19c-74739ea9d49c,cart,CLTH_013,100.75,2026-08-24 22:18:41.389828
aaaa38a6-7d37-4a0f-a0ae-a18daa98f586,view,FOOD_018,0.0,2026-08-16 16:49:32.471884
1916909e-6c68-4b12-a792-b099fef763bb,view,CLTH_002,0.0,2026-08-16 10:41:06.032641
272d6b5f-aeca-485e-a4ba-1a5689f647ac,view,CLTH_012,0.0,2026-08-24T21:37:19.747826
c56998f4-a438-484c-8b0c-b80c399f6fcd,cart,BOOK_006,44.48,2026-08-24 19:51:13.306137
b4a0963f-da4e-401b-b39a-2668f972529c,view,FOOD_009,0.0,2026-08-24 19:39:49.614803
1342dc6b-765d-46f2-b62a-ae0cc1bedb78,view,SPRT_026,0.0,2026-08-24 21:56:20.367143
07e00408-a9f3-4a26-bb10-653e27ee1d69,view,CLTH_023,0.0,2026-08-24 23:16:41.310794
07974040-0d6e-4dd2-a06d-09236cb2f439,view,FOOD_011,0.0,2026-08-24 23:19:54.440524
1342dc6b-765d-46f2-b62a-ae0cc1bedb78,view,SPRT_021,0.0,2026-08-24 22:15:13.962287
d13300b8-b21a-4b42-b229-1237697e4e3f,view,CLTH_018,0.0,2026-08-18T18:51:22.330168
fb5c4430-55ab-46c5-9e83-bae524560811,view,FOOD_029,0.0,2026-08-24 19:43:33.340288
80a44646-6c7e-488e-8f96-dda9667f62bf,view,BOOK_023,0.0,2026-08-24 21:22:24.203162
9d0d11a0-2dfb-4923-bdc0-dfc343ba35f6,view,CLTH_011,0.0,2026-08-28 18:18:10.024208
559449e8-4daf-4cae-863c-369e59d25d8b,view,SPRT_025,0.0,2026-08-20 21:14:10.729363
718814b5-9a30-4643-8cfb-a460a60999ba,view,CLTH_018,0.0,2026-08-24 19:49:28.253001
c6da6198-1302-4f3b-98d8-59f524206a5a,view,CLTH_025,0.0,2026-08-24 19:58:58.287510
9f5699e8-c821-4444-b570-668a4eedcb12,view,CLTH_013,0.0,2026-08-19 23:35:47.524183
b32648f7-5c8a-4360-9d8d-e4d9d9c805e6,view,SPRT_018,0.0,2026-08-22T17:05:48.479512
6c42b183-6d7f-4eed-9a19-89815e3d0919,cart,SPRT_006,167.13,2026-08-24 22:00:09.146141
7c53ddd0-71fe-4919-a4fe-86d633a58eee,view,BOOK_027,0.0,2026-08-24T23:22:17.002233
33cba815-f157-4c79-818d-2ebbda04e88a,purchase,CLTH_028,233.23,2026-08-20T21:20:20.587973
90d1b635-2c2c-4335-a6a6-3088257c3e28,view,CLTH_018,0.0,2026-08-23 19:43:10.846439
77765993-45c5-4be1-9161-1885f032fc20,view,ELEC_005,0.0,2026-08-22 17:42:50.287811
a169dc99-f3d9-4a6d-be74-c528e84e184c,purchase,CLTH_011,149.05,2026-08-22T17:04:40.283029
27ab56fc-882d-4198-a735-9f9394cf678a,view,CLTH_015,0.0,2026-08-18 19:22:18.202017
204cd583-e18f-4356-afbd-560a95e5e55d,view,CLTH_028,0.0,2026-08-24T21:55:53.328195
c6b1433c-fd3a-4b37-a002-e3213ac67574,view,FOOD_030,0.0,2026-08-24 21:38:13.618313
8648af4d-7a61-4fed-84ea-10895f513822,view,ELEC_001,0.0,2026-08-22T17:55:22.118072
7c876903-8503-4e64-91da-9f12ea161fac,view,ELEC_006,0.0,2026-08-24 22:25:45.521041
66d4157a-bf38-4bb0-a7c2-bd5652cd2a1d,view,CLTH_021,0.0,2026-08-24 07:51:35.655986
33cba815-f157-4c79-818d-2ebbda04e88a,view,CLTH_014,0.0,2026-08-20 21:28:20.843902
9d82dbcc-f68b-4045-b84a-79b4d7103eeb,view,SPRT_027,0.0,2026-08-22 17:36:37.625794
97fbfdf2-f064-4feb-aa62-d6344df19395,view,ELEC_009,0.0,2026-08-16 10:30:41.314960
aaaa38a6-7d37-4a0f-a0ae-a18daa98f586,view,FOOD_008,0.0,2026-08-16 16:47:32.684380
18af9202-01b4-42d9-a7a8-a3fd40d77ea7,purchase,SPRT_016,347.52,2026-08-18 19:15:55.251170
23563557-5b65-4775-84d2-cd11d7916afb,view,FOOD_024,0.0,2026-08-22T17:41:03.688746
3fb2fa2a-b4d2-485d-acd8-9cc11c7a142c,view,CLTH_009,0.0,2026-08-23T19:35:28.571477
103b446e-bac3-42b5-96ca-727662d099e1,view,ELEC_023,0.0,2026-08-24T20:08:18.654161
85a19fd8-54ae-4ace-a4dc-55c4ce3993ce,view,BOOK_006,0.0,2026-08-24 22:38:39.125281
5ecfc98a-922a-4821-a19c-74739ea9d49c,view,BOOK_005,0.0,2026-08-28T18:12:18.371702
48fdb41c-6451-4813-9e73-3326f54170f7,view,BOOK_021,0.0,2026-08-24T23:17:31.698962
d13300b8-b21a-4b42-b229-1237697e4e3f,view,ELEC_014,0.0,2026-08-19T23:35:17.849855
8c1f2c4f-fcb2-4456-8fb7-b41a9931e230,view,FOOD_020,0.0,2026-08-20 21:12:05.835805
7c876903-8503-4e64-91da-9f12ea161fac,purchase,SPRT_021,549.05,2026-08-24 21:34:29.812873
d06247ce-154f-44d2-a431-0e6def01535f,purchase,CLTH_027,225.63,2026-08-24 21:42:16.428688
c56998f4-a438-484c-8b0c-b80c399f6fcd,purchase,BOOK_010,23.46,2026-08-24 20:20:00.388586
e04bc446-eef1-4a6c-bdd3-722ed841b5b0,view,CLTH_028,0.0,2026-08-24 22:44:48.318423
204cd583-e18f-4356-afbd-560a95e5e55d,view,CLTH_016,0.0,2026-08-24 20:22:06.260202
65c76bd2-c4c5-4ead-bb07-d1518810d424,purchase,ELEC_017,834.04,2026-08-24 19:55:43.731148
b4a0963f-da4e-401b-b39a-2668f972529c,view,SPRT_025,0.0,2026-08-24 20:46:50.954047
4bcc35c7-0c0f-40c6-81ef-9290c390c8ae,view,CLTH_006,0.0,2026-08-24T22:40:46.584676
d37ca1f9-a758-4fcd-abd0-8a4b28290823,view,ELEC_028,0.0,2026-08-22 17:59:52.007841
e04bc446-eef1-4a6c-bdd3-722ed841b5b0,cart,ELEC_006,628.51,2026-08-24 21:43:20.017900
fc18b9b9-0790-45c2-9bd4-39c8c166b7ff,view,ELEC_007,0.0,2026-08-16 10:42:24.191263
272d6b5f-aeca-485e-a4ba-1a5689f647ac,view,ELEC_006,0.0,2026-08-24 19:41:52.147156
c77bbe8e-c4e4-45cf-8110-985d1be43d91,view,SPRT_028,0.0,2026-08-24T22:55:59.352558
a3634e75-35f0-488a-8732-1b93cdcb1099,view,CLTH_013,0.0,2026-08-28T18:24:39.070130
a4dbcca0-eaa3-4f6a-91d1-a92bc00a2c19,purchase,CLTH_008,296.61,2026-08-24 19:43:57.842214
7cecad85-4914-4af5-863e-309987695976,view,CLTH_009,0.0,2026-08-24 22:07:55.955495
b43786c5-4ef6-4017-a344-22b26bcbd3c5,purchase,SPRT_027,98.62,2026-08-24 20:28:08.152750
15371891-3d67-4bbe-a227-0aa843960503,view,ELEC_003,0.0,2026-08-24T22:50:52.950360
e3576704-b8db-4482-a571-018fedb94275,view,CLTH_028,0.0,2026-08-16 16:45:16.165216
eedeb7be-443c-4607-a98b-a6928f11d578,view,ELEC_017,0.0,2026-08-22 17:47:27.781000
d30fc382-e140-48b8-8038-bd17100271c2,view,FOOD_026,0.0,2026-08-22 17:59:16.613947
54dbe932-4af2-4f72-a46d-126eccaec63d,view,ELEC_022,0.0,2026-08-20T21:12:03.610134
c8dffba8-f979-4950-9e7a-d9a5f39abcf6,cart,BOOK_011,41.75,2026-08-23 19:45:28.035347
7973f2a9-cd05-4d96-a6a3-b5bcbfe5a807,view,CLTH_010,0.0,2026-08-24 19:42:45.808074
980e4d69-7354-43f4-bc44-99fc0146226f,view,CLTH_005,0.0,2026-08-16 10:37:45.015697
d30fc382-e140-48b8-8038-bd17100271c2,view,CLTH_022,0.0,2026-08-22T17:53:18.908089
194d41b2-19c9-4faa-8a3b-c33649c1679f,view,FOOD_027,0.0,2026-08-20 21:45:12.396950
7cecad85-4914-4af5-863e-309987695976,view,CLTH_002,0.0,2026-08-24 22:54:22.230719
0edab1bf-3255-4636-8c77-d72d54ebaa4a,purchase,FOOD_015,74.98,2026-08-24T21:48:37.014736
d0083a3b-3cf2-48a7-b1a4-f12398d8bd7f,view,CLTH_007,0.0,2026-08-20 21:34:47.300882
7c2e1788-86da-4c9e-8f5a-63e49fc287ed,view,FOOD_030,0.0,2026-08-19 23:27:38.047600
9f729b04-6f80-4dae-9824-921396cc0ee2,view,FOOD_028,0.0,2026-08-24T22:39:39.400239
272d6b5f-aeca-485e-a4ba-1a5689f647ac,view,ELEC_008,0.0,2026-08-24 20:24:05.088889
a4dbcca0-eaa3-4f6a-91d1-a92bc00a2c19,purchase,CLTH_020,281.23,2026-08-24 20:54:28.664445
28dee375-acb0-4efe-91a1-27bd967ca56b,view,ELEC_028,0.0,2026-08-24T20:38:45.534552
1da3875f-fb74-46c6-93c5-51e782d226a2,cart,BOOK_015,10.32,2026-08-28 18:17:54.786916
4f3b1ab5-91ca-43a2-a8bb-715dd0866ccb,cart,SPRT_013,374.83,2026-08-16 16:42:56.610334
90d1b635-2c2c-4335-a6a6-3088257c3e28,view,SPRT_020,0.0,2026-08-24T22:20:01.192287
60fa3dee-9722-469f-9ede-8581e64a5dc8,view,CLTH_004,0.0,2026-08-20 21:17:32.910355
14652829-4c93-49cc-ac11-1084b352dbf8,view,BOOK_029,0.0,2026-08-24 22:16:30.744674
eba03b4f-7d0a-498d-a823-db63123d559a,purchase,ELEC_029,560.7,2026-08-24T20:13:56.525480
d8955fd2-ab39-4aaa-aa00-af2f627b88eb,purchase,BOOK_011,26.32,2026-08-15 19:42:49.129099
37d1bc22-ec4f-4251-96d1-dbe0703942a7,view,ELEC_020,0.0,2026-08-19 23:28:09.276148
dfcc5694-8acb-4c2d-b506-2b27c83b45a2,cart,CLTH_020,161.74,2026-08-20 21:08:28.511515
b43786c5-4ef6-4017-a344-22b26bcbd3c5,view,SPRT_018,0.0,2026-08-24 19:55:49.044112
00f663e7-4a3e-49a4-a200-c3c06ef5259a,view,BOOK_017,0.0,2026-08-23T19:37:34.495692
64e03740-f8e2-4f17-a9d2-9dd1950f9c9f,cart,FOOD_007,15.35,2026-08-28 18:17:14.108841
dfcc5694-8acb-4c2d-b506-2b27c83b45a2,purchase,SPRT_005,150.75,2026-08-22T17:47:59.330787
6a581879-1f83-493a-9878-091eb0021ada,view,CLTH_022,0.0,2026-08-24 07:50:58.182725
07e00408-a9f3-4a26-bb10-653e27ee1d69,view,CLTH_020,0.0,2026-08-24 23:16:41.180927
fb452d33-32d2-4fc8-a50d-278f74455526,view,SPRT_010,0.0,2026-08-28T18:15:57.517121
16a45d1c-fcb0-44ee-be9c-1c14c693e1c8,cart,SPRT_030,222.18,2026-08-24 19:37:13.068710
fad4b01a-17f0-4665-bba4-9d851ec619c6,view,CLTH_024,0.0,2026-08-28 18:06:49.334242
fcd6fe57-c144-4e2e-a82f-44cb7df85d3f,view,CLTH_028,0.0,2026-08-20 21:19:46.867674
e04bc446-eef1-4a6c-bdd3-722ed841b5b0,view,ELEC_004,0.0,2026-08-24 22:14:39.332622
6c3c15bf-f979-4e58-b0fd-6ec9f2b75027,view,CLTH_028,0.0,2026-08-22 17:16:37.864776
46b4a363-670a-4824-bdea-bffd85562f0b,purchase,CLTH_015,258.93,2026-08-24T19:42:56.304384
dcd98015-a110-4e4e-bffd-2db821ce770a,view,SPRT_008,0.0,2026-08-18 19:20:39.092812
51d3a51e-39d5-4fa8-ad25-bc0cc1c2a3a8,view,BOOK_015,0.0,2026-08-20 21:56:09.528341
204cd583-e18f-4356-afbd-560a95e5e55d,view,CLTH_005,0.0,2026-08-24 20:00:17.491234
544c32f4-a10e-44ff-a0d5-6f8b523e593a,view,SPRT_021,0.0,2026-08-24T20:09:59.542356
559449e8-4daf-4cae-863c-369e59d25d8b,cart,FOOD_006,20.93,2026-08-20 21:18:41.159187
097603f7-ef8e-4380-83ce-337ce6b52a59,cart,FOOD_007,39.86,2026-08-24 23:10:11.142138
272d6b5f-aeca-485e-a4ba-1a5689f647ac,view,ELEC_024,0.0,2026-08-24 20:12:09.144959
911f18bb-7379-4bbe-b85b-b8bf25af64bf,purchase,CLTH_007,51.0,2026-08-22T17:33:44.959918
6c42b183-6d7f-4eed-9a19-89815e3d0919,view,ELEC_004,0.0,2026-08-24 21:43:16.112107
fad4b01a-17f0-4665-bba4-9d851ec619c6,view,CLTH_009,0.0,2026-08-28 18:05:10.390871
9ea41e68-c710-4b07-b2ae-6bbf22342547,view,FOOD_019,0.0,2026-08-24T20:40:23.449706
2ca3ba80-c4ea-48a9-9d49-ec547b2177a2,cart,CLTH_029,124.92,2026-08-18 19:17:26.725802
80a44646-6c7e-488e-8f96-dda9667f62bf,view,CLTH_023,0.0,2026-08-24 19:35:04.259410
eba03b4f-7d0a-498d-a823-db63123d559a,cart,ELEC_024,763.51,2026-08-22T17:14:16.723348
99e329dd-777c-4afe-bc50-366ecd0bd177,view,FOOD_011,0.0,2026-08-22 17:37:11.432775
800f664d-f662-49db-9420-27bde33160de,view,CLTH_007,0.0,2026-08-16 10:38:36.693987
c6da6198-1302-4f3b-98d8-59f524206a5a,view,CLTH_023,0.0,2026-08-24 20:35:13.855559
65c76bd2-c4c5-4ead-bb07-d1518810d424,view,CLTH_004,0.0,2026-08-24 20:32:22.814595
807ffd32-2ef3-4a31-a89a-238c366b264b,view,CLTH_013,0.0,2026-08-24 22:07:16.227812
8e8f1a72-9d02-4f7f-812e-28ab52b05f20,cart,SPRT_016,297.38,2026-08-22T17:50:42.025594
85a19fd8-54ae-4ace-a4dc-55c4ce3993ce,view,BOOK_015,0.0,2026-08-24 22:05:55.381603
2123f5ae-14df-4e5d-92db-1157b83c002d,view,CLTH_004,0.0,2026-08-19 23:27:35.232584
3eae1b1f-da2f-40b7-883b-ad6d9a3673eb,view,CLTH_013,0.0,2026-08-24 22:37:01.473693
66f9e642-1674-468a-884b-55c6f9a06472,view,CLTH_017,0.0,2026-08-24T20:55:53.058965
e04bc446-eef1-4a6c-bdd3-722ed841b5b0,view,CLTH_016,0.0,2026-08-24 21:56:13.444940
60fa3dee-9722-469f-9ede-8581e64a5dc8,view,SPRT_013,0.0,2026-08-20 21:07:31.498156
e6053f2d-d150-4835-ad5a-bada8eceb969,cart,SPRT_011,373.92,2026-08-28T18:09:13.931298
16a45d1c-fcb0-44ee-be9c-1c14c693e1c8,purchase,FOOD_029,91.87,2026-08-24 19:54:53.890052
b3b7ea67-75e4-433b-a906-fd0202ed49b3,view,ELEC_023,0.0,2026-08-20 21:46:39.743150
1f1fb1c5-8a0f-4b64-8261-f51ffc33db1f,view,CLTH_004,0.0,2026-08-23T19:38:07.079309
39916c2e-f0f0-4c72-b753-c93c5f6c48e5,cart,SPRT_011,93.3,2026-08-24T22:55:56.577671
9b70e162-3f36-46cd-87f4-65153d82f93c,view,SPRT_028,0.0,2026-08-28T18:24:01.178685
1a57d526-e419-4985-b2c6-65d021f92488,view,CLTH_026,0.0,2026-08-20 22:01:05.460177
5ecfc98a-922a-4821-a19c-74739ea9d49c,view,CLTH_007,0.0,2026-08-24T21:39:12.068044
6c42b183-6d7f-4eed-9a19-89815e3d0919,view,ELEC_013,0.0,2026-08-24 22:32:23.765271
acececef-4ab4-44e7-8ba4-dc1b3db1b57b,cart,CLTH_007,62.83,2026-08-19 23:31:28.721757
2d7c90c3-0788-41c8-b160-06e19f4406f6,view,FOOD_009,0.0,2026-08-24 23:04:23.592753
caf220a7-85eb-4fa4-a33b-8c246570b167,view,FOOD_023,0.0,2026-08-18T18:55:04.435414
e7011402-63aa-4b75-87a9-67546325bcab,purchase,CLTH_025,63.96,2026-08-24 21:42:26.541047
1342dc6b-765d-46f2-b62a-ae0cc1bedb78,view,SPRT_009,0.0,2026-08-24 22:49:28.286275
28dee375-acb0-4efe-91a1-27bd967ca56b,view,CLTH_005,0.0,2026-08-22 17:52:23.923016
6a581879-1f83-493a-9878-091eb0021ada,view,SPRT_010,0.0,2026-08-24 07:51:00.410697
5170d1a9-568e-4884-8b9a-e998a6411fc9,view,SPRT_025,0.0,2026-08-22 17:34:35.073666
b4a0963f-da4e-401b-b39a-2668f972529c,view,SPRT_006,0.0,2026-08-24 20:24:49.872230
60fa3dee-9722-469f-9ede-8581e64a5dc8,view,CLTH_001,0.0,2026-08-20 21:27:42.014760
dced3396-f014-4b63-b43e-ce29d91fae35,view,ELEC_022,0.0,2026-08-20T21:36:32.782448
2d7c90c3-0788-41c8-b160-06e19f4406f6,view,FOOD_013,0.0,2026-08-24 23:10:41.575641
60fa3dee-9722-469f-9ede-8581e64a5dc8,view,CLTH_026,0.0,2026-08-20 21:08:03.984701
6a581879-1f83-493a-9878-091eb0021ada,view,ELEC_026,0.0,2026-08-24T20:32:07.865333
4f3b1ab5-91ca-43a2-a8bb-715dd0866ccb,cart,CLTH_013,162.97,2026-08-23T19:57:14.322198
c6da6198-1302-4f3b-98d8-59f524206a5a,view,FOOD_009,0.0,2026-08-24T21:07:50.147243
b42cbda4-175b-43b3-b494-d6e9be8d779f,cart,CLTH_030,151.74,2026-08-24T20:57:34.996743
37d1bc22-ec4f-4251-96d1-dbe0703942a7,cart,ELEC_018,464.27,2026-08-24T21:37:54.841927
97fb0cad-ce2c-4c09-a49a-903e0f094869,cart,CLTH_010,24.8,2026-08-24T21:56:30.009289
7c53ddd0-71fe-4919-a4fe-86d633a58eee,view,SPRT_015,0.0,2026-08-20 21:12:43.647833
64e03740-f8e2-4f17-a9d2-9dd1950f9c9f,view,FOOD_020,0.0,2026-08-28 18:17:14.003535
b2494169-7cd1-450a-9a6a-5bd5ce40d2fb,cart,BOOK_025,12.67,2026-08-24 21:46:50.227348
204cd583-e18f-4356-afbd-560a95e5e55d,view,CLTH_006,0.0,2026-08-24 19:39:21.859361
7e12728f-8e77-4093-b21e-7650a323fb12,cart,CLTH_010,125.94,2026-08-24 21:33:53.517131
64e03740-f8e2-4f17-a9d2-9dd1950f9c9f,cart,FOOD_018,40.02,2026-08-28 18:07:43.599676
0518f406-1bcc-4201-9400-4d13c068296b,cart,ELEC_030,101.68,2026-08-22T17:45:49.994397
807ffd32-2ef3-4a31-a89a-238c366b264b,view,CLTH_006,0.0,2026-08-24 22:54:08.233464
a6a3df8c-d39a-4527-8306-9fc8f5e2ac32,view,FOOD_003,0.0,2026-08-28T18:09:48.566304
14652829-4c93-49cc-ac11-1084b352dbf8,view,BOOK_025,0.0,2026-08-24 21:35:15.668968
80a44646-6c7e-488e-8f96-dda9667f62bf,view,BOOK_013,0.0,2026-08-24 20:01:13.436606
c77bbe8e-c4e4-45cf-8110-985d1be43d91,cart,BOOK_008,48.03,2026-08-18 19:18:00.919051
e9af50c7-3916-48bf-9def-f8eae8db79ee,cart,SPRT_011,238.57,2026-08-24 19:38:35.639030
f40f2fc0-4990-4c42-b190-23976cdaf79f,view,ELEC_022,0.0,2026-08-16 16:41:05.559034
82a1487d-2323-45c1-9468-a6f88d47a779,view,FOOD_009,0.0,2026-08-24 20:00:53.614071
a96f1d3a-763c-4bc2-9e7d-20d3463261d5,view,SPRT_013,0.0,2026-08-20T21:11:02.222526
91f30dc2-d42e-403d-8f92-452cf0c2e83b,view,CLTH_017,0.0,2026-08-16 16:40:08.849219
50e381b2-5e82-4228-ba7a-86669f6ade13,view,BOOK_021,0.0,2026-08-18T19:17:14.258499
aaaa38a6-7d37-4a0f-a0ae-a18daa98f586,view,SPRT_001,0.0,2026-08-16 16:52:06.858721
8c1f2c4f-fcb2-4456-8fb7-b41a9931e230,view,FOOD_026,0.0,2026-08-22T17:13:45.261474
50e381b2-5e82-4228-ba7a-86669f6ade13,cart,CLTH_007,113.19,2026-08-20T21:11:32.928695
8cdacff9-37d6-4442-84bc-6ae90cf25759,purchase,FOOD_009,62.85,2026-08-23 19:45:29.696626
3a163339-db2f-495c-b9bd-a2c97e622b2d,view,ELEC_002,0.0,2026-08-24 22:32:43.635312
796609d9-7739-4166-ab01-9a72c52c20a7,view,SPRT_001,0.0,2026-08-23 19:43:37.629859
17bb18d0-1b6c-4045-9b62-754e463aabd2,view,CLTH_017,0.0,2026-08-28 18:06:02.360456
151d1b6b-31e9-4c3a-98ee-7ebc527bc572,cart,SPRT_018,223.3,2026-08-22 17:41:15.496631
45be79ad-8040-4559-be25-1a4737d5bdec,view,SPRT_002,0.0,2026-08-24T20:15:38.473990
800f664d-f662-49db-9420-27bde33160de,view,CLTH_019,0.0,2026-08-16 10:28:43.457205
8889c320-1f19-4bac-9c31-b9218acbf5b5,cart,ELEC_008,401.28,2026-08-24 21:58:21.109019
60fa3dee-9722-469f-9ede-8581e64a5dc8,view,FOOD_015,0.0,2026-08-24T20:49:50.594664
980e4d69-7354-43f4-bc44-99fc0146226f,cart,BOOK_024,45.16,2026-08-16T16:43:56.625402
50e381b2-5e82-4228-ba7a-86669f6ade13,view,CLTH_015,0.0,2026-08-18 19:03:14.564627
54dbe932-4af2-4f72-a46d-126eccaec63d,cart,BOOK_007,38.27,2026-08-24T21:55:54.043866
a9ef0f29-d39b-4e19-9e9d-76779cf2469d,view,SPRT_025,0.0,2026-08-20 22:02:37.144179
d30fc382-e140-48b8-8038-bd17100271c2,view,ELEC_015,0.0,2026-08-22 17:48:20.401233
5170d1a9-568e-4884-8b9a-e998a6411fc9,purchase,FOOD_013,55.23,2026-08-24T20:25:36.084756
9d82dbcc-f68b-4045-b84a-79b4d7103eeb,cart,SPRT_001,369.73,2026-08-22T17:50:41.415625
3ae7f361-dd3c-4d91-9325-4b4e1a15b0bf,view,CLTH_025,0.0,2026-08-22T17:36:21.794408
91f30dc2-d42e-403d-8f92-452cf0c2e83b,view,SPRT_016,0.0,2026-08-16 16:36:17.774050
9f6791f7-ecb4-48c0-8d76-b8e55d160f4b,view,SPRT_007,0.0,2026-08-20 21:44:19.462036
8de7eb13-8152-4611-a515-17ecfec46828,purchase,BOOK_014,71.28,2026-08-22 17:03:18.370021
097603f7-ef8e-4380-83ce-337ce6b52a59,cart,SPRT_004,61.18,2026-08-24 22:17:05.854240
53cf9005-c315-44bf-8b90-ee836dc0ab1f,view,CLTH_024,0.0,2026-08-23 19:38:25.995585
2ca3ba80-c4ea-48a9-9d49-ec547b2177a2,cart,CLTH_025,194.22,2026-08-18 19:10:14.648470
718814b5-9a30-4643-8cfb-a460a60999ba,view,FOOD_019,0.0,2026-08-28T18:12:19.841424
c6b1433c-fd3a-4b37-a002-e3213ac67574,view,FOOD_004,0.0,2026-08-24 22:45:32.200168
fc18b9b9-0790-45c2-9bd4-39c8c166b7ff,view,CLTH_011,0.0,2026-08-22T17:58:30.110910
38c90e9e-a827-4bae-9a22-50c3d3ae002c,view,FOOD_023,0.0,2026-08-20 21:15:26.153205
07e00408-a9f3-4a26-bb10-653e27ee1d69,view,SPRT_027,0.0,2026-08-24 23:16:59.324634
23563557-5b65-4775-84d2-cd11d7916afb,view,SPRT_028,0.0,2026-08-24T20:29:24.031858
48fdb41c-6451-4813-9e73-3326f54170f7,cart,SPRT_008,342.11,2026-08-16 16:52:02.665939
07e00408-a9f3-4a26-bb10-653e27ee1d69,cart,CLTH_002,113.32,2026-08-24 21:53:47.850856
fbaa2ea2-fc17-4c57-98ac-31d261b20f90,view,CLTH_005,0.0,2026-08-22T17:35:50.094710
7c876903-8503-4e64-91da-9f12ea161fac,cart,ELEC_030,487.61,2026-08-24 22:25:31.755619
7533f6a3-2d5e-454c-a7d4-5a213a566a6a,view,SPRT_011,0.0,2026-08-24T22:35:08.553446
e2c33043-9769-445e-bba4-3c9295d886e7,cart,BOOK_005,31.32,2026-08-20 21:32:23.450229
1de6f679-4161-4b5c-bd73-1f6f9760878f,view,ELEC_004,0.0,2026-08-24T19:58:04.870221
d30fc382-e140-48b8-8038-bd17100271c2,view,SPRT_014,0.0,2026-08-24T20:22:16.617623
f40f2fc0-4990-4c42-b190-23976cdaf79f,view,ELEC_009,0.0,2026-08-16 16:40:50.701833
ecef0a71-9256-43e0-bf92-91fc8ffffcf4,view,CLTH_024,0.0,2026-08-24 20:36:22.637501
b43786c5-4ef6-4017-a344-22b26bcbd3c5,purchase,CLTH_027,246.95,2026-08-24 19:38:46.963186
07e00408-a9f3-4a26-bb10-653e27ee1d69,view,ELEC_028,0.0,2026-08-28T18:08:04.926082
0f4db5c7-beaf-4757-b8cf-f156b73fe4d5,view,SPRT_020,0.0,2026-08-20 21:56:43.111586
c56998f4-a438-484c-8b0c-b80c399f6fcd,view,BOOK_005,0.0,2026-08-24 20:23:16.729160
64e03740-f8e2-4f17-a9d2-9dd1950f9c9f,view,FOOD_006,0.0,2026-08-28 18:10:10.377131
1fae450e-c559-4b3b-b193-0e83995bc876,view,FOOD_012,0.0,2026-08-20T21:14:06.583072
9f5699e8-c821-4444-b570-668a4eedcb12,view,FOOD_005,0.0,2026-08-19 23:35:36.500945
d37ca1f9-a758-4fcd-abd0-8a4b28290823,view,ELEC_019,0.0,2026-08-22 17:59:52.180394
569b2543-6e9b-4b3a-b8c1-7862801d2712,view,BOOK_016,0.0,2026-08-20 21:20:25.569331
4f3b1ab5-91ca-43a2-a8bb-715dd0866ccb,view,SPRT_010,0.0,2026-08-18T18:49:48.555922
69ac5a58-9bcc-4f4b-bdd5-baea8549f46e,view,CLTH_001,0.0,2026-08-18 18:55:37.827190
ddc313fb-bc63-47e5-ac3f-b9d1d5a703a1,view,CLTH_009,0.0,2026-08-24 22:14:06.274572
7a84b978-cc6b-49c8-8bba-b1f87d39615a,purchase,CLTH_020,322.59,2026-08-24 21:53:08.200724
9ea41e68-c710-4b07-b2ae-6bbf22342547,view,BOOK_024,0.0,2026-08-16 10:42:09.822268
fb5c4430-55ab-46c5-9e83-bae524560811,view,FOOD_020,0.0,2026-08-24 21:23:42.737235
c6da6198-1302-4f3b-98d8-59f524206a5a,view,CLTH_007,0.0,2026-08-24 21:12:24.089531
ecef0a71-9256-43e0-bf92-91fc8ffffcf4,view,CLTH_010,0.0,2026-08-24 20:12:12.906540
7e12728f-8e77-4093-b21e-7650a323fb12,view,CLTH_023,0.0,2026-08-24 23:15:08.084875
097603f7-ef8e-4380-83ce-337ce6b52a59,purchase,FOOD_015,51.34,2026-08-24T22:10:58.853584
d06247ce-154f-44d2-a431-0e6def01535f,cart,BOOK_007,20.12,2026-08-24 22:20:27.585264
9f729b04-6f80-4dae-9824-921396cc0ee2,view,FOOD_025,0.0,2026-08-24 20:33:27.470916
d114b438-0792-4d73-8753-b9578ba409a3,cart,ELEC_004,267.41,2026-08-23T19:48:38.699001
acececef-4ab4-44e7-8ba4-dc1b3db1b57b,purchase,FOOD_028,63.23,2026-08-28T18:24:41.144680
23e6833c-1e9f-4546-9ca2-5392b29eeb0c,view,BOOK_025,0.0,2026-08-22 17:39:06.828257
6faa3f2f-4722-4384-8e2e-1ba697d518a4,cart,ELEC_006,693.54,2026-08-18 19:04:08.243901
559449e8-4daf-4cae-863c-369e59d25d8b,view,FOOD_010,0.0,2026-08-20 21:18:41.045675
a4dbcca0-eaa3-4f6a-91d1-a92bc00a2c19,view,CLTH_017,0.0,2026-08-24 20:42:06.563238
fcdb2a08-2878-4a68-8159-6952bf2ae28f,view,BOOK_022,0.0,2026-08-22 17:34:17.500968
6c42b183-6d7f-4eed-9a19-89815e3d0919,view,ELEC_029,0.0,2026-08-24 22:26:00.468473
65c76bd2-c4c5-4ead-bb07-d1518810d424,view,FOOD_001,0.0,2026-08-24 20:32:58.294704
01c8f8b9-4fbf-44a7-8919-178beaceb074,view,ELEC_008,0.0,2026-08-24T20:39:17.928487
c6da6198-1302-4f3b-98d8-59f524206a5a,view,CLTH_015,0.0,2026-08-24 20:23:43.080762
e2d48b75-546c-497a-95bd-14034b8f808a,view,BOOK_017,0.0,2026-08-22 17:35:24.786723
ecef0a71-9256-43e0-bf92-91fc8ffffcf4,purchase,CLTH_001,80.37,2026-08-24 20:19:21.510914
2743b6ed-fc45-4744-8bc0-3fcfbda03d36,cart,FOOD_002,25.22,2026-08-28T18:12:56.009728
718814b5-9a30-4643-8cfb-a460a60999ba,view,CLTH_017,0.0,2026-08-24 20:00:11.766383
b4a0963f-da4e-401b-b39a-2668f972529c,view,SPRT_025,0.0,2026-08-24 20:46:50.847585
5390b8bd-cc43-4b61-8922-cc2d2033104f,view,CLTH_022,0.0,2026-08-28T18:24:00.185937
ab5beedd-73b7-43f0-8900-2fda346c8941,view,FOOD_013,0.0,2026-08-24T20:14:30.029941
7e12728f-8e77-4093-b21e-7650a323fb12,view,CLTH_026,0.0,2026-08-24 23:05:42.974746
9f729b04-6f80-4dae-9824-921396cc0ee2,view,FOOD_028,0.0,2026-08-24 19:40:10.534802
b1143e5d-1e1f-426c-aaa8-ab647f0ea967,view,SPRT_023,0.0,2026-08-24T23:10:23.644271
97fbfdf2-f064-4feb-aa62-d6344df19395,view,ELEC_013,0.0,2026-08-16T16:42:24.355312
8afb9663-be21-47d5-b7bf-d549285fa584,purchase,ELEC_007,1024.26,2026-08-16 10:29:18.429859
85a19fd8-54ae-4ace-a4dc-55c4ce3993ce,view,BOOK_025,0.0,2026-08-24 21:36:47.738704
807ffd32-2ef3-4a31-a89a-238c366b264b,cart,CLTH_009,75.34,2026-08-24 23:20:27.266720
10a14ce2-6a79-4e2d-b024-ab8150be7f3b,view,CLTH_023,0.0,2026-08-20 21:54:47.115045
d0083a3b-3cf2-48a7-b1a4-f12398d8bd7f,view,SPRT_025,0.0,2026-08-24T23:21:39.624481
b3b7ea67-75e4-433b-a906-fd0202ed49b3,view,FOOD_009,0.0,2026-08-24T21:38:30.580051
4e1b3ee7-3aba-4880-8551-3c1ff6b7eb43,purchase,BOOK_022,42.02,2026-08-28 18:13:08.296378
82a1487d-2323-45c1-9468-a6f88d47a779,cart,FOOD_009,33.83,2026-08-24 20:27:08.539741
06ef8987-2209-4f91-b32e-b826d451f567,view,BOOK_028,0.0,2026-08-18T18:52:23.613808
0bbfa7f7-fdca-4164-bc87-12ea9a76d7ed,view,ELEC_022,0.0,2026-08-18 19:19:30.973791
82a1487d-2323-45c1-9468-a6f88d47a779,cart,FOOD_019,58.01,2026-08-24 19:38:34.971283
06ef8987-2209-4f91-b32e-b826d451f567,view,BOOK_023,0.0,2026-08-24T20:07:08.519115
27a943f0-74c1-47d4-a697-2bf5d20625d8,view,CLTH_023,0.0,2026-08-24 20:17:38.801351
fc029a04-be52-486b-8b8f-0f1b173d81fb,cart,BOOK_028,25.21,2026-08-18T19:17:14.436310
f40f2fc0-4990-4c42-b190-23976cdaf79f,view,ELEC_004,0.0,2026-08-16 16:43:10.758465
ecef0a71-9256-43e0-bf92-91fc8ffffcf4,cart,SPRT_026,265.12,2026-08-28T18:11:03.041199
37d1bc22-ec4f-4251-96d1-dbe0703942a7,view,ELEC_015,0.0,2026-08-19 23:25:58.694729
c6ad3b1a-879f-46e9-b4df-c61479de62ea,cart,CLTH_024,161.01,2026-08-18 18:54:03.279739
aaaa38a6-7d37-4a0f-a0ae-a18daa98f586,view,BOOK_028,0.0,2026-08-20T21:47:18.248556
b4a0963f-da4e-401b-b39a-2668f972529c,view,SPRT_015,0.0,2026-08-24 21:18:25.456550
84411659-75b7-4910-9038-ff90e88caadf,view,FOOD_003,0.0,2026-08-23T19:53:58.248224
e2c33043-9769-445e-bba4-3c9295d886e7,cart,BOOK_003,12.2,2026-08-20 21:32:23.605367
7973f2a9-cd05-4d96-a6a3-b5bcbfe5a807,view,BOOK_013,0.0,2026-08-24T21:07:09.615406
1342dc6b-765d-46f2-b62a-ae0cc1bedb78,view,SPRT_023,0.0,2026-08-24 21:53:21.882861
ecef0a71-9256-43e0-bf92-91fc8ffffcf4,view,SPRT_020,0.0,2026-08-24T22:17:12.445462
9f6791f7-ecb4-48c0-8d76-b8e55d160f4b,view,FOOD_016,0.0,2026-08-23T19:45:57.123155
b4a0963f-da4e-401b-b39a-2668f972529c,view,SPRT_003,0.0,2026-08-24 20:46:51.176082
fbc03b87-c84c-4ae3-872c-c3f001033c41,cart,SPRT_019,140.48,2026-08-18 19:01:07.557311
0a2f3d10-ae64-4472-a673-478e6650e204,cart,CLTH_021,197.8,2026-08-24T23:12:17.053297
9b7e7aee-079a-4bab-8c71-badadf83bdcd,cart,SPRT_023,116.17,2026-08-20 21:08:49.786853
dcd98015-a110-4e4e-bffd-2db821ce770a,view,SPRT_004,0.0,2026-08-18 19:21:20.228041
32d60b7b-0ecd-4d77-ad93-8db6a14c6708,view,BOOK_005,0.0,2026-08-16 10:29:17.076841
16a45d1c-fcb0-44ee-be9c-1c14c693e1c8,view,CLTH_023,0.0,2026-08-24 20:35:18.583435
b92588da-f188-45e0-9358-9c955d88bc5a,view,SPRT_021,0.0,2026-08-20 21:17:11.162695
3a163339-db2f-495c-b9bd-a2c97e622b2d,view,FOOD_006,0.0,2026-08-24 21:37:12.751701
ecb51178-8afe-4ba9-bd61-87e0a416554b,view,ELEC_007,0.0,2026-08-18 19:21:16.910680
ecb51178-8afe-4ba9-bd61-87e0a416554b,cart,ELEC_008,309.41,2026-08-18 19:14:37.591267
7c876903-8503-4e64-91da-9f12ea161fac,view,CLTH_019,0.0,2026-08-24 22:11:50.531818
559449e8-4daf-4cae-863c-369e59d25d8b,purchase,SPRT_028,420.7,2026-08-20 21:14:10.830614
559449e8-4daf-4cae-863c-369e59d25d8b,purchase,ELEC_013,1170.55,2026-08-20 21:08:37.707095
7cecad85-4914-4af5-863e-309987695976,cart,CLTH_006,23.43,2026-08-24 22:05:10.965575
875ce581-da9f-4374-b891-e1b0a538923e,cart,CLTH_024,106.45,2026-08-20 21:47:57.197100
194d41b2-19c9-4faa-8a3b-c33649c1679f,purchase,FOOD_023,48.89,2026-08-20 21:45:12.352564
45be79ad-8040-4559-be25-1a4737d5bdec,view,FOOD_018,0.0,2026-08-24 20:36:07.820644
6faa3f2f-4722-4384-8e2e-1ba697d518a4,view,ELEC_020,0.0,2026-08-20T21:43:40.294418
a4dbcca0-eaa3-4f6a-91d1-a92bc00a2c19,view,CLTH_024,0.0,2026-08-24 20:16:35.295256
16a45d1c-fcb0-44ee-be9c-1c14c693e1c8,purchase,BOOK_018,51.72,2026-08-24 19:52:54.539703
7973f2a9-cd05-4d96-a6a3-b5bcbfe5a807,view,CLTH_017,0.0,2026-08-24 20:04:43.300642
e3576704-b8db-4482-a571-018fedb94275,view,FOOD_015,0.0,2026-08-16 16:45:04.173062
b8626474-9939-4b22-b12e-52c5f4b4739c,view,ELEC_008,0.0,2026-08-18 18:53:14.929778
1683fa13-caae-47d0-876d-5cd63161b109,purchase,CLTH_024,70.06,2026-08-15 19:44:26.654162
27a943f0-74c1-47d4-a697-2bf5d20625d8,purchase,CLTH_013,263.96,2026-08-24 21:00:53.351584
eedeb7be-443c-4607-a98b-a6928f11d578,view,CLTH_020,0.0,2026-08-28T18:21:25.643899
559449e8-4daf-4cae-863c-369e59d25d8b,view,FOOD_003,0.0,2026-08-20T21:10:31.711623
e17430b1-f78e-48ab-b1f9-1432b3b7be18,view,CLTH_018,0.0,2026-08-28 18:10:29.132649
80a44646-6c7e-488e-8f96-dda9667f62bf,view,BOOK_025,0.0,2026-08-24 21:17:34.834095
66f9e642-1674-468a-884b-55c6f9a06472,view,BOOK_029,0.0,2026-08-22T17:11:40.143092
e15893a3-618b-454c-8f35-eef896e6f74e,view,FOOD_009,0.0,2026-08-20T21:20:54.261904
fc029a04-be52-486b-8b8f-0f1b173d81fb,view,CLTH_007,0.0,2026-08-18 19:19:44.047840
61887664-7787-4a05-aa10-f242d15e7b6f,cart,FOOD_002,48.06,2026-08-22 17:57:05.062284
1c40c716-3e21-417f-a735-1300abafdc59,purchase,ELEC_006,912.62,2026-08-23T19:40:13.964657
272d6b5f-aeca-485e-a4ba-1a5689f647ac,view,ELEC_025,0.0,2026-08-24 21:19:44.180109
ff8790c1-759e-4f9e-bb08-6f9a3d420448,view,FOOD_023,0.0,2026-08-15 19:42:10.488177
99e329dd-777c-4afe-bc50-366ecd0bd177,view,ELEC_026,0.0,2026-08-22 17:45:13.488978
2989c566-bd71-49e2-8d10-a60c615ee48b,view,SPRT_030,0.0,2026-08-23 19:42:58.108369
3eae1b1f-da2f-40b7-883b-ad6d9a3673eb,cart,CLTH_002,27.72,2026-08-24 23:12:05.928239
16a45d1c-fcb0-44ee-be9c-1c14c693e1c8,purchase,CLTH_026,317.0,2026-08-24 20:38:54.841604
69f815db-b5d3-4690-abf5-ffb8d11bd744,cart,FOOD_015,22.53,2026-08-20T21:25:39.057132
7973f2a9-cd05-4d96-a6a3-b5bcbfe5a807,view,BOOK_020,0.0,2026-08-24T22:45:14.787748
1fae450e-c559-4b3b-b193-0e83995bc876,view,ELEC_027,0.0,2026-08-18 19:15:51.165534
b8a5374c-c93d-4c0c-83c8-6ecb467838ed,view,ELEC_009,0.0,2026-08-16 16:41:22.023312
69ac5a58-9bcc-4f4b-bdd5-baea8549f46e,view,SPRT_015,0.0,2026-08-18 18:50:45.991552
272d6b5f-aeca-485e-a4ba-1a5689f647ac,view,ELEC_028,0.0,2026-08-24 20:07:03.723475
8889c320-1f19-4bac-9c31-b9218acbf5b5,purchase,ELEC_023,250.77,2026-08-24 21:50:23.529049
6c42b183-6d7f-4eed-9a19-89815e3d0919,view,ELEC_003,0.0,2026-08-24 23:12:35.512958
2d7c90c3-0788-41c8-b160-06e19f4406f6,cart,FOOD_012,69.18,2026-08-24 21:49:45.888435
b43786c5-4ef6-4017-a344-22b26bcbd3c5,view,SPRT_010,0.0,2026-08-24 19:40:44.151377
d2393a76-e7aa-4917-8d1a-eaea77151dd0,view,SPRT_027,0.0,2026-08-22T17:53:18.913891
f11171cf-dcb7-41e6-88b3-5078456085ff,view,CLTH_015,0.0,2026-08-24T20:53:40.185819
d06247ce-154f-44d2-a431-0e6def01535f,view,ELEC_013,0.0,2026-08-24 22:44:20.525245
f11171cf-dcb7-41e6-88b3-5078456085ff,view,BOOK_030,0.0,2026-08-18 18:49:07.945019
eba03b4f-7d0a-498d-a823-db63123d559a,view,CLTH_021,0.0,2026-08-19 23:34:40.371429
5ecfc98a-922a-4821-a19c-74739ea9d49c,view,SPRT_018,0.0,2026-08-24T23:22:54.947555
c6da6198-1302-4f3b-98d8-59f524206a5a,view,FOOD_012,0.0,2026-08-24 20:50:30.813903
16a45d1c-fcb0-44ee-be9c-1c14c693e1c8,purchase,ELEC_027,576.54,2026-08-24 21:18:43.023680
b43786c5-4ef6-4017-a344-22b26bcbd3c5,view,CLTH_004,0.0,2026-08-24T20:31:01.545412
06ef8987-2209-4f91-b32e-b826d451f567,view,CLTH_010,0.0,2026-08-18 18:48:10.501130
8b84f738-d1da-49a1-8b35-7f03cd7992a8,view,CLTH_018,0.0,2026-08-16 16:49:18.341547
0a2f3d10-ae64-4472-a673-478e6650e204,view,BOOK_020,0.0,2026-08-23T19:39:09.854444
f11171cf-dcb7-41e6-88b3-5078456085ff,view,BOOK_009,0.0,2026-08-18 18:46:34.347704
91f30dc2-d42e-403d-8f92-452cf0c2e83b,view,CLTH_027,0.0,2026-08-16 16:49:33.207285
19c40797-1cb3-4b73-8f5c-c71e4d1bd83c,view,ELEC_014,0.0,2026-08-24T22:56:37.305292
45be79ad-8040-4559-be25-1a4737d5bdec,view,CLTH_009,0.0,2026-08-24T23:24:01.280956
718814b5-9a30-4643-8cfb-a460a60999ba,view,CLTH_016,0.0,2026-08-24 20:44:28.125097
d6ea31f0-4a99-43ba-8364-82717218083c,view,SPRT_004,0.0,2026-08-16 16:45:34.021875
65c76bd2-c4c5-4ead-bb07-d1518810d424,cart,CLTH_021,142.4,2026-08-24 20:31:21.753480
4bcc35c7-0c0f-40c6-81ef-9290c390c8ae,view,ELEC_029,0.0,2026-08-24T22:05:54.738994
fc18b9b9-0790-45c2-9bd4-39c8c166b7ff,view,SPRT_018,0.0,2026-08-24T21:05:21.161690
046701a6-5a53-43dc-aa26-d68a19f6cb9e,view,CLTH_021,0.0,2026-08-18 18:50:30.014392
fb5c4430-55ab-46c5-9e83-bae524560811,cart,CLTH_007,61.5,2026-08-24T20:07:41.711217
7cecad85-4914-4af5-863e-309987695976,view,CLTH_023,0.0,2026-08-24 21:44:27.081247
0f4db5c7-beaf-4757-b8cf-f156b73fe4d5,view,SPRT_029,0.0,2026-08-20 21:49:38.257325
bd22f4c4-5268-45d9-9243-8d72683946f2,view,CLTH_001,0.0,2026-08-23 19:36:30.697519
45be79ad-8040-4559-be25-1a4737d5bdec,view,CLTH_016,0.0,2026-08-24 21:23:32.300350
54dbe932-4af2-4f72-a46d-126eccaec63d,view,ELEC_023,0.0,2026-08-28T18:26:44.841599
82a1487d-2323-45c1-9468-a6f88d47a779,purchase,CLTH_002,140.39,2026-08-24 19:35:14.204903
6c3c15bf-f979-4e58-b0fd-6ec9f2b75027,view,CLTH_026,0.0,2026-08-24T20:02:45.554053
d06247ce-154f-44d2-a431-0e6def01535f,view,CLTH_014,0.0,2026-08-24T21:59:49.469396
d2393a76-e7aa-4917-8d1a-eaea77151dd0,view,SPRT_018,0.0,2026-08-23T20:01:32.695316
99e329dd-777c-4afe-bc50-366ecd0bd177,view,FOOD_018,0.0,2026-08-22 17:43:36.563179
ecef0a71-9256-43e0-bf92-91fc8ffffcf4,view,CLTH_009,0.0,2026-08-24 20:53:21.613929
e04bc446-eef1-4a6c-bdd3-722ed841b5b0,view,CLTH_025,0.0,2026-08-24 21:59:46.056080
07e00408-a9f3-4a26-bb10-653e27ee1d69,purchase,CLTH_021,161.64,2026-08-24 21:45:51.478961
2ca3ba80-c4ea-48a9-9d49-ec547b2177a2,view,CLTH_027,0.0,2026-08-18 19:21:49.426635
7973f2a9-cd05-4d96-a6a3-b5bcbfe5a807,view,FOOD_010,0.0,2026-08-24T22:05:54.179028
a3414eda-0341-4e0d-b3fa-5e873248b36a,view,ELEC_003,0.0,2026-08-16 10:42:51.056680
6c42b183-6d7f-4eed-9a19-89815e3d0919,view,ELEC_026,0.0,2026-08-24 21:59:19.802286
3ae7f361-dd3c-4d91-9325-4b4e1a15b0bf,view,CLTH_015,0.0,2026-08-23T19:36:31.276969
8889c320-1f19-4bac-9c31-b9218acbf5b5,view,ELEC_007,0.0,2026-08-24 21:51:52.916279
e04bc446-eef1-4a6c-bdd3-722ed841b5b0,view,CLTH_029,0.0,2026-08-24 21:34:52.500900
7c876903-8503-4e64-91da-9f12ea161fac,cart,ELEC_016,496.04,2026-08-24 21:39:54.031312
1916909e-6c68-4b12-a792-b099fef763bb,cart,BOOK_009,37.31,2026-08-18T19:17:13.248063
a4dbcca0-eaa3-4f6a-91d1-a92bc00a2c19,view,CLTH_015,0.0,2026-08-24T21:54:47.537635
980e4d69-7354-43f4-bc44-99fc0146226f,view,BOOK_020,0.0,2026-08-24T22:45:15.205445
a5184ecf-8473-4c68-a33b-f6c956626ce8,cart,BOOK_018,59.89,2026-08-24T20:42:34.969543
fc18b9b9-0790-45c2-9bd4-39c8c166b7ff,cart,ELEC_017,350.47,2026-08-16 10:44:21.411273
23563557-5b65-4775-84d2-cd11d7916afb,view,SPRT_030,0.0,2026-08-22T17:15:22.097102
54dbe932-4af2-4f72-a46d-126eccaec63d,cart,CLTH_006,165.89,2026-08-16 10:39:07.656923
7c876903-8503-4e64-91da-9f12ea161fac,view,ELEC_010,0.0,2026-08-24 22:07:34.835881
c4713941-ca5c-48bf-b915-cdf679cdff13,cart,ELEC_027,69.21,2026-08-24T20:13:55.219022
c6ad3b1a-879f-46e9-b4df-c61479de62ea,view,ELEC_002,0.0,2026-08-20T22:00:29.428702
38c90e9e-a827-4bae-9a22-50c3d3ae002c,view,FOOD_012,0.0,2026-08-24T20:10:00.562913
f0bd94bc-247d-45cf-84f6-c5509dc870cc,view,CLTH_010,0.0,2026-08-24T19:43:59.390584
7c876903-8503-4e64-91da-9f12ea161fac,view,BOOK_004,0.0,2026-08-24T23:17:32.180218
204cd583-e18f-4356-afbd-560a95e5e55d,view,CLTH_014,0.0,2026-08-24T23:16:56.031385
5ecfc98a-922a-4821-a19c-74739ea9d49c,view,CLTH_015,0.0,2026-08-24 22:36:56.562520
11da9648-ae79-4fa4-b84c-689819c0f684,cart,SPRT_029,168.06,2026-08-22T17:09:04.537087
69ac5a58-9bcc-4f4b-bdd5-baea8549f46e,purchase,SPRT_020,582.04,2026-08-18 18:50:46.127634
06ef8987-2209-4f91-b32e-b826d451f567,purchase,ELEC_019,854.64,2026-08-18 18:46:45.206161
b43786c5-4ef6-4017-a344-22b26bcbd3c5,purchase,SPRT_005,68.01,2026-08-24 20:37:31.440976
b69f6df3-4ae7-4861-8236-88b969e91529,view,CLTH_022,0.0,2026-08-20 21:18:44.848938
204cd583-e18f-4356-afbd-560a95e5e55d,purchase,CLTH_006,35.95,2026-08-24 19:47:35.634519
15371891-3d67-4bbe-a227-0aa843960503,cart,CLTH_006,122.7,2026-08-24 22:25:55.938982
13298c19-921e-4ab7-b2fe-45b88f1e8621,view,BOOK_010,0.0,2026-08-23 19:47:07.422180
e941fe3b-e99f-4add-bed3-5b4394d2ddc3,view,ELEC_028,0.0,2026-08-28 18:12:45.975914
151d1b6b-31e9-4c3a-98ee-7ebc527bc572,view,SPRT_022,0.0,2026-08-24T23:20:59.870015
37d1bc22-ec4f-4251-96d1-dbe0703942a7,view,ELEC_020,0.0,2026-08-19 23:25:58.768860
7c876903-8503-4e64-91da-9f12ea161fac,view,ELEC_003,0.0,2026-08-24 21:41:25.183375
db7f8eee-9b64-455b-9ada-7be2b9d2a40c,view,ELEC_025,0.0,2026-08-24T19:49:44.076666
7a84b978-cc6b-49c8-8bba-b1f87d39615a,view,BOOK_012,0.0,2026-08-24 22:11:55.276711
7e12728f-8e77-4093-b21e-7650a323fb12,view,ELEC_004,0.0,2026-08-24 22:07:56.538314
c56998f4-a438-484c-8b0c-b80c399f6fcd,view,BOOK_030,0.0,2026-08-24T21:41:24.791452
569b2543-6e9b-4b3a-b8c1-7862801d2712,cart,BOOK_011,54.54,2026-08-20 21:18:52.122428
d0ee500b-2986-4393-8222-e3a34f6829c5,view,CLTH_022,0.0,2026-08-22 17:32:53.288951
9527030a-454f-418b-9265-43c29b277831,view,BOOK_016,0.0,2026-08-18 19:22:25.659980
99e329dd-777c-4afe-bc50-366ecd0bd177,cart,FOOD_024,65.73,2026-08-22 17:28:51.424770
ecef0a71-9256-43e0-bf92-91fc8ffffcf4,purchase,CLTH_018,168.46,2026-08-24 19:55:16.102187
d2393a76-e7aa-4917-8d1a-eaea77151dd0,view,CLTH_019,0.0,2026-08-20 21:26:54.602187
7a84b978-cc6b-49c8-8bba-b1f87d39615a,view,CLTH_021,0.0,2026-08-24 23:16:44.277344
d0083a3b-3cf2-48a7-b1a4-f12398d8bd7f,view,CLTH_005,0.0,2026-08-22T17:06:24.007285
544c32f4-a10e-44ff-a0d5-6f8b523e593a,purchase,SPRT_025,37.77,2026-08-24T23:21:42.808013
272d6b5f-aeca-485e-a4ba-1a5689f647ac,view,ELEC_022,0.0,2026-08-24 20:07:03.601526
fc18b9b9-0790-45c2-9bd4-39c8c166b7ff,view,ELEC_018,0.0,2026-08-16 10:42:24.381289
d6ea31f0-4a99-43ba-8364-82717218083c,view,ELEC_014,0.0,2026-08-24T20:08:19.429953
37d1bc22-ec4f-4251-96d1-dbe0703942a7,view,SPRT_025,0.0,2026-08-19 23:35:51.172020
85a19fd8-54ae-4ace-a4dc-55c4ce3993ce,cart,BOOK_016,29.99,2026-08-24 22:53:33.713000
a6a3df8c-d39a-4527-8306-9fc8f5e2ac32,purchase,FOOD_024,110.02,2026-08-28T18:09:48.566304
acececef-4ab4-44e7-8ba4-dc1b3db1b57b,view,FOOD_008,0.0,2026-08-24T20:58:46.144042
15371891-3d67-4bbe-a227-0aa843960503,view,BOOK_014,0.0,2026-08-24 22:15:55.474580
07974040-0d6e-4dd2-a06d-09236cb2f439,view,FOOD_002,0.0,2026-08-24 23:04:13.627028
c6b1433c-fd3a-4b37-a002-e3213ac67574,view,FOOD_030,0.0,2026-08-24 22:20:27.223746
80a44646-6c7e-488e-8f96-dda9667f62bf,cart,BOOK_003,47.67,2026-08-24T20:38:12.903756
dcd98015-a110-4e4e-bffd-2db821ce770a,view,SPRT_019,0.0,2026-08-18 19:11:01.313821
d6ea31f0-4a99-43ba-8364-82717218083c,view,BOOK_027,0.0,2026-08-24T19:54:56.621354
6c42b183-6d7f-4eed-9a19-89815e3d0919,cart,ELEC_007,552.96,2026-08-24 22:47:32.957896
b43786c5-4ef6-4017-a344-22b26bcbd3c5,purchase,SPRT_028,234.08,2026-08-24 19:34:24.950520
a3414eda-0341-4e0d-b3fa-5e873248b36a,cart,BOOK_012,38.73,2026-08-24T21:07:11.176967
79486124-ceb2-4f91-bf0f-378b69ecb64c,view,ELEC_006,0.0,2026-08-24T21:51:58.544365
7973f2a9-cd05-4d96-a6a3-b5bcbfe5a807,view,CLTH_025,0.0,2026-08-24 20:07:49.029334
ff8790c1-759e-4f9e-bb08-6f9a3d420448,cart,CLTH_013,181.52,2026-08-22T17:33:45.207505
659ae273-f90a-4d3d-8e25-4ce44740dbc3,view,CLTH_014,0.0,2026-08-28T18:09:14.258116
0edab1bf-3255-4636-8c77-d72d54ebaa4a,view,FOOD_013,0.0,2026-08-18 19:09:51.190862
395e36e8-c321-48f4-9ed8-88acf120a760,view,SPRT_023,0.0,2026-08-22T17:18:35.992721
2de07fdd-8b53-4691-a8aa-c355b7716a3e,view,BOOK_006,0.0,2026-08-18 19:04:59.833204
718814b5-9a30-4643-8cfb-a460a60999ba,view,CLTH_021,0.0,2026-08-24 19:40:40.230435
46b4a363-670a-4824-bdea-bffd85562f0b,purchase,BOOK_013,28.85,2026-08-18 19:07:24.474786
8c1f2c4f-fcb2-4456-8fb7-b41a9931e230,view,BOOK_025,0.0,2026-08-23T19:39:10.108566
37d1bc22-ec4f-4251-96d1-dbe0703942a7,view,SPRT_016,0.0,2026-08-20T21:20:20.502185
85a19fd8-54ae-4ace-a4dc-55c4ce3993ce,view,BOOK_007,0.0,2026-08-24 22:52:28.159659
ecef0a71-9256-43e0-bf92-91fc8ffffcf4,purchase,ELEC_011,1077.93,2026-08-24 21:11:35.053692
d9fedd6d-d50d-4109-9721-1cd2ce886f31,view,SPRT_015,0.0,2026-08-24T20:47:04.849042
c6b1433c-fd3a-4b37-a002-e3213ac67574,view,FOOD_026,0.0,2026-08-24 21:55:09.383664
c6da6198-1302-4f3b-98d8-59f524206a5a,view,CLTH_027,0.0,2026-08-24 20:31:02.566203
ddc313fb-bc63-47e5-ac3f-b9d1d5a703a1,view,CLTH_026,0.0,2026-08-24 21:27:22.660053
15371891-3d67-4bbe-a227-0aa843960503,cart,ELEC_016,296.54,2026-08-24 23:13:39.368698
5390b8bd-cc43-4b61-8922-cc2d2033104f,view,SPRT_004,0.0,2026-08-24T23:10:24.114690
33cba815-f157-4c79-818d-2ebbda04e88a,view,CLTH_027,0.0,2026-08-20 21:11:54.772803
07974040-0d6e-4dd2-a06d-09236cb2f439,cart,FOOD_015,47.35,2026-08-24 23:04:13.733255
97fb0cad-ce2c-4c09-a49a-903e0f094869,view,FOOD_003,0.0,2026-08-28T18:10:22.620751
204cd583-e18f-4356-afbd-560a95e5e55d,view,CLTH_001,0.0,2026-08-24 21:01:52.320144
bd22f4c4-5268-45d9-9243-8d72683946f2,cart,CLTH_009,71.26,2026-08-23 19:44:26.024632
8889c320-1f19-4bac-9c31-b9218acbf5b5,purchase,ELEC_017,643.44,2026-08-24 21:55:33.511059
1f1fb1c5-8a0f-4b64-8261-f51ffc33db1f,cart,CLTH_005,103.33,2026-08-22T18:04:20.566197
46b4a363-670a-4824-bdea-bffd85562f0b,view,FOOD_007,0.0,2026-08-24T20:25:35.167709
65c76bd2-c4c5-4ead-bb07-d1518810d424,view,FOOD_027,0.0,2026-08-24 20:39:10.489253
046701a6-5a53-43dc-aa26-d68a19f6cb9e,view,CLTH_023,0.0,2026-08-18 19:04:00.827787
ddc313fb-bc63-47e5-ac3f-b9d1d5a703a1,view,CLTH_017,0.0,2026-08-24 23:10:44.593186
aaf98546-9399-431c-890b-576fa08abac0,view,FOOD_015,0.0,2026-08-20 21:26:44.019596
16a45d1c-fcb0-44ee-be9c-1c14c693e1c8,view,SPRT_027,0.0,2026-08-24 19:50:56.222272
c8e0f50d-4298-44da-ac25-229ba2271015,cart,CLTH_030,112.36,2026-08-22T17:09:04.585062
d06247ce-154f-44d2-a431-0e6def01535f,view,CLTH_006,0.0,2026-08-24 22:41:55.795882
e7011402-63aa-4b75-87a9-67546325bcab,view,CLTH_010,0.0,2026-08-24 23:07:23.092001
16a45d1c-fcb0-44ee-be9c-1c14c693e1c8,view,ELEC_026,0.0,2026-08-24T22:08:40.566005
9f729b04-6f80-4dae-9824-921396cc0ee2,view,ELEC_027,0.0,2026-08-24T21:46:22.804412
ecb51178-8afe-4ba9-bd61-87e0a416554b,purchase,BOOK_025,41.62,2026-08-24T21:55:54.238950
1a57d526-e419-4985-b2c6-65d021f92488,view,CLTH_002,0.0,2026-08-20 22:02:14.185706
b8a5374c-c93d-4c0c-83c8-6ecb467838ed,view,ELEC_019,0.0,2026-08-16 16:48:17.135638
e04bc446-eef1-4a6c-bdd3-722ed841b5b0,cart,CLTH_014,33.43,2026-08-24 21:38:26.559105
1363fff9-d076-4436-83e3-9a6449cff1e2,view,BOOK_016,0.0,2026-08-22T17:09:35.379827
0edab1bf-3255-4636-8c77-d72d54ebaa4a,view,BOOK_028,0.0,2026-08-18 19:17:02.425673
9b7e7aee-079a-4bab-8c71-badadf83bdcd,view,ELEC_019,0.0,2026-08-24T19:48:41.395955
7c53ddd0-71fe-4919-a4fe-86d633a58eee,view,SPRT_022,0.0,2026-08-28T18:21:25.488080
5fd25fd1-437c-46b3-9a39-aa545fcef320,purchase,FOOD_009,92.48,2026-08-24 21:23:01.064321
37d1bc22-ec4f-4251-96d1-dbe0703942a7,view,ELEC_004,0.0,2026-08-19 23:27:37.644734
b69f6df3-4ae7-4861-8236-88b969e91529,view,CLTH_026,0.0,2026-08-20 21:20:03.895585
53cf9005-c315-44bf-8b90-ee836dc0ab1f,view,CLTH_018,0.0,2026-08-23 19:42:05.242314
6a581879-1f83-493a-9878-091eb0021ada,view,BOOK_030,0.0,2026-08-24T21:07:14.109292
0f4db5c7-beaf-4757-b8cf-f156b73fe4d5,purchase,SPRT_017,401.76,2026-08-20 21:49:37.915420
27a943f0-74c1-47d4-a697-2bf5d20625d8,purchase,BOOK_010,24.68,2026-08-24 21:20:38.742478
79486124-ceb2-4f91-bf0f-378b69ecb64c,cart,ELEC_020,257.5,2026-08-22 17:28:33.079668
667c54aa-2a15-439e-9d2b-29339b87e1b4,view,FOOD_015,0.0,2026-08-18 19:22:28.503335
8889c320-1f19-4bac-9c31-b9218acbf5b5,view,ELEC_028,0.0,2026-08-24 21:50:14.193816
d30fc382-e140-48b8-8038-bd17100271c2,view,ELEC_005,0.0,2026-08-22 17:37:00.763569
e7011402-63aa-4b75-87a9-67546325bcab,cart,CLTH_009,118.62,2026-08-24 22:04:38.020220
46b4a363-670a-4824-bdea-bffd85562f0b,cart,SPRT_006,267.62,2026-08-22T17:47:58.263025
c6da6198-1302-4f3b-98d8-59f524206a5a,view,CLTH_018,0.0,2026-08-24 20:46:24.289607
ecef0a71-9256-43e0-bf92-91fc8ffffcf4,cart,CLTH_016,60.04,2026-08-24 20:45:46.324980
796609d9-7739-4166-ab01-9a72c52c20a7,view,SPRT_013,0.0,2026-08-23 19:31:37.512535
b43786c5-4ef6-4017-a344-22b26bcbd3c5,view,SPRT_016,0.0,2026-08-24 20:18:09.881773
a3414eda-0341-4e0d-b3fa-5e873248b36a,view,ELEC_007,0.0,2026-08-16 10:29:48.292257
6c42b183-6d7f-4eed-9a19-89815e3d0919,view,ELEC_012,0.0,2026-08-24 22:32:23.693397
fb5c4430-55ab-46c5-9e83-bae524560811,view,FOOD_009,0.0,2026-08-24 20:53:11.203333
b1143e5d-1e1f-426c-aaa8-ab647f0ea967,view,ELEC_010,0.0,2026-08-24T21:30:11.086860
b568b56b-df03-4a6f-ae89-4908c2685971,view,SPRT_019,0.0,2026-08-24T21:18:20.464846
60fa3dee-9722-469f-9ede-8581e64a5dc8,view,CLTH_017,0.0,2026-08-20 21:18:53.019674
af8c3802-1e97-4ac1-a05e-a064dc9a598f,view,FOOD_016,0.0,2026-08-18 18:45:57.099274
e04bc446-eef1-4a6c-bdd3-722ed841b5b0,view,CLTH_006,0.0,2026-08-24 23:12:02.708756
f3af5df4-61dc-4244-8833-1ec5806b8ea1,view,FOOD_005,0.0,2026-08-24T20:10:01.519231
fc029a04-be52-486b-8b8f-0f1b173d81fb,view,SPRT_004,0.0,2026-08-18 19:16:47.355500
5170d1a9-568e-4884-8b9a-e998a6411fc9,cart,BOOK_007,9.25,2026-08-22 17:58:55.693013
e3576704-b8db-4482-a571-018fedb94275,view,CLTH_010,0.0,2026-08-16 16:37:11.281320
8de7eb13-8152-4611-a515-17ecfec46828,purchase,BOOK_022,52.73,2026-08-22 17:12:26.314609
1342dc6b-765d-46f2-b62a-ae0cc1bedb78,view,FOOD_009,0.0,2026-08-24 22:21:23.037541
b568b56b-df03-4a6f-ae89-4908c2685971,purchase,BOOK_003,59.84,2026-08-20 21:34:22.979911
80a44646-6c7e-488e-8f96-dda9667f62bf,view,BOOK_021,0.0,2026-08-24 20:13:36.117243
4bcc35c7-0c0f-40c6-81ef-9290c390c8ae,purchase,CLTH_012,164.38,2026-08-18 18:46:00.144877
abdf77fe-de5b-4e52-955c-aeb34086fb6c,view,SPRT_007,0.0,2026-08-24T19:53:54.692718
65c76bd2-c4c5-4ead-bb07-d1518810d424,view,CLTH_007,0.0,2026-08-24 20:01:42.277440
b568b56b-df03-4a6f-ae89-4908c2685971,view,FOOD_003,0.0,2026-08-24T22:30:05.410941
37d1bc22-ec4f-4251-96d1-dbe0703942a7,cart,ELEC_023,214.2,2026-08-19 23:28:08.893561
e7011402-63aa-4b75-87a9-67546325bcab,cart,CLTH_025,137.48,2026-08-24 22:04:08.712044
9527030a-454f-418b-9265-43c29b277831,view,ELEC_016,0.0,2026-08-23T19:34:25.073704
7c876903-8503-4e64-91da-9f12ea161fac,view,ELEC_009,0.0,2026-08-24 22:36:25.154288
adcabb5a-9294-4e06-91d7-d5fb55987582,view,BOOK_022,0.0,2026-08-23T19:35:59.966163
7c876903-8503-4e64-91da-9f12ea161fac,view,ELEC_006,0.0,2026-08-24 22:44:51.361003
d13300b8-b21a-4b42-b229-1237697e4e3f,view,BOOK_026,0.0,2026-08-16T16:42:55.435966
01c8f8b9-4fbf-44a7-8919-178beaceb074,view,SPRT_027,0.0,2026-08-23 19:42:18.261945
e7011402-63aa-4b75-87a9-67546325bcab,view,CLTH_018,0.0,2026-08-24 22:30:53.751824
01c8f8b9-4fbf-44a7-8919-178beaceb074,view,CLTH_030,0.0,2026-08-24T19:43:58.992668
19c40797-1cb3-4b73-8f5c-c71e4d1bd83c,view,CLTH_027,0.0,2026-08-24T19:49:44.127564
c43f920e-ad55-4f24-936b-9cbd31f69e37,view,CLTH_028,0.0,2026-08-20 21:51:56.035528
c6da6198-1302-4f3b-98d8-59f524206a5a,view,CLTH_016,0.0,2026-08-24 19:36:01.960601
fcd6fe57-c144-4e2e-a82f-44cb7df85d3f,view,CLTH_003,0.0,2026-08-20 21:28:11.988767
b43786c5-4ef6-4017-a344-22b26bcbd3c5,view,ELEC_023,0.0,2026-08-24 20:25:17.203154
e7011402-63aa-4b75-87a9-67546325bcab,view,ELEC_023,0.0,2026-08-24T22:46:21.534039
653709fa-a965-4975-9c69-451df40148e0,view,ELEC_028,0.0,2026-08-23T19:43:20.945843
fbc03b87-c84c-4ae3-872c-c3f001033c41,view,ELEC_010,0.0,2026-08-28T18:08:38.556198
3c8208eb-982f-4c25-aeb6-1d676d8c95fd,view,CLTH_020,0.0,2026-08-20 21:33:43.093387
e9af50c7-3916-48bf-9def-f8eae8db79ee,view,BOOK_025,0.0,2026-08-24T20:42:34.019682
3eae1b1f-da2f-40b7-883b-ad6d9a3673eb,view,SPRT_027,0.0,2026-08-24 21:38:36.907619
718814b5-9a30-4643-8cfb-a460a60999ba,view,FOOD_022,0.0,2026-08-24 21:16:05.569792
71f3d5de-38b0-4ad5-ad46-2524000b3c16,view,BOOK_012,0.0,2026-08-19 23:25:48.452791
d37ca1f9-a758-4fcd-abd0-8a4b28290823,cart,ELEC_026,743.33,2026-08-24T21:37:55.300993
2b7a7e25-b43d-4e89-885b-98379448cec0,view,SPRT_026,0.0,2026-08-24 07:51:49.250659
7a84b978-cc6b-49c8-8bba-b1f87d39615a,purchase,CLTH_023,145.99,2026-08-24 21:29:45.664675
796609d9-7739-4166-ab01-9a72c52c20a7,view,SPRT_004,0.0,2026-08-23 19:31:45.900459
71f55371-9f14-4e13-9e69-9f92146c5f85,cart,CLTH_011,186.93,2026-08-23T19:45:58.490516
65c76bd2-c4c5-4ead-bb07-d1518810d424,view,CLTH_012,0.0,2026-08-24 19:37:21.371003
2de07fdd-8b53-4691-a8aa-c355b7716a3e,view,ELEC_008,0.0,2026-08-24T20:13:55.465070
15371891-3d67-4bbe-a227-0aa843960503,view,SPRT_008,0.0,2026-08-24 23:08:23.910606
c6ad3b1a-879f-46e9-b4df-c61479de62ea,view,CLTH_015,0.0,2026-08-18 18:54:03.329958
79486124-ceb2-4f91-bf0f-378b69ecb64c,purchase,SPRT_026,48.9,2026-08-28T18:09:13.047545
23563557-5b65-4775-84d2-cd11d7916afb,view,ELEC_025,0.0,2026-08-24T20:02:14.463528
ddc313fb-bc63-47e5-ac3f-b9d1d5a703a1,view,CLTH_014,0.0,2026-08-24 21:27:22.777506
b69f6df3-4ae7-4861-8236-88b969e91529,view,CLTH_005,0.0,2026-08-20 21:14:48.814882
bd22f4c4-5268-45d9-9243-8d72683946f2,view,CLTH_002,0.0,2026-08-23 19:42:57.320127
a4dbcca0-eaa3-4f6a-91d1-a92bc00a2c19,view,CLTH_015,0.0,2026-08-24 20:54:28.620703
65c76bd2-c4c5-4ead-bb07-d1518810d424,view,SPRT_012,0.0,2026-08-24T23:04:40.273113
7533f6a3-2d5e-454c-a7d4-5a213a566a6a,view,BOOK_001,0.0,2026-08-20 21:35:34.825970
0518f406-1bcc-4201-9400-4d13c068296b,view,ELEC_018,0.0,2026-08-15 19:43:30.688490
b4508ad1-61c3-4913-9b0d-9e62d1e31a6c,view,BOOK_012,0.0,2026-08-18T19:06:02.201231
c6da6198-1302-4f3b-98d8-59f524206a5a,view,CLTH_009,0.0,2026-08-24T21:39:08.961994
807ffd32-2ef3-4a31-a89a-238c366b264b,view,CLTH_011,0.0,2026-08-24 21:41:32.103167
7adce7be-64d4-4802-b5f9-067f8cf870b9,view,CLTH_008,0.0,2026-08-28 18:15:04.985425
292aa98d-2159-46e5-86b7-ebb3da08accd,view,SPRT_010,0.0,2026-08-24T22:35:11.155989
91f30dc2-d42e-403d-8f92-452cf0c2e83b,cart,CLTH_009,181.21,2026-08-16 16:36:15.547706
204cd583-e18f-4356-afbd-560a95e5e55d,view,CLTH_010,0.0,2026-08-24 20:29:26.249807
838d67a1-4adc-4bef-834d-defa67fe3762,cart,FOOD_007,6.67,2026-08-24 21:53:55.664240
5ecfc98a-922a-4821-a19c-74739ea9d49c,purchase,CLTH_006,199.12,2026-08-24 22:35:37.202908
2989c566-bd71-49e2-8d10-a60c615ee48b,view,SPRT_027,0.0,2026-08-23 19:42:58.470013
9ea41e68-c710-4b07-b2ae-6bbf22342547,view,ELEC_021,0.0,2026-08-22T17:32:41.762836
097603f7-ef8e-4380-83ce-337ce6b52a59,view,BOOK_009,0.0,2026-08-24 22:54:57.002005
8c1f2c4f-fcb2-4456-8fb7-b41a9931e230,view,CLTH_018,0.0,2026-08-20 21:25:31.027155
07974040-0d6e-4dd2-a06d-09236cb2f439,purchase,FOOD_028,18.59,2026-08-24 23:04:33.112969
838d67a1-4adc-4bef-834d-defa67fe3762,view,FOOD_029,0.0,2026-08-24 22:38:44.264333
dcd98015-a110-4e4e-bffd-2db821ce770a,cart,ELEC_005,481.06,2026-08-24T21:18:57.527713
0f4db5c7-beaf-4757-b8cf-f156b73fe4d5,view,SPRT_007,0.0,2026-08-20 21:54:10.671141
71757292-65b2-4a18-829d-3935df050fc0,view,CLTH_028,0.0,2026-08-18 19:17:54.414423
272d6b5f-aeca-485e-a4ba-1a5689f647ac,view,ELEC_029,0.0,2026-08-24 20:07:03.668455
a6a3df8c-d39a-4527-8306-9fc8f5e2ac32,view,FOOD_005,0.0,2026-08-16 10:38:25.122934
dcd98015-a110-4e4e-bffd-2db821ce770a,view,SPRT_001,0.0,2026-08-18 19:20:38.972435
d2393a76-e7aa-4917-8d1a-eaea77151dd0,view,BOOK_024,0.0,2026-08-24T20:17:56.149416
3eae1b1f-da2f-40b7-883b-ad6d9a3673eb,view,CLTH_019,0.0,2026-08-24 23:14:05.864942
8b84f738-d1da-49a1-8b35-7f03cd7992a8,view,BOOK_014,0.0,2026-08-22T17:55:54.110432
d6ea31f0-4a99-43ba-8364-82717218083c,cart,FOOD_020,25.07,2026-08-20T21:40:05.881400
6c42b183-6d7f-4eed-9a19-89815e3d0919,view,ELEC_011,0.0,2026-08-24 22:40:02.487167
6a581879-1f83-493a-9878-091eb0021ada,cart,SPRT_019,109.99,2026-08-24 07:51:24.129913
33cba815-f157-4c79-818d-2ebbda04e88a,cart,ELEC_003,456.35,2026-08-23T19:36:00.254732
e9af50c7-3916-48bf-9def-f8eae8db79ee,view,BOOK_024,0.0,2026-08-24 19:57:11.486159
97fbfdf2-f064-4feb-aa62-d6344df19395,view,ELEC_003,0.0,2026-08-16 10:33:00.406781
f3af5df4-61dc-4244-8833-1ec5806b8ea1,view,CLTH_026,0.0,2026-08-18 18:55:28.778374
85a19fd8-54ae-4ace-a4dc-55c4ce3993ce,view,BOOK_028,0.0,2026-08-24 22:53:33.821416
807ffd32-2ef3-4a31-a89a-238c366b264b,view,CLTH_021,0.0,2026-08-24 21:42:14.835123
27ab56fc-882d-4198-a735-9f9394cf678a,view,FOOD_003,0.0,2026-08-24T22:11:00.949460
9f6791f7-ecb4-48c0-8d76-b8e55d160f4b,view,ELEC_005,0.0,2026-08-20 21:33:01.057527
16a45d1c-fcb0-44ee-be9c-1c14c693e1c8,view,CLTH_012,0.0,2026-08-24 19:49:52.934407
37d1bc22-ec4f-4251-96d1-dbe0703942a7,cart,ELEC_002,593.78,2026-08-19 23:25:58.645595
85a19fd8-54ae-4ace-a4dc-55c4ce3993ce,view,ELEC_017,0.0,2026-08-24 21:40:35.702408
d0ee500b-2986-4393-8222-e3a34f6829c5,view,CLTH_019,0.0,2026-08-22 17:50:28.868444
0edab1bf-3255-4636-8c77-d72d54ebaa4a,cart,CLTH_003,55.98,2026-08-20T21:20:21.676412
82a1487d-2323-45c1-9468-a6f88d47a779,cart,FOOD_019,76.79,2026-08-24 20:22:19.312390
fb5c4430-55ab-46c5-9e83-bae524560811,view,FOOD_016,0.0,2026-08-24 19:44:09.813818
7cecad85-4914-4af5-863e-309987695976,view,CLTH_030,0.0,2026-08-24 22:11:07.373873
18af9202-01b4-42d9-a7a8-a3fd40d77ea7,cart,FOOD_030,14.24,2026-08-24T21:38:33.746948
54dbe932-4af2-4f72-a46d-126eccaec63d,view,FOOD_021,0.0,2026-08-20T21:46:16.117158
66f9e642-1674-468a-884b-55c6f9a06472,view,FOOD_017,0.0,2026-08-18 19:01:45.529006
395e36e8-c321-48f4-9ed8-88acf120a760,cart,CLTH_002,181.76,2026-08-18 19:15:04.523008
b43786c5-4ef6-4017-a344-22b26bcbd3c5,purchase,SPRT_004,154.98,2026-08-24 19:55:49.000098
e7011402-63aa-4b75-87a9-67546325bcab,view,CLTH_011,0.0,2026-08-24 22:28:48.018872
544c32f4-a10e-44ff-a0d5-6f8b523e593a,view,ELEC_026,0.0,2026-08-23T19:39:42.405308
1342dc6b-765d-46f2-b62a-ae0cc1bedb78,view,SPRT_024,0.0,2026-08-24 21:58:55.013728
b43786c5-4ef6-4017-a344-22b26bcbd3c5,purchase,SPRT_018,527.42,2026-08-24 19:40:43.894411
51d3a51e-39d5-4fa8-ad25-bc0cc1c2a3a8,cart,SPRT_007,235.02,2026-08-24T19:48:41.571224
07e00408-a9f3-4a26-bb10-653e27ee1d69,view,CLTH_019,0.0,2026-08-24 22:53:07.454852
69ac5a58-9bcc-4f4b-bdd5-baea8549f46e,view,CLTH_020,0.0,2026-08-18 18:49:31.088350
16a45d1c-fcb0-44ee-be9c-1c14c693e1c8,view,CLTH_028,0.0,2026-08-24 20:38:54.751101
3eae1b1f-da2f-40b7-883b-ad6d9a3673eb,view,SPRT_013,0.0,2026-08-24T22:58:21.691942
2743b6ed-fc45-4744-8bc0-3fcfbda03d36,view,FOOD_030,0.0,2026-08-16 16:50:10.129427
1a8dde1b-a845-4523-9888-92a7f05ae954,view,CLTH_024,0.0,2026-08-18T19:17:48.890714
1342dc6b-765d-46f2-b62a-ae0cc1bedb78,cart,BOOK_016,23.59,2026-08-24T23:22:20.838730
ecef0a71-9256-43e0-bf92-91fc8ffffcf4,view,CLTH_015,0.0,2026-08-24 20:57:04.485587
aaaa38a6-7d37-4a0f-a0ae-a18daa98f586,cart,SPRT_009,63.83,2026-08-16 16:52:06.957363
ecef0a71-9256-43e0-bf92-91fc8ffffcf4,view,CLTH_013,0.0,2026-08-24 21:09:30.365004
718814b5-9a30-4643-8cfb-a460a60999ba,view,CLTH_021,0.0,2026-08-24 20:38:28.811895
097603f7-ef8e-4380-83ce-337ce6b52a59,view,BOOK_010,0.0,2026-08-24 23:05:16.754209
046701a6-5a53-43dc-aa26-d68a19f6cb9e,view,CLTH_024,0.0,2026-08-18 19:04:00.941290
204cd583-e18f-4356-afbd-560a95e5e55d,view,SPRT_001,0.0,2026-08-24 20:40:30.565080
e04bc446-eef1-4a6c-bdd3-722ed841b5b0,view,CLTH_001,0.0,2026-08-24 22:33:02.645888
9f6791f7-ecb4-48c0-8d76-b8e55d160f4b,purchase,FOOD_013,33.67,2026-08-24T21:38:30.768006
45be79ad-8040-4559-be25-1a4737d5bdec,view,FOOD_001,0.0,2026-08-24 21:05:27.582158
3eae1b1f-da2f-40b7-883b-ad6d9a3673eb,view,CLTH_001,0.0,2026-08-24 22:42:42.141251
807ffd32-2ef3-4a31-a89a-238c366b264b,view,BOOK_026,0.0,2026-08-24 22:55:04.076434
82a1487d-2323-45c1-9468-a6f88d47a779,purchase,FOOD_018,47.61,2026-08-24 21:18:22.001197
a9924f59-2d8b-4172-8e44-ae16ad011154,view,SPRT_005,0.0,2026-08-24T20:15:36.436115
23563557-5b65-4775-84d2-cd11d7916afb,view,SPRT_016,0.0,2026-08-22T17:15:22.097102
ecef0a71-9256-43e0-bf92-91fc8ffffcf4,view,CLTH_024,0.0,2026-08-24 19:44:07.752712
103b446e-bac3-42b5-96ca-727662d099e1,view,SPRT_020,0.0,2026-08-23T19:38:06.625020
9f5699e8-c821-4444-b570-668a4eedcb12,purchase,BOOK_003,78.3,2026-08-19T23:24:29.526817
27ab56fc-882d-4198-a735-9f9394cf678a,view,CLTH_015,0.0,2026-08-28T18:22:02.096418
e04bc446-eef1-4a6c-bdd3-722ed841b5b0,view,CLTH_005,0.0,2026-08-24 22:18:03.209695
e15893a3-618b-454c-8f35-eef896e6f74e,view,BOOK_020,0.0,2026-08-16 10:47:23.690334
8afb9663-be21-47d5-b7bf-d549285fa584,view,ELEC_006,0.0,2026-08-16 10:41:58.273541
272d6b5f-aeca-485e-a4ba-1a5689f647ac,purchase,CLTH_003,269.41,2026-08-24 20:32:37.633515
b8626474-9939-4b22-b12e-52c5f4b4739c,view,SPRT_018,0.0,2026-08-18 18:50:15.096418
8cb1b203-1ae6-415f-a049-61e42090ef5e,purchase,FOOD_011,77.48,2026-08-20 21:54:27.975122
27a943f0-74c1-47d4-a697-2bf5d20625d8,view,CLTH_003,0.0,2026-08-24 20:52:59.505101
0bb810c4-b32d-43c2-92f3-84a8460ad2f6,view,FOOD_014,0.0,2026-08-20 21:55:18.582125
5fd25fd1-437c-46b3-9a39-aa545fcef320,cart,SPRT_013,275.96,2026-08-24 19:40:16.445274
e3576704-b8db-4482-a571-018fedb94275,view,CLTH_009,0.0,2026-08-16 16:49:45.195725
b43786c5-4ef6-4017-a344-22b26bcbd3c5,view,CLTH_019,0.0,2026-08-24 19:38:47.092464
ddc313fb-bc63-47e5-ac3f-b9d1d5a703a1,view,FOOD_011,0.0,2026-08-24 22:28:43.283366
b3b7ea67-75e4-433b-a906-fd0202ed49b3,view,ELEC_005,0.0,2026-08-20 21:43:00.328209
27a943f0-74c1-47d4-a697-2bf5d20625d8,view,BOOK_027,0.0,2026-08-24T22:44:41.660435
eba03b4f-7d0a-498d-a823-db63123d559a,cart,ELEC_005,594.3,2026-08-23T19:45:57.131854
d2393a76-e7aa-4917-8d1a-eaea77151dd0,view,ELEC_014,0.0,2026-08-24T21:43:36.935035
fcdb2a08-2878-4a68-8159-6952bf2ae28f,view,BOOK_028,0.0,2026-08-22 17:58:01.168646
df6ef7b8-0a49-4e99-b1d7-860b83fad018,view,CLTH_005,0.0,2026-08-23 19:36:47.354653
27a943f0-74c1-47d4-a697-2bf5d20625d8,view,FOOD_024,0.0,2026-08-24T20:03:48.770808
cfbb7b9b-061e-4731-bff1-1ae6f010648a,view,SPRT_002,0.0,2026-08-24T23:21:01.622667
272d6b5f-aeca-485e-a4ba-1a5689f647ac,view,ELEC_024,0.0,2026-08-24 20:49:05.575007
194d41b2-19c9-4faa-8a3b-c33649c1679f,cart,ELEC_023,430.12,2026-08-23T19:48:38.410527
e04bc446-eef1-4a6c-bdd3-722ed841b5b0,view,FOOD_006,0.0,2026-08-24 23:06:56.786024
7973f2a9-cd05-4d96-a6a3-b5bcbfe5a807,view,FOOD_025,0.0,2026-08-24 20:56:41.866784
fc663667-5a7c-4583-8210-a39d89c8784d,purchase,CLTH_019,330.25,2026-08-18 18:57:23.727013
a96f1d3a-763c-4bc2-9e7d-20d3463261d5,cart,ELEC_009,672.59,2026-08-15 19:41:11.330707
0a2f3d10-ae64-4472-a673-478e6650e204,cart,FOOD_017,65.91,2026-08-16 16:35:42.771272
a8b5f893-6a56-4f9f-b429-038b5a69def7,view,CLTH_029,0.0,2026-08-24 19:39:18.867886
a169dc99-f3d9-4a6d-be74-c528e84e184c,view,ELEC_020,0.0,2026-08-20T21:26:10.620493
838d67a1-4adc-4bef-834d-defa67fe3762,view,FOOD_023,0.0,2026-08-24 23:16:51.389840
79486124-ceb2-4f91-bf0f-378b69ecb64c,view,FOOD_016,0.0,2026-08-22T17:52:15.340585
dcd98015-a110-4e4e-bffd-2db821ce770a,purchase,ELEC_029,671.48,2026-08-24T21:18:57.527713
1344b28a-61ef-4a23-9d78-756fce943fce,purchase,FOOD_002,89.89,2026-08-24T21:38:31.434767
7e12728f-8e77-4093-b21e-7650a323fb12,view,SPRT_015,0.0,2026-08-24 21:43:19.500871
af8c3802-1e97-4ac1-a05e-a064dc9a598f,view,CLTH_005,0.0,2026-08-18 18:54:13.609439
d13300b8-b21a-4b42-b229-1237697e4e3f,view,BOOK_019,0.0,2026-08-18T18:58:45.881947
559449e8-4daf-4cae-863c-369e59d25d8b,view,FOOD_007,0.0,2026-08-22T17:07:30.527883
e9af50c7-3916-48bf-9def-f8eae8db79ee,cart,BOOK_005,20.07,2026-08-24 19:36:32.003730
09abfce0-670c-4c5a-80ae-bc4f39aa0796,cart,CLTH_010,146.26,2026-08-28 18:09:27.377436
d0083a3b-3cf2-48a7-b1a4-f12398d8bd7f,purchase,BOOK_008,32.71,2026-08-24T20:13:20.676133
3cd39961-1811-4043-81ca-ab2b96896334,view,FOOD_005,0.0,2026-08-22T17:06:56.094256
fb5c4430-55ab-46c5-9e83-bae524560811,purchase,ELEC_014,1092.63,2026-08-24 20:23:50.233262
544c32f4-a10e-44ff-a0d5-6f8b523e593a,view,FOOD_006,0.0,2026-08-20T21:15:07.574419
17bb18d0-1b6c-4045-9b62-754e463aabd2,view,ELEC_019,0.0,2026-08-28 18:06:11.468756
544c32f4-a10e-44ff-a0d5-6f8b523e593a,view,CLTH_030,0.0,2026-08-24T23:20:26.242667
7973f2a9-cd05-4d96-a6a3-b5bcbfe5a807,purchase,CLTH_016,263.7,2026-08-24 20:50:32.914436
6faa3f2f-4722-4384-8e2e-1ba697d518a4,view,ELEC_025,0.0,2026-08-18 18:59:56.650287
8e8f1a72-9d02-4f7f-812e-28ab52b05f20,view,CLTH_020,0.0,2026-08-20 21:12:55.597077
fcd6fe57-c144-4e2e-a82f-44cb7df85d3f,purchase,SPRT_006,363.87,2026-08-24T23:21:03.541307
60fa3dee-9722-469f-9ede-8581e64a5dc8,view,BOOK_021,0.0,2026-08-24T19:49:43.806319
8afb9663-be21-47d5-b7bf-d549285fa584,view,FOOD_027,0.0,2026-08-22T17:14:50.114722
aa1b5519-6825-4270-a210-d706d63db7f1,cart,FOOD_020,49.21,2026-08-24T20:49:50.756504
e352f24e-22e8-4012-a195-24367d88715a,view,BOOK_013,0.0,2026-08-24T21:07:11.303262
d0ee500b-2986-4393-8222-e3a34f6829c5,view,ELEC_011,0.0,2026-08-23T19:39:42.952399
d6ea31f0-4a99-43ba-8364-82717218083c,view,SPRT_029,0.0,2026-08-16 16:45:40.835794
85a19fd8-54ae-4ace-a4dc-55c4ce3993ce,view,BOOK_017,0.0,2026-08-24 22:15:41.838770
9f5699e8-c821-4444-b570-668a4eedcb12,view,CLTH_002,0.0,2026-08-19 23:35:47.681944
ca8a018c-1d30-4a4d-9da7-20f5ae4514e1,view,BOOK_027,0.0,2026-08-22 17:42:56.340443
7c876903-8503-4e64-91da-9f12ea161fac,view,ELEC_024,0.0,2026-08-24 22:34:12.427121
acececef-4ab4-44e7-8ba4-dc1b3db1b57b,view,CLTH_008,0.0,2026-08-19 23:32:19.389947
aaf98546-9399-431c-890b-576fa08abac0,cart,ELEC_016,123.15,2026-08-20T21:20:56.718427
b32648f7-5c8a-4360-9d8d-e4d9d9c805e6,view,CLTH_010,0.0,2026-08-20 22:03:44.124906
60fa3dee-9722-469f-9ede-8581e64a5dc8,cart,BOOK_020,31.88,2026-08-24T19:49:44.205389
659ae273-f90a-4d3d-8e25-4ce44740dbc3,view,CLTH_018,0.0,2026-08-28T18:09:14.258116
3eae1b1f-da2f-40b7-883b-ad6d9a3673eb,view,CLTH_027,0.0,2026-08-24 21:44:01.489189
f40f2fc0-4990-4c42-b190-23976cdaf79f,view,BOOK_023,0.0,2026-08-16 16:41:01.280147
2531c3a7-f6d1-496c-8395-187ec22b1cf3,view,CLTH_023,0.0,2026-08-20T21:18:15.802787
01c8f8b9-4fbf-44a7-8919-178beaceb074,view,FOOD_024,0.0,2026-08-24T21:47:28.442709
1d21b537-35e3-49e4-ad04-fb64e3a6b0d7,cart,SPRT_020,351.44,2026-08-24T20:15:38.280856
61887664-7787-4a05-aa10-f242d15e7b6f,view,SPRT_021,0.0,2026-08-22 17:52:24.932635
fc18b9b9-0790-45c2-9bd4-39c8c166b7ff,view,FOOD_002,0.0,2026-08-24T23:03:31.589588
1683fa13-caae-47d0-876d-5cd63161b109,view,ELEC_014,0.0,2026-08-19T23:28:03.093215
65c76bd2-c4c5-4ead-bb07-d1518810d424,view,CLTH_009,0.0,2026-08-24 20:15:55.227868
0a2f3d10-ae64-4472-a673-478e6650e204,view,FOOD_005,0.0,2026-08-16 16:35:42.844843
65c76bd2-c4c5-4ead-bb07-d1518810d424,view,CLTH_007,0.0,2026-08-24 20:32:22.621409
27a943f0-74c1-47d4-a697-2bf5d20625d8,view,CLTH_008,0.0,2026-08-24 20:22:51.166432
b2b6e8f7-a7a2-4a38-8be3-f154118f5196,view,BOOK_003,0.0,2026-08-22 17:42:19.187790
38c90e9e-a827-4bae-9a22-50c3d3ae002c,cart,BOOK_024,16.38,2026-08-20 21:13:47.279643
807ffd32-2ef3-4a31-a89a-238c366b264b,view,CLTH_027,0.0,2026-08-24 21:29:33.669241
61887664-7787-4a05-aa10-f242d15e7b6f,view,SPRT_001,0.0,2026-08-22 17:41:19.602835
a9924f59-2d8b-4172-8e44-ae16ad011154,cart,FOOD_013,10.63,2026-08-18T18:52:23.941867
c6ad3b1a-879f-46e9-b4df-c61479de62ea,view,FOOD_025,0.0,2026-08-18 18:49:08.370799
0499cbb0-f1ab-4ff4-bdac-9b47815a9b3a,view,CLTH_021,0.0,2026-08-23 19:35:02.733049
7c53ddd0-71fe-4919-a4fe-86d633a58eee,view,BOOK_016,0.0,2026-08-23T19:49:42.957444
2d7c90c3-0788-41c8-b160-06e19f4406f6,view,BOOK_007,0.0,2026-08-24 21:49:39.653372
79486124-ceb2-4f91-bf0f-378b69ecb64c,view,ELEC_022,0.0,2026-08-22 17:46:10.292569
69ac5a58-9bcc-4f4b-bdd5-baea8549f46e,cart,FOOD_010,56.56,2026-08-23T19:42:50.083736
a169dc99-f3d9-4a6d-be74-c528e84e184c,view,CLTH_029,0.0,2026-08-22T17:53:19.058346
103b446e-bac3-42b5-96ca-727662d099e1,purchase,BOOK_008,10.94,2026-08-24T21:14:43.576552
23e6833c-1e9f-4546-9ca2-5392b29eeb0c,view,BOOK_003,0.0,2026-08-22 17:29:52.450542
3eae1b1f-da2f-40b7-883b-ad6d9a3673eb,view,CLTH_024,0.0,2026-08-24 22:45:37.328868
d30fc382-e140-48b8-8038-bd17100271c2,view,SPRT_002,0.0,2026-08-24T22:17:12.815866
f45f43f0-f972-4f1b-bef3-8f2297f88dfc,view,SPRT_007,0.0,2026-08-19 23:23:39.372510
2989c566-bd71-49e2-8d10-a60c615ee48b,view,ELEC_018,0.0,2026-08-24T19:46:36.224412
07974040-0d6e-4dd2-a06d-09236cb2f439,view,SPRT_018,0.0,2026-08-24T22:37:25.530330
8d2e8c22-0f58-489e-84d3-59c68d8c63a5,cart,BOOK_003,28.16,2026-08-16 10:32:35.809364
135a78d8-b64e-42f3-b81e-06a99da1379a,view,SPRT_016,0.0,2026-08-24T19:53:23.644271
9d82dbcc-f68b-4045-b84a-79b4d7103eeb,view,ELEC_009,0.0,2026-08-22 17:29:50.828641
dd0c2035-e21b-4a2f-aa23-2bb8b37e125d,view,FOOD_016,0.0,2026-08-22 17:04:03.889558
7533f6a3-2d5e-454c-a7d4-5a213a566a6a,view,ELEC_014,0.0,2026-08-24T20:13:56.890168
9527030a-454f-418b-9265-43c29b277831,cart,ELEC_005,357.87,2026-08-22T17:05:14.789017
ddc313fb-bc63-47e5-ac3f-b9d1d5a703a1,view,CLTH_006,0.0,2026-08-24 21:36:37.370216
8cb1b203-1ae6-415f-a049-61e42090ef5e,view,SPRT_013,0.0,2026-08-23T19:44:55.390989
85a19fd8-54ae-4ace-a4dc-55c4ce3993ce,view,BOOK_008,0.0,2026-08-24 22:20:10.770905
82a1487d-2323-45c1-9468-a6f88d47a779,cart,FOOD_007,76.65,2026-08-24 20:02:08.787478
559449e8-4daf-4cae-863c-369e59d25d8b,view,FOOD_015,0.0,2026-08-20T21:14:06.065924
204cd583-e18f-4356-afbd-560a95e5e55d,view,CLTH_021,0.0,2026-08-24 21:23:45.538145
b8a5374c-c93d-4c0c-83c8-6ecb467838ed,view,ELEC_025,0.0,2026-08-16 16:43:25.561455
3eae1b1f-da2f-40b7-883b-ad6d9a3673eb,view,CLTH_023,0.0,2026-08-24 22:07:41.310042
a8b5f893-6a56-4f9f-b429-038b5a69def7,view,CLTH_006,0.0,2026-08-24 19:49:48.089717
5fd25fd1-437c-46b3-9a39-aa545fcef320,view,FOOD_024,0.0,2026-08-24 19:42:14.273990
807ffd32-2ef3-4a31-a89a-238c366b264b,view,CLTH_020,0.0,2026-08-24 21:35:27.553615
17bb18d0-1b6c-4045-9b62-754e463aabd2,view,ELEC_023,0.0,2026-08-28 18:06:11.283598
9d82dbcc-f68b-4045-b84a-79b4d7103eeb,view,SPRT_013,0.0,2026-08-22 17:51:30.121076
46b4a363-670a-4824-bdea-bffd85562f0b,view,BOOK_027,0.0,2026-08-18 18:45:06.991078
28dee375-acb0-4efe-91a1-27bd967ca56b,view,SPRT_009,0.0,2026-08-28T18:11:03.938945
8cdacff9-37d6-4442-84bc-6ae90cf25759,view,FOOD_027,0.0,2026-08-23 19:39:22.804694
046701a6-5a53-43dc-aa26-d68a19f6cb9e,view,BOOK_013,0.0,2026-08-24T23:14:38.318625
1d21b537-35e3-49e4-ad04-fb64e3a6b0d7,view,BOOK_018,0.0,2026-08-22 17:17:29.248024
b2494169-7cd1-450a-9a6a-5bd5ce40d2fb,view,BOOK_010,0.0,2026-08-24 23:10:53.901820
6c42b183-6d7f-4eed-9a19-89815e3d0919,view,ELEC_015,0.0,2026-08-24T22:16:05.897857
5fd25fd1-437c-46b3-9a39-aa545fcef320,view,FOOD_006,0.0,2026-08-24 20:33:21.912678
caf220a7-85eb-4fa4-a33b-8c246570b167,view,ELEC_009,0.0,2026-08-23T20:03:45.252183
07e00408-a9f3-4a26-bb10-653e27ee1d69,view,ELEC_021,0.0,2026-08-28T18:08:04.926082
15371891-3d67-4bbe-a227-0aa843960503,view,BOOK_006,0.0,2026-08-28T18:15:56.926330
fcdb2a08-2878-4a68-8159-6952bf2ae28f,view,BOOK_025,0.0,2026-08-28T18:24:39.795661
8cb1b203-1ae6-415f-a049-61e42090ef5e,view,FOOD_003,0.0,2026-08-20 21:52:38.815524
eba03b4f-7d0a-498d-a823-db63123d559a,view,BOOK_004,0.0,2026-08-28T18:12:56.298390
718814b5-9a30-4643-8cfb-a460a60999ba,view,CLTH_019,0.0,2026-08-24 20:40:42.480998
807ffd32-2ef3-4a31-a89a-238c366b264b,cart,CLTH_005,150.31,2026-08-24 21:30:13.496781
65c76bd2-c4c5-4ead-bb07-d1518810d424,view,SPRT_017,0.0,2026-08-24T20:59:28.754317
5ecfc98a-922a-4821-a19c-74739ea9d49c,cart,ELEC_016,66.93,2026-08-24 22:13:20.046730
272d6b5f-aeca-485e-a4ba-1a5689f647ac,cart,CLTH_006,84.91,2026-08-24 19:52:10.872516
807ffd32-2ef3-4a31-a89a-238c366b264b,view,CLTH_023,0.0,2026-08-24 22:54:08.179759
adcabb5a-9294-4e06-91d7-d5fb55987582,view,BOOK_003,0.0,2026-08-18 19:07:03.469398
b8a5374c-c93d-4c0c-83c8-6ecb467838ed,view,SPRT_006,0.0,2026-08-24T20:24:58.984865
1342dc6b-765d-46f2-b62a-ae0cc1bedb78,cart,ELEC_023,438.17,2026-08-24T22:56:38.117703
6c42b183-6d7f-4eed-9a19-89815e3d0919,view,ELEC_028,0.0,2026-08-24 22:46:58.155376
2989c566-bd71-49e2-8d10-a60c615ee48b,cart,SPRT_027,131.79,2026-08-23 19:42:34.356951
807ffd32-2ef3-4a31-a89a-238c366b264b,view,CLTH_016,0.0,2026-08-24 22:51:12.419293
9ea41e68-c710-4b07-b2ae-6bbf22342547,view,CLTH_028,0.0,2026-08-16 10:42:07.013667
3298c361-8531-49e3-8652-5f10ff038a49,view,ELEC_015,0.0,2026-08-20T21:11:33.048631
27a943f0-74c1-47d4-a697-2bf5d20625d8,cart,CLTH_015,131.51,2026-08-24 20:48:23.478415
4eca1658-9c92-4d94-98cf-ac4413183c56,view,BOOK_027,0.0,2026-08-18 19:14:54.352157
15371891-3d67-4bbe-a227-0aa843960503,view,CLTH_016,0.0,2026-08-24 22:57:20.832454
e2c33043-9769-445e-bba4-3c9295d886e7,view,SPRT_002,0.0,2026-08-20 21:30:04.644254
07e00408-a9f3-4a26-bb10-653e27ee1d69,view,CLTH_006,0.0,2026-08-24 22:33:30.443157
37d1bc22-ec4f-4251-96d1-dbe0703942a7,view,CLTH_001,0.0,2026-08-19 23:28:10.034004
e520f38d-6d20-43be-ac04-26f7b8d044bb,cart,ELEC_019,359.1,2026-08-18 19:22:12.958430
3c8208eb-982f-4c25-aeb6-1d676d8c95fd,view,CLTH_005,0.0,2026-08-20 21:32:33.029490
ecef0a71-9256-43e0-bf92-91fc8ffffcf4,purchase,CLTH_024,199.19,2026-08-24 21:09:30.263379
3eae1b1f-da2f-40b7-883b-ad6d9a3673eb,cart,SPRT_014,185.22,2026-08-24 21:38:36.874417
6faa3f2f-4722-4384-8e2e-1ba697d518a4,view,ELEC_024,0.0,2026-08-18 19:00:24.951047
7a84b978-cc6b-49c8-8bba-b1f87d39615a,cart,BOOK_012,26.33,2026-08-24 22:09:38.249159
b92588da-f188-45e0-9358-9c955d88bc5a,view,SPRT_010,0.0,2026-08-20 21:24:06.366990
589c5997-fc90-4737-b2a5-e4271fdf4a9d,purchase,SPRT_027,127.4,2026-08-24T20:15:38.927547
1a8dde1b-a845-4523-9888-92a7f05ae954,purchase,ELEC_022,365.94,2026-08-20T21:14:37.300372
1342dc6b-765d-46f2-b62a-ae0cc1bedb78,view,SPRT_011,0.0,2026-08-24 21:43:42.307626
796609d9-7739-4166-ab01-9a72c52c20a7,view,SPRT_018,0.0,2026-08-23 19:53:19.020991
e04bc446-eef1-4a6c-bdd3-722ed841b5b0,view,CLTH_013,0.0,2026-08-24 21:34:52.476178
097603f7-ef8e-4380-83ce-337ce6b52a59,view,BOOK_019,0.0,2026-08-24 22:07:40.581299
07974040-0d6e-4dd2-a06d-09236cb2f439,view,FOOD_006,0.0,2026-08-24 22:01:44.517624
b42cbda4-175b-43b3-b494-d6e9be8d779f,purchase,BOOK_027,14.76,2026-08-28T18:15:22.038064
54dbe932-4af2-4f72-a46d-126eccaec63d,view,CLTH_014,0.0,2026-08-16 10:45:25.349460
5f70c5ad-79e7-42be-a108-76a2aa328993,view,BOOK_015,0.0,2026-08-19 23:34:26.970100
ecef0a71-9256-43e0-bf92-91fc8ffffcf4,view,ELEC_009,0.0,2026-08-24T23:11:04.166614
7c876903-8503-4e64-91da-9f12ea161fac,cart,ELEC_021,686.41,2026-08-24 22:33:09.674153
14652829-4c93-49cc-ac11-1084b352dbf8,view,BOOK_006,0.0,2026-08-24 22:04:05.257719
5ecfc98a-922a-4821-a19c-74739ea9d49c,purchase,CLTH_019,302.06,2026-08-24 21:43:26.130970
fb5c4430-55ab-46c5-9e83-bae524560811,view,FOOD_007,0.0,2026-08-24 19:38:58.354660
6faa3f2f-4722-4384-8e2e-1ba697d518a4,view,ELEC_019,0.0,2026-08-18 18:53:19.899536
559449e8-4daf-4cae-863c-369e59d25d8b,view,BOOK_001,0.0,2026-08-20T21:26:09.989071
06ef8987-2209-4f91-b32e-b826d451f567,view,CLTH_002,0.0,2026-08-20T21:54:53.780861
82a1487d-2323-45c1-9468-a6f88d47a779,view,CLTH_007,0.0,2026-08-24T19:50:15.331602
65c76bd2-c4c5-4ead-bb07-d1518810d424,view,FOOD_005,0.0,2026-08-28T18:24:42.175873
d9c0cd62-7da2-407f-b24f-c9887c0b8ae6,view,BOOK_010,0.0,2026-08-15 19:41:31.552310
82a1487d-2323-45c1-9468-a6f88d47a779,view,FOOD_026,0.0,2026-08-24 19:41:18.234136
e7011402-63aa-4b75-87a9-67546325bcab,view,CLTH_008,0.0,2026-08-24 23:23:09.895346
7973f2a9-cd05-4d96-a6a3-b5bcbfe5a807,purchase,BOOK_020,33.04,2026-08-24T21:07:09.615406
6c42b183-6d7f-4eed-9a19-89815e3d0919,view,ELEC_015,0.0,2026-08-24 22:48:06.800072
9f5699e8-c821-4444-b570-668a4eedcb12,cart,FOOD_003,24.93,2026-08-19 23:35:36.468074
07e00408-a9f3-4a26-bb10-653e27ee1d69,view,CLTH_003,0.0,2026-08-24 22:37:52.586856
8648af4d-7a61-4fed-84ea-10895f513822,view,ELEC_012,0.0,2026-08-20 21:10:23.670704
23563557-5b65-4775-84d2-cd11d7916afb,view,SPRT_004,0.0,2026-08-24T23:21:38.766467
540dfba9-6872-43b1-945d-a3584b72aa30,purchase,ELEC_018,505.42,2026-08-22T17:05:13.426062
66f9e642-1674-468a-884b-55c6f9a06472,view,CLTH_002,0.0,2026-08-18 18:59:32.469253
559449e8-4daf-4cae-863c-369e59d25d8b,view,FOOD_029,0.0,2026-08-24T21:41:57.820275
807ffd32-2ef3-4a31-a89a-238c366b264b,view,BOOK_020,0.0,2026-08-24 23:23:23.018298
ecb51178-8afe-4ba9-bd61-87e0a416554b,view,SPRT_008,0.0,2026-08-20T21:59:58.943547
9b70e162-3f36-46cd-87f4-65153d82f93c,cart,FOOD_019,13.07,2026-08-23T19:41:48.291704
97fcda00-fb2b-476b-9147-2dd97348c02b,purchase,SPRT_016,148.69,2026-08-24T23:21:01.975056
7a84b978-cc6b-49c8-8bba-b1f87d39615a,view,CLTH_020,0.0,2026-08-24 23:04:22.203109
c6da6198-1302-4f3b-98d8-59f524206a5a,view,FOOD_011,0.0,2026-08-24T20:40:55.780324
e7011402-63aa-4b75-87a9-67546325bcab,view,CLTH_024,0.0,2026-08-24 22:41:57.291859
9b70e162-3f36-46cd-87f4-65153d82f93c,view,SPRT_008,0.0,2026-08-28T18:24:01.178685
dcd98015-a110-4e4e-bffd-2db821ce770a,cart,CLTH_021,31.51,2026-08-23T19:45:57.573036
e04bc446-eef1-4a6c-bdd3-722ed841b5b0,view,CLTH_015,0.0,2026-08-24 22:05:28.226782
c6ad3b1a-879f-46e9-b4df-c61479de62ea,cart,BOOK_005,48.69,2026-08-28T18:12:57.169942
2de07fdd-8b53-4691-a8aa-c355b7716a3e,view,SPRT_025,0.0,2026-08-28T18:08:39.024234
c32d47d5-9419-46e9-8af8-3ed6aa710c89,cart,ELEC_016,626.63,2026-08-23T19:48:36.240547
ecef0a71-9256-43e0-bf92-91fc8ffffcf4,view,CLTH_004,0.0,2026-08-24 20:12:12.824885
c6da6198-1302-4f3b-98d8-59f524206a5a,view,CLTH_014,0.0,2026-08-24 20:09:05.822942
8fcaffd8-3597-4d9c-a4b0-7a878ba44f67,cart,FOOD_029,8.49,2026-08-20 22:02:51.502600
3298c361-8531-49e3-8652-5f10ff038a49,view,FOOD_007,0.0,2026-08-18T19:06:34.831616
5bedf809-4324-42d3-a225-67543e46f70a,view,BOOK_029,0.0,2026-08-24T23:17:33.691079
b8a5374c-c93d-4c0c-83c8-6ecb467838ed,view,ELEC_010,0.0,2026-08-16 16:43:25.579540
7cecad85-4914-4af5-863e-309987695976,view,CLTH_001,0.0,2026-08-24 21:47:14.266458
ab5beedd-73b7-43f0-8900-2fda346c8941,cart,CLTH_009,100.26,2026-08-20 21:22:48.602866
7c876903-8503-4e64-91da-9f12ea161fac,purchase,ELEC_013,699.32,2026-08-24 21:55:16.479660
2989c566-bd71-49e2-8d10-a60c615ee48b,view,SPRT_015,0.0,2026-08-23 19:42:34.249002
71f3d5de-38b0-4ad5-ad46-2524000b3c16,view,ELEC_002,0.0,2026-08-24T21:18:55.496861
c6da6198-1302-4f3b-98d8-59f524206a5a,purchase,ELEC_019,631.86,2026-08-24 20:29:33.241489
d13300b8-b21a-4b42-b229-1237697e4e3f,view,CLTH_022,0.0,2026-08-15 19:44:27.776916
097603f7-ef8e-4380-83ce-337ce6b52a59,cart,BOOK_017,30.41,2026-08-24 23:06:37.529734
9f729b04-6f80-4dae-9824-921396cc0ee2,purchase,BOOK_017,79.9,2026-08-24 20:06:43.211007
8648af4d-7a61-4fed-84ea-10895f513822,view,ELEC_005,0.0,2026-08-20 21:23:55.040070
e0cac62b-7a87-44bb-8198-dd96bc7eb6ae,view,FOOD_030,0.0,2026-08-20 21:30:18.379954
ddc313fb-bc63-47e5-ac3f-b9d1d5a703a1,cart,CLTH_017,104.98,2026-08-24 22:22:55.699763
7e6c74b6-e963-4328-83a5-602d2af48d1f,view,BOOK_025,0.0,2026-08-20T21:11:32.997817
7c876903-8503-4e64-91da-9f12ea161fac,purchase,FOOD_019,116.87,2026-08-24 23:05:08.698803
ecb51178-8afe-4ba9-bd61-87e0a416554b,view,BOOK_007,0.0,2026-08-23T19:39:11.567189
8b84f738-d1da-49a1-8b35-7f03cd7992a8,view,CLTH_009,0.0,2026-08-16 16:49:29.310573
d06247ce-154f-44d2-a431-0e6def01535f,view,CLTH_009,0.0,2026-08-24 22:09:54.314897
0499cbb0-f1ab-4ff4-bdac-9b47815a9b3a,view,BOOK_016,0.0,2026-08-24T19:58:06.044185
2de07fdd-8b53-4691-a8aa-c355b7716a3e,view,SPRT_001,0.0,2026-08-22T17:59:32.792504
718814b5-9a30-4643-8cfb-a460a60999ba,view,CLTH_009,0.0,2026-08-24 19:56:36.269669
8889c320-1f19-4bac-9c31-b9218acbf5b5,view,ELEC_019,0.0,2026-08-24 22:59:08.077248
65bdd5f8-4652-4a5f-aa90-ed5cbed78e68,view,BOOK_023,0.0,2026-08-28 18:11:11.664315
7c876903-8503-4e64-91da-9f12ea161fac,view,ELEC_016,0.0,2026-08-24 21:59:29.149054
e2d48b75-546c-497a-95bd-14034b8f808a,view,ELEC_027,0.0,2026-08-24T19:57:02.819566
2123f5ae-14df-4e5d-92db-1157b83c002d,view,CLTH_006,0.0,2026-08-19 23:31:33.079895
7973f2a9-cd05-4d96-a6a3-b5bcbfe5a807,view,CLTH_026,0.0,2026-08-24 19:42:35.338347
c32d47d5-9419-46e9-8af8-3ed6aa710c89,cart,SPRT_025,61.09,2026-08-22 17:36:31.149224
f0990893-bc9c-4914-b4e9-26579efdae9c,cart,FOOD_021,38.22,2026-08-20T21:20:54.269517
a96f1d3a-763c-4bc2-9e7d-20d3463261d5,view,CLTH_013,0.0,2026-08-20T21:19:18.372706
7cbfa99b-31eb-437d-b4e9-d5c1212be9ff,view,BOOK_013,0.0,2026-08-15 19:45:27.742164
b43786c5-4ef6-4017-a344-22b26bcbd3c5,view,CLTH_012,0.0,2026-08-24T22:28:58.535381
8889c320-1f19-4bac-9c31-b9218acbf5b5,view,ELEC_012,0.0,2026-08-24 23:22:49.427603
3eae1b1f-da2f-40b7-883b-ad6d9a3673eb,view,CLTH_014,0.0,2026-08-24 22:13:25.908828
2ca3ba80-c4ea-48a9-9d49-ec547b2177a2,cart,CLTH_005,34.0,2026-08-18 19:09:56.369703
e04bc446-eef1-4a6c-bdd3-722ed841b5b0,view,CLTH_025,0.0,2026-08-24 22:18:03.304901
b43786c5-4ef6-4017-a344-22b26bcbd3c5,view,SPRT_005,0.0,2026-08-24 20:52:51.548635
d0ee500b-2986-4393-8222-e3a34f6829c5,view,CLTH_020,0.0,2026-08-22 17:34:49.097151
807ffd32-2ef3-4a31-a89a-238c366b264b,view,CLTH_011,0.0,2026-08-24 22:03:19.513248
80fc42f8-36e7-494e-ab68-ae41fa2c75c1,view,BOOK_011,0.0,2026-08-20 21:08:21.065599
589c5997-fc90-4737-b2a5-e4271fdf4a9d,view,CLTH_007,0.0,2026-08-22 17:14:04.547490
fbc03b87-c84c-4ae3-872c-c3f001033c41,view,SPRT_025,0.0,2026-08-22T17:11:09.309382
204cd583-e18f-4356-afbd-560a95e5e55d,view,CLTH_016,0.0,2026-08-24 19:35:22.754855
097603f7-ef8e-4380-83ce-337ce6b52a59,view,BOOK_030,0.0,2026-08-24 22:27:10.611609
27a943f0-74c1-47d4-a697-2bf5d20625d8,view,ELEC_030,0.0,2026-08-24T20:08:19.542953
194d41b2-19c9-4faa-8a3b-c33649c1679f,cart,ELEC_007,810.41,2026-08-24T19:43:28.144716
fbc03b87-c84c-4ae3-872c-c3f001033c41,view,SPRT_019,0.0,2026-08-18 18:44:51.630518
8de7eb13-8152-4611-a515-17ecfec46828,view,BOOK_011,0.0,2026-08-22 17:03:18.411219
0e5061dd-6477-4b0b-baf1-80f9eca14fcd,view,SPRT_007,0.0,2026-08-19 23:35:36.821125
204cd583-e18f-4356-afbd-560a95e5e55d,view,CLTH_001,0.0,2026-08-24 20:24:54.180150
84411659-75b7-4910-9038-ff90e88caadf,view,CLTH_014,0.0,2026-08-23 19:34:45.943524
8889c320-1f19-4bac-9c31-b9218acbf5b5,view,ELEC_004,0.0,2026-08-24 21:27:45.109359
ab5beedd-73b7-43f0-8900-2fda346c8941,view,CLTH_018,0.0,2026-08-20 21:22:26.909371
8c9bf60c-9d81-434e-9a6f-73c2800925e8,view,SPRT_028,0.0,2026-08-23T19:35:28.649708
4bcc35c7-0c0f-40c6-81ef-9290c390c8ae,purchase,ELEC_015,638.6,2026-08-18 18:56:45.478405
194d41b2-19c9-4faa-8a3b-c33649c1679f,view,BOOK_021,0.0,2026-08-23T19:35:28.815925
f2ff3438-5f87-4245-8466-82e57f5edb6d,view,CLTH_003,0.0,2026-08-24T19:49:12.975199
69ac5a58-9bcc-4f4b-bdd5-baea8549f46e,cart,FOOD_003,56.29,2026-08-24T19:43:27.676720
7c876903-8503-4e64-91da-9f12ea161fac,view,FOOD_021,0.0,2026-08-28T18:09:13.167466
14652829-4c93-49cc-ac11-1084b352dbf8,view,BOOK_025,0.0,2026-08-24 21:49:25.552997
8e8f1a72-9d02-4f7f-812e-28ab52b05f20,view,CLTH_029,0.0,2026-08-20 21:12:55.482258
d2393a76-e7aa-4917-8d1a-eaea77151dd0,purchase,CLTH_023,88.83,2026-08-20 21:06:45.188387
e9af50c7-3916-48bf-9def-f8eae8db79ee,cart,BOOK_026,44.05,2026-08-24 19:58:22.183968
50e381b2-5e82-4228-ba7a-86669f6ade13,purchase,ELEC_015,914.41,2026-08-24T19:56:29.999915
82a1487d-2323-45c1-9468-a6f88d47a779,view,FOOD_021,0.0,2026-08-24 20:36:53.084401
65c76bd2-c4c5-4ead-bb07-d1518810d424,view,ELEC_005,0.0,2026-08-24 20:34:03.755757
1683fa13-caae-47d0-876d-5cd63161b109,view,CLTH_026,0.0,2026-08-15 19:44:26.630728
7cbfa99b-31eb-437d-b4e9-d5c1212be9ff,view,BOOK_019,0.0,2026-08-15 19:45:33.681021
7c876903-8503-4e64-91da-9f12ea161fac,purchase,ELEC_005,1045.91,2026-08-24 22:46:39.522192
85a19fd8-54ae-4ace-a4dc-55c4ce3993ce,cart,BOOK_016,14.41,2026-08-24 22:12:22.441356
0edab1bf-3255-4636-8c77-d72d54ebaa4a,purchase,BOOK_013,41.13,2026-08-18 19:17:02.449652
b43786c5-4ef6-4017-a344-22b26bcbd3c5,view,SPRT_030,0.0,2026-08-24 20:20:07.743042
4bcc35c7-0c0f-40c6-81ef-9290c390c8ae,view,SPRT_029,0.0,2026-08-20T21:14:05.620092
65c76bd2-c4c5-4ead-bb07-d1518810d424,view,CLTH_004,0.0,2026-08-24 21:05:02.155747
fb452d33-32d2-4fc8-a50d-278f74455526,view,SPRT_003,0.0,2026-08-24T21:01:49.905111
796609d9-7739-4166-ab01-9a72c52c20a7,view,SPRT_005,0.0,2026-08-23 19:31:23.354934
97fb0cad-ce2c-4c09-a49a-903e0f094869,cart,FOOD_009,55.81,2026-08-24T22:10:21.735539
9f5699e8-c821-4444-b570-668a4eedcb12,view,ELEC_016,0.0,2026-08-24T21:53:39.753504
09abfce0-670c-4c5a-80ae-bc4f39aa0796,purchase,CLTH_001,29.48,2026-08-28 18:15:22.729329
838d67a1-4adc-4bef-834d-defa67fe3762,view,FOOD_002,0.0,2026-08-24 23:02:11.712345
e941fe3b-e99f-4add-bed3-5b4394d2ddc3,view,ELEC_018,0.0,2026-08-28 18:21:47.213200
097603f7-ef8e-4380-83ce-337ce6b52a59,view,BOOK_028,0.0,2026-08-24 21:47:18.078183
7e12728f-8e77-4093-b21e-7650a323fb12,view,CLTH_014,0.0,2026-08-24 23:15:28.506923
ecef0a71-9256-43e0-bf92-91fc8ffffcf4,purchase,CLTH_015,131.3,2026-08-24 20:26:06.003060
2b7a7e25-b43d-4e89-885b-98379448cec0,view,SPRT_023,0.0,2026-08-24T22:55:59.775743
9f729b04-6f80-4dae-9824-921396cc0ee2,view,FOOD_003,0.0,2026-08-24 20:33:27.427993
7cecad85-4914-4af5-863e-309987695976,view,CLTH_003,0.0,2026-08-24 22:59:08.757470
0e5061dd-6477-4b0b-baf1-80f9eca14fcd,cart,CLTH_005,130.67,2026-08-24T20:07:44.249050
2123f5ae-14df-4e5d-92db-1157b83c002d,view,CLTH_022,0.0,2026-08-19 23:23:03.967643
33cba815-f157-4c79-818d-2ebbda04e88a,view,BOOK_018,0.0,2026-08-24T19:45:33.841041
fc18b9b9-0790-45c2-9bd4-39c8c166b7ff,view,SPRT_024,0.0,2026-08-20T21:10:31.220811
c6b1433c-fd3a-4b37-a002-e3213ac67574,purchase,FOOD_011,11.44,2026-08-24 22:21:26.149748
544c32f4-a10e-44ff-a0d5-6f8b523e593a,view,FOOD_012,0.0,2026-08-20T21:21:58.906696
27a943f0-74c1-47d4-a697-2bf5d20625d8,cart,ELEC_003,638.54,2026-08-24 20:17:36.456658
d13300b8-b21a-4b42-b229-1237697e4e3f,view,ELEC_013,0.0,2026-08-15 19:47:26.477114
6c42b183-6d7f-4eed-9a19-89815e3d0919,view,ELEC_002,0.0,2026-08-24 23:12:35.627173
b4a0963f-da4e-401b-b39a-2668f972529c,view,SPRT_027,0.0,2026-08-24 20:49:32.928150
4f3b1ab5-91ca-43a2-a8bb-715dd0866ccb,view,FOOD_024,0.0,2026-08-16 16:41:46.018718
3fb2fa2a-b4d2-485d-acd8-9cc11c7a142c,purchase,CLTH_008,113.01,2026-08-20T21:47:49.084344
16a45d1c-fcb0-44ee-be9c-1c14c693e1c8,purchase,CLTH_029,48.77,2026-08-24 20:06:50.901123
7cecad85-4914-4af5-863e-309987695976,view,CLTH_014,0.0,2026-08-24 22:59:08.618132
2743b6ed-fc45-4744-8bc0-3fcfbda03d36,view,SPRT_012,0.0,2026-08-23T19:44:55.181032
9f729b04-6f80-4dae-9824-921396cc0ee2,purchase,BOOK_005,38.99,2026-08-24 19:58:35.927562
32d60b7b-0ecd-4d77-ad93-8db6a14c6708,view,BOOK_027,0.0,2026-08-16 10:42:45.261631
1d21b537-35e3-49e4-ad04-fb64e3a6b0d7,purchase,FOOD_019,24.51,2026-08-22 17:11:49.171827
00f663e7-4a3e-49a4-a200-c3c06ef5259a,cart,ELEC_024,354.62,2026-08-24T23:11:00.889653
bd22f4c4-5268-45d9-9243-8d72683946f2,view,CLTH_028,0.0,2026-08-23 19:44:26.218771
6c42b183-6d7f-4eed-9a19-89815e3d0919,view,ELEC_015,0.0,2026-08-24 23:12:55.919685
544c32f4-a10e-44ff-a0d5-6f8b523e593a,view,ELEC_008,0.0,2026-08-23T19:39:42.405308
49d7c508-82b8-424a-9f56-f23225a308fb,view,CLTH_005,0.0,2026-08-24T20:03:16.605739
5fd25fd1-437c-46b3-9a39-aa545fcef320,view,FOOD_028,0.0,2026-08-24 21:23:01.098053
7a84b978-cc6b-49c8-8bba-b1f87d39615a,cart,CLTH_022,190.42,2026-08-24 21:31:01.718440
fc18b9b9-0790-45c2-9bd4-39c8c166b7ff,view,ELEC_009,0.0,2026-08-16 10:39:21.040870
80fc42f8-36e7-494e-ab68-ae41fa2c75c1,view,BOOK_018,0.0,2026-08-20 21:09:45.637087
fb5c4430-55ab-46c5-9e83-bae524560811,view,FOOD_013,0.0,2026-08-24 20:20:21.144537
8c1f2c4f-fcb2-4456-8fb7-b41a9931e230,view,CLTH_025,0.0,2026-08-20 21:11:00.012569
ecef0a71-9256-43e0-bf92-91fc8ffffcf4,cart,CLTH_020,132.57,2026-08-24 20:49:16.438854
3eae1b1f-da2f-40b7-883b-ad6d9a3673eb,view,CLTH_027,0.0,2026-08-24 22:07:41.161943
1c40c716-3e21-417f-a735-1300abafdc59,cart,ELEC_026,731.6,2026-08-23T19:40:13.964657
8e8f1a72-9d02-4f7f-812e-28ab52b05f20,purchase,CLTH_014,29.01,2026-08-20 21:06:50.662464
046701a6-5a53-43dc-aa26-d68a19f6cb9e,view,CLTH_024,0.0,2026-08-18 18:59:38.496565
a4dbcca0-eaa3-4f6a-91d1-a92bc00a2c19,purchase,FOOD_011,108.94,2026-08-28T18:08:04.692644
8889c320-1f19-4bac-9c31-b9218acbf5b5,view,SPRT_013,0.0,2026-08-24T22:44:07.994306
d572cc22-f568-4269-a4ca-75bae22243da,view,FOOD_020,0.0,2026-08-28T18:10:22.080154
7cecad85-4914-4af5-863e-309987695976,view,CLTH_011,0.0,2026-08-24 22:25:13.911564
27a943f0-74c1-47d4-a697-2bf5d20625d8,purchase,ELEC_008,625.63,2026-08-24 19:36:04.308477
2123f5ae-14df-4e5d-92db-1157b83c002d,purchase,ELEC_030,661.54,2026-08-24T21:37:56.737901
5ecfc98a-922a-4821-a19c-74739ea9d49c,view,SPRT_014,0.0,2026-08-24T22:23:55.798462
b35b2819-9d3c-4808-af34-8b96e9513eec,purchase,SPRT_025,551.25,2026-08-24 07:49:28.758939
097603f7-ef8e-4380-83ce-337ce6b52a59,view,BOOK_019,0.0,2026-08-24 23:05:09.627116
14652829-4c93-49cc-ac11-1084b352dbf8,view,ELEC_019,0.0,2026-08-28T18:15:58.035939
1c40c716-3e21-417f-a735-1300abafdc59,view,BOOK_009,0.0,2026-08-24T23:22:19.133069
8648af4d-7a61-4fed-84ea-10895f513822,view,FOOD_010,0.0,2026-08-24T21:10:22.120415
b2494169-7cd1-450a-9a6a-5bd5ce40d2fb,view,FOOD_014,0.0,2026-08-24 21:45:17.824180
d06247ce-154f-44d2-a431-0e6def01535f,view,BOOK_008,0.0,2026-08-24 22:00:27.089718
b1143e5d-1e1f-426c-aaa8-ab647f0ea967,purchase,CLTH_026,185.96,2026-08-22T17:33:45.049927
fc029a04-be52-486b-8b8f-0f1b173d81fb,purchase,SPRT_006,165.63,2026-08-22T17:05:50.814139
7c876903-8503-4e64-91da-9f12ea161fac,cart,FOOD_010,35.72,2026-08-24 22:47:02.636389
ddc313fb-bc63-47e5-ac3f-b9d1d5a703a1,view,CLTH_018,0.0,2026-08-24 22:36:28.976620
85a19fd8-54ae-4ace-a4dc-55c4ce3993ce,view,SPRT_028,0.0,2026-08-24 22:58:36.093741
7a84b978-cc6b-49c8-8bba-b1f87d39615a,view,CLTH_020,0.0,2026-08-24 22:21:53.190629
7cecad85-4914-4af5-863e-309987695976,cart,CLTH_009,110.99,2026-08-24 21:47:14.207968
1683fa13-caae-47d0-876d-5cd63161b109,view,BOOK_028,0.0,2026-08-23T19:40:13.843433
d06247ce-154f-44d2-a431-0e6def01535f,view,CLTH_009,0.0,2026-08-24 23:02:10.123560
4bcc35c7-0c0f-40c6-81ef-9290c390c8ae,view,CLTH_027,0.0,2026-08-24T23:23:29.662465
9f729b04-6f80-4dae-9824-921396cc0ee2,cart,BOOK_022,57.03,2026-08-24 19:47:17.915060
09abfce0-670c-4c5a-80ae-bc4f39aa0796,view,BOOK_013,0.0,2026-08-28 18:08:31.030907
27a943f0-74c1-47d4-a697-2bf5d20625d8,view,CLTH_007,0.0,2026-08-24 20:51:34.305640
61887664-7787-4a05-aa10-f242d15e7b6f,view,SPRT_008,0.0,2026-08-22 17:30:32.150270
1342dc6b-765d-46f2-b62a-ae0cc1bedb78,view,FOOD_012,0.0,2026-08-24 22:39:47.599580
8648af4d-7a61-4fed-84ea-10895f513822,purchase,ELEC_018,340.73,2026-08-20 21:26:21.171481
fcd6fe57-c144-4e2e-a82f-44cb7df85d3f,view,ELEC_021,0.0,2026-08-23T19:35:29.033231
65c76bd2-c4c5-4ead-bb07-d1518810d424,cart,CLTH_011,53.95,2026-08-24 21:05:02.099684
3eae1b1f-da2f-40b7-883b-ad6d9a3673eb,view,CLTH_028,0.0,2026-08-24 22:53:23.160798
ab5beedd-73b7-43f0-8900-2fda346c8941,view,CLTH_021,0.0,2026-08-20 21:19:51.468286
fb452d33-32d2-4fc8-a50d-278f74455526,cart,SPRT_011,138.31,2026-08-24T22:35:09.207715
ddc313fb-bc63-47e5-ac3f-b9d1d5a703a1,view,CLTH_002,0.0,2026-08-24 21:57:55.691300
b2494169-7cd1-450a-9a6a-5bd5ce40d2fb,view,SPRT_028,0.0,2026-08-24 22:15:50.480321
718814b5-9a30-4643-8cfb-a460a60999ba,view,FOOD_030,0.0,2026-08-24 21:10:25.055951
af8c3802-1e97-4ac1-a05e-a064dc9a598f,view,ELEC_019,0.0,2026-08-24T19:56:31.840503
097603f7-ef8e-4380-83ce-337ce6b52a59,view,SPRT_009,0.0,2026-08-24 22:17:05.818567
18af9202-01b4-42d9-a7a8-a3fd40d77ea7,cart,SPRT_019,334.72,2026-08-18 19:18:30.420492
7973f2a9-cd05-4d96-a6a3-b5bcbfe5a807,cart,CLTH_008,89.3,2026-08-24 21:22:25.816193
61887664-7787-4a05-aa10-f242d15e7b6f,cart,SPRT_018,156.31,2026-08-22 17:48:55.538170
c6ad3b1a-879f-46e9-b4df-c61479de62ea,view,BOOK_013,0.0,2026-08-28T18:12:57.169942
2531c3a7-f6d1-496c-8395-187ec22b1cf3,cart,CLTH_015,134.39,2026-08-24T19:50:16.002332
15371891-3d67-4bbe-a227-0aa843960503,view,CLTH_023,0.0,2026-08-24 22:54:18.261808
ecef0a71-9256-43e0-bf92-91fc8ffffcf4,view,ELEC_026,0.0,2026-08-24 21:11:35.112382
4af16b18-bb80-4ce1-83fd-eeced79f6030,view,FOOD_002,0.0,2026-08-16 16:49:13.121224
659ae273-f90a-4d3d-8e25-4ce44740dbc3,view,SPRT_008,0.0,2026-08-23T19:43:21.085917
79486124-ceb2-4f91-bf0f-378b69ecb64c,purchase,BOOK_004,76.21,2026-08-22 17:36:12.370837
84411659-75b7-4910-9038-ff90e88caadf,view,SPRT_023,0.0,2026-08-24T19:49:12.448741
07e00408-a9f3-4a26-bb10-653e27ee1d69,view,SPRT_020,0.0,2026-08-24 22:14:07.627261
204cd583-e18f-4356-afbd-560a95e5e55d,view,FOOD_024,0.0,2026-08-24 19:58:01.574878
80fc42f8-36e7-494e-ab68-ae41fa2c75c1,view,BOOK_010,0.0,2026-08-22T17:04:40.314021
d83aca8e-5d41-4fc0-992e-a9dc27732931,view,BOOK_014,0.0,2026-08-19 23:21:06.475792
204cd583-e18f-4356-afbd-560a95e5e55d,view,ELEC_013,0.0,2026-08-24T21:50:51.768866
ab5beedd-73b7-43f0-8900-2fda346c8941,purchase,CLTH_019,272.36,2026-08-20 21:07:05.327457
06ef8987-2209-4f91-b32e-b826d451f567,view,BOOK_027,0.0,2026-08-24T20:07:08.519115
28dee375-acb0-4efe-91a1-27bd967ca56b,view,CLTH_022,0.0,2026-08-22 17:36:20.520534
a6a3df8c-d39a-4527-8306-9fc8f5e2ac32,view,CLTH_012,0.0,2026-08-24T19:50:15.936598
7cecad85-4914-4af5-863e-309987695976,view,CLTH_029,0.0,2026-08-24 22:29:25.336195
7c876903-8503-4e64-91da-9f12ea161fac,purchase,BOOK_029,33.73,2026-08-24 23:21:56.324206
718814b5-9a30-4643-8cfb-a460a60999ba,view,CLTH_030,0.0,2026-08-24 19:52:05.186906
2123f5ae-14df-4e5d-92db-1157b83c002d,view,CLTH_023,0.0,2026-08-24T21:07:57.798039
2989c566-bd71-49e2-8d10-a60c615ee48b,view,SPRT_010,0.0,2026-08-23 19:39:27.751778
6c42b183-6d7f-4eed-9a19-89815e3d0919,view,ELEC_019,0.0,2026-08-24 22:46:58.244635
fc029a04-be52-486b-8b8f-0f1b173d81fb,purchase,SPRT_004,395.91,2026-08-23T20:01:33.299180
65c76bd2-c4c5-4ead-bb07-d1518810d424,cart,CLTH_020,138.24,2026-08-24 20:33:29.499524
097603f7-ef8e-4380-83ce-337ce6b52a59,view,BOOK_023,0.0,2026-08-24 21:28:20.603661
1342dc6b-765d-46f2-b62a-ae0cc1bedb78,view,SPRT_010,0.0,2026-08-24 22:43:44.037953
2123f5ae-14df-4e5d-92db-1157b83c002d,view,CLTH_013,0.0,2026-08-19 23:24:53.086640
8fcaffd8-3597-4d9c-a4b0-7a878ba44f67,purchase,FOOD_025,118.31,2026-08-20 22:02:19.521800
046701a6-5a53-43dc-aa26-d68a19f6cb9e,view,CLTH_028,0.0,2026-08-18 18:51:39.746721
c6da6198-1302-4f3b-98d8-59f524206a5a,cart,CLTH_019,29.83,2026-08-24 20:23:42.997409
e7011402-63aa-4b75-87a9-67546325bcab,view,CLTH_004,0.0,2026-08-24 22:20:58.122400
48fdb41c-6451-4813-9e73-3326f54170f7,view,CLTH_028,0.0,2026-08-20T21:37:03.189025
2123f5ae-14df-4e5d-92db-1157b83c002d,view,CLTH_016,0.0,2026-08-19 23:32:56.688215
103b446e-bac3-42b5-96ca-727662d099e1,purchase,SPRT_006,384.21,2026-08-20 21:07:30.014008
718814b5-9a30-4643-8cfb-a460a60999ba,view,BOOK_011,0.0,2026-08-24 19:50:23.672842
eedeb7be-443c-4607-a98b-a6928f11d578,view,FOOD_024,0.0,2026-08-24T21:38:34.031911
1342dc6b-765d-46f2-b62a-ae0cc1bedb78,view,SPRT_011,0.0,2026-08-24 21:56:20.138767
06ef8987-2209-4f91-b32e-b826d451f567,view,BOOK_023,0.0,2026-08-24T21:12:55.385935
8afb9663-be21-47d5-b7bf-d549285fa584,view,ELEC_015,0.0,2026-08-16 10:28:33.440385
204cd583-e18f-4356-afbd-560a95e5e55d,view,CLTH_027,0.0,2026-08-24 20:24:54.492768
8b84f738-d1da-49a1-8b35-7f03cd7992a8,purchase,BOOK_027,26.92,2026-08-23T19:39:10.077173
097603f7-ef8e-4380-83ce-337ce6b52a59,purchase,BOOK_011,46.92,2026-08-24 21:44:02.425384
e3576704-b8db-4482-a571-018fedb94275,view,SPRT_019,0.0,2026-08-22T17:47:59.931889
8de7eb13-8152-4611-a515-17ecfec46828,view,FOOD_020,0.0,2026-08-24T19:50:15.227487
7973f2a9-cd05-4d96-a6a3-b5bcbfe5a807,view,CLTH_002,0.0,2026-08-24T21:31:14.457815
df6ef7b8-0a49-4e99-b1d7-860b83fad018,view,BOOK_016,0.0,2026-08-23 19:51:23.514959
71f55371-9f14-4e13-9e69-9f92146c5f85,view,CLTH_021,0.0,2026-08-23T19:45:58.490516
8cdacff9-37d6-4442-84bc-6ae90cf25759,cart,FOOD_009,66.41,2026-08-23 19:39:52.404135
272d6b5f-aeca-485e-a4ba-1a5689f647ac,view,CLTH_028,0.0,2026-08-24T20:53:40.246738
4bcc35c7-0c0f-40c6-81ef-9290c390c8ae,view,CLTH_003,0.0,2026-08-23T20:04:16.006665
1c40c716-3e21-417f-a735-1300abafdc59,view,BOOK_007,0.0,2026-08-24T21:07:10.237218
6c42b183-6d7f-4eed-9a19-89815e3d0919,view,ELEC_023,0.0,2026-08-24 21:43:16.061047
b92588da-f188-45e0-9358-9c955d88bc5a,cart,SPRT_019,59.37,2026-08-20 21:23:45.824972
e7011402-63aa-4b75-87a9-67546325bcab,view,CLTH_026,0.0,2026-08-24 22:32:02.761515
5f70c5ad-79e7-42be-a108-76a2aa328993,cart,BOOK_028,19.35,2026-08-19 23:34:25.108311
65c76bd2-c4c5-4ead-bb07-d1518810d424,view,CLTH_025,0.0,2026-08-24 20:08:48.325754
07e00408-a9f3-4a26-bb10-653e27ee1d69,cart,CLTH_011,110.88,2026-08-24 21:53:47.981645
7cbfa99b-31eb-437d-b4e9-d5c1212be9ff,view,BOOK_014,0.0,2026-08-15 19:44:10.390526
01c8f8b9-4fbf-44a7-8919-178beaceb074,view,SPRT_014,0.0,2026-08-24T22:55:56.488000
10a14ce2-6a79-4e2d-b024-ab8150be7f3b,cart,FOOD_006,37.35,2026-08-22T17:14:50.670711
e9af50c7-3916-48bf-9def-f8eae8db79ee,purchase,BOOK_015,45.44,2026-08-24 20:58:36.637448
b4a0963f-da4e-401b-b39a-2668f972529c,view,SPRT_024,0.0,2026-08-24 19:51:16.584723
aaaa38a6-7d37-4a0f-a0ae-a18daa98f586,view,SPRT_002,0.0,2026-08-16 16:43:43.800932
f0bd94bc-247d-45cf-84f6-c5509dc870cc,view,CLTH_030,0.0,2026-08-24T19:43:59.390584
9b7e7aee-079a-4bab-8c71-badadf83bdcd,view,SPRT_024,0.0,2026-08-20 21:20:40.148191
1342dc6b-765d-46f2-b62a-ae0cc1bedb78,view,SPRT_022,0.0,2026-08-24 21:56:20.415773
82a1487d-2323-45c1-9468-a6f88d47a779,view,FOOD_012,0.0,2026-08-24 20:34:46.445619
07e00408-a9f3-4a26-bb10-653e27ee1d69,view,CLTH_030,0.0,2026-08-24 21:42:37.621798
559449e8-4daf-4cae-863c-369e59d25d8b,view,BOOK_015,0.0,2026-08-23T19:36:31.128259
5ecfc98a-922a-4821-a19c-74739ea9d49c,purchase,CLTH_012,175.69,2026-08-24 22:51:44.968398
7973f2a9-cd05-4d96-a6a3-b5bcbfe5a807,view,BOOK_002,0.0,2026-08-24T23:12:13.407022
d0083a3b-3cf2-48a7-b1a4-f12398d8bd7f,purchase,SPRT_021,335.75,2026-08-20 21:39:24.025821
fb5c4430-55ab-46c5-9e83-bae524560811,view,FOOD_009,0.0,2026-08-24 20:45:04.028185
a4dbcca0-eaa3-4f6a-91d1-a92bc00a2c19,view,SPRT_017,0.0,2026-08-24 20:32:23.472997
d37ca1f9-a758-4fcd-abd0-8a4b28290823,view,ELEC_015,0.0,2026-08-23T19:48:35.489221
6c42b183-6d7f-4eed-9a19-89815e3d0919,view,ELEC_028,0.0,2026-08-24 22:59:45.393251
d0ee500b-2986-4393-8222-e3a34f6829c5,view,CLTH_027,0.0,2026-08-22 17:49:53.645694
d0083a3b-3cf2-48a7-b1a4-f12398d8bd7f,cart,SPRT_027,285.5,2026-08-20 21:39:23.978538
7c876903-8503-4e64-91da-9f12ea161fac,purchase,ELEC_004,1081.85,2026-08-24 21:39:53.983394
7c876903-8503-4e64-91da-9f12ea161fac,purchase,ELEC_002,765.78,2026-08-24 23:15:38.573722
82a1487d-2323-45c1-9468-a6f88d47a779,purchase,FOOD_015,14.39,2026-08-24 21:24:05.496260
8889c320-1f19-4bac-9c31-b9218acbf5b5,cart,ELEC_027,283.77,2026-08-24 22:10:30.676245
e6b69773-e22a-4015-9c79-bca0c2f25059,cart,ELEC_003,223.01,2026-08-28 18:08:07.013128
a36f04ce-4f5a-4641-8208-bc26f0f0be59,cart,BOOK_030,56.54,2026-08-22 17:15:39.895156
718814b5-9a30-4643-8cfb-a460a60999ba,view,CLTH_020,0.0,2026-08-24 19:58:51.791406
9ea41e68-c710-4b07-b2ae-6bbf22342547,view,FOOD_012,0.0,2026-08-24T21:42:30.844203
272d6b5f-aeca-485e-a4ba-1a5689f647ac,view,ELEC_005,0.0,2026-08-24 19:59:46.137251
dca944a7-0934-422f-a615-4a2ae9dbac65,cart,CLTH_018,117.89,2026-08-19T23:29:34.664160
9d82dbcc-f68b-4045-b84a-79b4d7103eeb,view,SPRT_004,0.0,2026-08-22 17:29:23.362211
6c42b183-6d7f-4eed-9a19-89815e3d0919,view,ELEC_021,0.0,2026-08-24 22:46:58.130745
85a19fd8-54ae-4ace-a4dc-55c4ce3993ce,view,BOOK_007,0.0,2026-08-24 22:12:22.232206
17bb18d0-1b6c-4045-9b62-754e463aabd2,view,ELEC_030,0.0,2026-08-28 18:06:11.511304
1916909e-6c68-4b12-a792-b099fef763bb,view,CLTH_005,0.0,2026-08-24T20:57:33.487204
4af16b18-bb80-4ce1-83fd-eeced79f6030,view,ELEC_003,0.0,2026-08-24T21:18:55.515352
ddc313fb-bc63-47e5-ac3f-b9d1d5a703a1,view,CLTH_009,0.0,2026-08-24 22:59:15.532555
8889c320-1f19-4bac-9c31-b9218acbf5b5,view,ELEC_028,0.0,2026-08-24 23:22:49.452668
18af9202-01b4-42d9-a7a8-a3fd40d77ea7,cart,SPRT_004,294.76,2026-08-18 19:18:30.481190
b3b7ea67-75e4-433b-a906-fd0202ed49b3,view,ELEC_030,0.0,2026-08-20 21:30:13.458490
e9af50c7-3916-48bf-9def-f8eae8db79ee,view,BOOK_019,0.0,2026-08-24 21:18:52.887213
2123f5ae-14df-4e5d-92db-1157b83c002d,view,SPRT_006,0.0,2026-08-19 23:28:27.100038
0edab1bf-3255-4636-8c77-d72d54ebaa4a,view,FOOD_024,0.0,2026-08-18 19:09:50.935149
27a943f0-74c1-47d4-a697-2bf5d20625d8,view,CLTH_001,0.0,2026-08-24 20:25:09.798449
e6053f2d-d150-4835-ad5a-bada8eceb969,purchase,FOOD_009,88.83,2026-08-22 17:01:23.090063
b4a0963f-da4e-401b-b39a-2668f972529c,view,SPRT_015,0.0,2026-08-24 20:25:05.077021
fbc03b87-c84c-4ae3-872c-c3f001033c41,view,SPRT_024,0.0,2026-08-18 18:56:08.245228
caf220a7-85eb-4fa4-a33b-8c246570b167,view,FOOD_002,0.0,2026-08-24T21:13:30.471880
b568b56b-df03-4a6f-ae89-4908c2685971,purchase,BOOK_007,51.27,2026-08-20 21:34:22.754786
3eae1b1f-da2f-40b7-883b-ad6d9a3673eb,cart,SPRT_018,339.3,2026-08-24T23:10:23.353086
28dee375-acb0-4efe-91a1-27bd967ca56b,view,SPRT_020,0.0,2026-08-24T20:33:48.842768
807ffd32-2ef3-4a31-a89a-238c366b264b,purchase,FOOD_020,37.45,2026-08-24T21:38:32.060814
48fdb41c-6451-4813-9e73-3326f54170f7,view,FOOD_003,0.0,2026-08-16 16:48:45.598915
ecfd2d5f-00a3-4a3d-b1c2-0612a3c54210,view,BOOK_025,0.0,2026-08-24T21:14:42.451038
544c32f4-a10e-44ff-a0d5-6f8b523e593a,view,FOOD_026,0.0,2026-08-24T21:21:09.126416
d9fedd6d-d50d-4109-9721-1cd2ce886f31,cart,SPRT_006,356.29,2026-08-24T20:47:04.849042
7e12728f-8e77-4093-b21e-7650a323fb12,view,SPRT_007,0.0,2026-08-24 22:08:02.351855
ecef0a71-9256-43e0-bf92-91fc8ffffcf4,view,CLTH_014,0.0,2026-08-24 21:08:43.251284
a96f1d3a-763c-4bc2-9e7d-20d3463261d5,cart,ELEC_001,290.05,2026-08-24T22:56:35.231009
0e5061dd-6477-4b0b-baf1-80f9eca14fcd,view,ELEC_007,0.0,2026-08-19 23:35:33.648877
d06247ce-154f-44d2-a431-0e6def01535f,purchase,ELEC_024,1113.12,2026-08-24 22:08:09.537458
c56998f4-a438-484c-8b0c-b80c399f6fcd,view,BOOK_017,0.0,2026-08-24 20:56:49.432405
11da9648-ae79-4fa4-b84c-689819c0f684,view,CLTH_017,0.0,2026-08-18 19:12:58.149243
d13300b8-b21a-4b42-b229-1237697e4e3f,view,SPRT_027,0.0,2026-08-28T18:13:33.290284
7533f6a3-2d5e-454c-a7d4-5a213a566a6a,view,BOOK_020,0.0,2026-08-20 21:30:55.868008
d06247ce-154f-44d2-a431-0e6def01535f,cart,CLTH_006,190.04,2026-08-24 22:52:23.491310
af8c3802-1e97-4ac1-a05e-a064dc9a598f,view,CLTH_012,0.0,2026-08-18 19:01:37.226494
6c42b183-6d7f-4eed-9a19-89815e3d0919,view,ELEC_029,0.0,2026-08-24 22:02:42.007269
204cd583-e18f-4356-afbd-560a95e5e55d,view,CLTH_007,0.0,2026-08-24 19:47:35.467834
2743b6ed-fc45-4744-8bc0-3fcfbda03d36,cart,BOOK_015,58.34,2026-08-24T19:58:06.402021
0bb810c4-b32d-43c2-92f3-84a8460ad2f6,cart,BOOK_029,65.56,2026-08-24T23:17:31.417390
fcdb2a08-2878-4a68-8159-6952bf2ae28f,view,SPRT_008,0.0,2026-08-23T20:01:33.540351
fbc03b87-c84c-4ae3-872c-c3f001033c41,cart,BOOK_019,39.74,2026-08-24T23:17:32.370216
eedeb7be-443c-4607-a98b-a6928f11d578,view,ELEC_006,0.0,2026-08-22 17:44:57.966112
8de7eb13-8152-4611-a515-17ecfec46828,view,BOOK_005,0.0,2026-08-22 17:03:18.469848
f40f2fc0-4990-4c42-b190-23976cdaf79f,view,BOOK_018,0.0,2026-08-16 16:41:01.495428
1de6f679-4161-4b5c-bd73-1f6f9760878f,view,FOOD_007,0.0,2026-08-19T23:25:00.035027
980e4d69-7354-43f4-bc44-99fc0146226f,view,CLTH_005,0.0,2026-08-16 10:40:39.120258
16a45d1c-fcb0-44ee-be9c-1c14c693e1c8,view,FOOD_012,0.0,2026-08-24 19:54:53.842627
7973f2a9-cd05-4d96-a6a3-b5bcbfe5a807,view,SPRT_026,0.0,2026-08-24T22:13:49.175905
0bbfa7f7-fdca-4164-bc87-12ea9a76d7ed,cart,SPRT_013,34.57,2026-08-24T22:55:58.006746
3eae1b1f-da2f-40b7-883b-ad6d9a3673eb,cart,CLTH_028,72.75,2026-08-24 22:34:22.392164
7533f6a3-2d5e-454c-a7d4-5a213a566a6a,view,ELEC_022,0.0,2026-08-23T19:37:34.675276
e352f24e-22e8-4012-a195-24367d88715a,view,FOOD_022,0.0,2026-08-24 19:39:32.543538
a8b5f893-6a56-4f9f-b429-038b5a69def7,view,CLTH_020,0.0,2026-08-24 20:25:43.876119
d30fc382-e140-48b8-8038-bd17100271c2,view,SPRT_030,0.0,2026-08-24T20:12:47.766453
875ce581-da9f-4374-b891-e1b0a538923e,view,CLTH_007,0.0,2026-08-20 21:39:58.272928
d6ea31f0-4a99-43ba-8364-82717218083c,view,SPRT_004,0.0,2026-08-16 16:43:09.378121
8afb9663-be21-47d5-b7bf-d549285fa584,cart,ELEC_028,242.31,2026-08-16 10:36:40.448438
16a45d1c-fcb0-44ee-be9c-1c14c693e1c8,cart,SPRT_026,70.51,2026-08-24T22:35:09.472132
807ffd32-2ef3-4a31-a89a-238c366b264b,view,BOOK_020,0.0,2026-08-24 23:23:23.154191
65c76bd2-c4c5-4ead-bb07-d1518810d424,view,CLTH_029,0.0,2026-08-24 20:20:12.601915
27a943f0-74c1-47d4-a697-2bf5d20625d8,purchase,ELEC_016,409.41,2026-08-24 19:39:58.143103
9f5699e8-c821-4444-b570-668a4eedcb12,view,SPRT_029,0.0,2026-08-19 23:30:06.080062
eba03b4f-7d0a-498d-a823-db63123d559a,cart,CLTH_015,227.24,2026-08-22T17:35:49.987959
3eae1b1f-da2f-40b7-883b-ad6d9a3673eb,view,SPRT_011,0.0,2026-08-24 21:45:26.421049
1342dc6b-765d-46f2-b62a-ae0cc1bedb78,view,SPRT_017,0.0,2026-08-24 22:49:28.457486
204cd583-e18f-4356-afbd-560a95e5e55d,cart,CLTH_025,165.54,2026-08-24 20:40:33.074949
d30fc382-e140-48b8-8038-bd17100271c2,view,ELEC_001,0.0,2026-08-22 17:48:20.163498
a3414eda-0341-4e0d-b3fa-5e873248b36a,view,ELEC_006,0.0,2026-08-16 10:28:41.467944
79486124-ceb2-4f91-bf0f-378b69ecb64c,view,ELEC_016,0.0,2026-08-24T21:37:55.490500
0d5c42ed-4461-4096-8503-c9de6cbe237f,purchase,FOOD_026,27.17,2026-08-16 16:47:15.758897
6c42b183-6d7f-4eed-9a19-89815e3d0919,view,ELEC_030,0.0,2026-08-24 22:04:02.636851
7c2e1788-86da-4c9e-8f5a-63e49fc287ed,cart,FOOD_023,25.91,2026-08-19 23:20:59.941842
1a8dde1b-a845-4523-9888-92a7f05ae954,view,SPRT_013,0.0,2026-08-18T18:49:49.082078
b4508ad1-61c3-4913-9b0d-9e62d1e31a6c,view,CLTH_005,0.0,2026-08-16 16:44:03.324995
8afb9663-be21-47d5-b7bf-d549285fa584,view,ELEC_026,0.0,2026-08-16 10:30:44.185685
7a84b978-cc6b-49c8-8bba-b1f87d39615a,view,CLTH_003,0.0,2026-08-24 21:55:14.977029
07e00408-a9f3-4a26-bb10-653e27ee1d69,view,CLTH_015,0.0,2026-08-24 22:53:27.559505
135a78d8-b64e-42f3-b81e-06a99da1379a,cart,SPRT_026,239.99,2026-08-24T20:24:58.971120
3a163339-db2f-495c-b9bd-a2c97e622b2d,view,FOOD_006,0.0,2026-08-24 22:37:25.398780
e17430b1-f78e-48ab-b1f9-1432b3b7be18,view,CLTH_024,0.0,2026-08-28 18:08:57.632415
2ca3ba80-c4ea-48a9-9d49-ec547b2177a2,cart,FOOD_030,46.41,2026-08-24T22:10:59.760744
b3b7ea67-75e4-433b-a906-fd0202ed49b3,view,SPRT_023,0.0,2026-08-24T21:08:33.500382
e9af50c7-3916-48bf-9def-f8eae8db79ee,purchase,BOOK_005,71.3,2026-08-24 20:31:26.416247
fb5c4430-55ab-46c5-9e83-bae524560811,view,FOOD_016,0.0,2026-08-24 21:17:55.898164
540dfba9-6872-43b1-945d-a3584b72aa30,view,CLTH_022,0.0,2026-08-22T17:32:42.072256
7cecad85-4914-4af5-863e-309987695976,view,CLTH_004,0.0,2026-08-24 22:13:01.836463
8b84f738-d1da-49a1-8b35-7f03cd7992a8,purchase,CLTH_018,24.91,2026-08-24T21:39:11.019264
80a44646-6c7e-488e-8f96-dda9667f62bf,view,ELEC_022,0.0,2026-08-24 21:11:21.790473
3ad97fa8-650a-449e-819a-7461929db15a,cart,SPRT_021,91.44,2026-08-24T20:47:05.645629
7c53ddd0-71fe-4919-a4fe-86d633a58eee,cart,ELEC_021,79.86,2026-08-24T19:47:07.355606
f0bd94bc-247d-45cf-84f6-c5509dc870cc,view,BOOK_005,0.0,2026-08-28T18:08:05.214881
27a943f0-74c1-47d4-a697-2bf5d20625d8,view,CLTH_027,0.0,2026-08-24 20:17:38.699552
3317a2b8-8792-434d-9860-2f7644018ce4,view,CLTH_019,0.0,2026-08-20 21:31:41.221777
54dbe932-4af2-4f72-a46d-126eccaec63d,view,CLTH_021,0.0,2026-08-24T19:55:58.499729
18af9202-01b4-42d9-a7a8-a3fd40d77ea7,view,SPRT_009,0.0,2026-08-18 19:20:49.101068
3eae1b1f-da2f-40b7-883b-ad6d9a3673eb,view,CLTH_027,0.0,2026-08-24 22:24:55.621842
fc18b9b9-0790-45c2-9bd4-39c8c166b7ff,view,ELEC_018,0.0,2026-08-16 10:44:21.181562
df6ef7b8-0a49-4e99-b1d7-860b83fad018,purchase,BOOK_001,29.36,2026-08-23 19:37:19.258598
b8a5374c-c93d-4c0c-83c8-6ecb467838ed,view,ELEC_029,0.0,2026-08-16 16:51:44.198039
28dee375-acb0-4efe-91a1-27bd967ca56b,view,FOOD_013,0.0,2026-08-24T22:11:00.864801
d572cc22-f568-4269-a4ca-75bae22243da,cart,CLTH_005,67.47,2026-08-20 21:40:14.183838
3eae1b1f-da2f-40b7-883b-ad6d9a3673eb,view,CLTH_004,0.0,2026-08-24 21:33:38.378288
151d1b6b-31e9-4c3a-98ee-7ebc527bc572,view,CLTH_030,0.0,2026-08-24T22:40:13.294985
fcdb2a08-2878-4a68-8159-6952bf2ae28f,view,ELEC_010,0.0,2026-08-24T21:40:51.647296
01c8f8b9-4fbf-44a7-8919-178beaceb074,view,BOOK_025,0.0,2026-08-24T21:33:25.522970
5ecfc98a-922a-4821-a19c-74739ea9d49c,purchase,CLTH_003,84.45,2026-08-24 22:35:37.274187
7c876903-8503-4e64-91da-9f12ea161fac,cart,ELEC_023,195.38,2026-08-24 21:53:07.335754
6c42b183-6d7f-4eed-9a19-89815e3d0919,view,ELEC_002,0.0,2026-08-24 22:14:11.689365
659ae273-f90a-4d3d-8e25-4ce44740dbc3,cart,SPRT_014,143.44,2026-08-24T21:49:12.987561
16a45d1c-fcb0-44ee-be9c-1c14c693e1c8,view,ELEC_017,0.0,2026-08-24 21:18:42.835707
fcd6fe57-c144-4e2e-a82f-44cb7df85d3f,cart,CLTH_002,46.43,2026-08-20 21:26:32.296803
b2494169-7cd1-450a-9a6a-5bd5ce40d2fb,view,BOOK_015,0.0,2026-08-24 21:40:03.218868
16a45d1c-fcb0-44ee-be9c-1c14c693e1c8,view,BOOK_010,0.0,2026-08-24T20:38:11.187380
135a78d8-b64e-42f3-b81e-06a99da1379a,view,CLTH_009,0.0,2026-08-22 16:59:46.683477
b4508ad1-61c3-4913-9b0d-9e62d1e31a6c,view,CLTH_020,0.0,2026-08-16 16:41:19.925475
79486124-ceb2-4f91-bf0f-378b69ecb64c,cart,ELEC_013,175.57,2026-08-22 17:35:33.336826
b42cbda4-175b-43b3-b494-d6e9be8d779f,purchase,CLTH_026,78.79,2026-08-24T20:11:41.107920
204cd583-e18f-4356-afbd-560a95e5e55d,view,CLTH_023,0.0,2026-08-24 20:50:13.077464
b2494169-7cd1-450a-9a6a-5bd5ce40d2fb,view,SPRT_007,0.0,2026-08-24 22:15:50.322629
2743b6ed-fc45-4744-8bc0-3fcfbda03d36,view,FOOD_006,0.0,2026-08-20T21:20:20.438010
e7011402-63aa-4b75-87a9-67546325bcab,cart,CLTH_015,134.47,2026-08-24 22:30:24.083969
aaaa38a6-7d37-4a0f-a0ae-a18daa98f586,cart,FOOD_020,7.03,2026-08-16 16:35:41.086633
1363fff9-d076-4436-83e3-9a6449cff1e2,view,FOOD_029,0.0,2026-08-18 19:13:10.526680
7c53ddd0-71fe-4919-a4fe-86d633a58eee,cart,SPRT_016,49.72,2026-08-20 21:12:43.784158
e520f38d-6d20-43be-ac04-26f7b8d044bb,cart,SPRT_002,246.48,2026-08-23T20:01:35.086094
9f6791f7-ecb4-48c0-8d76-b8e55d160f4b,view,FOOD_002,0.0,2026-08-24T21:38:30.768006
204cd583-e18f-4356-afbd-560a95e5e55d,purchase,FOOD_030,106.59,2026-08-24 19:58:01.430600
14652829-4c93-49cc-ac11-1084b352dbf8,view,CLTH_027,0.0,2026-08-24 23:23:51.363815
fc029a04-be52-486b-8b8f-0f1b173d81fb,view,BOOK_026,0.0,2026-08-18T19:17:14.436310
ab5beedd-73b7-43f0-8900-2fda346c8941,view,CLTH_001,0.0,2026-08-24T20:08:54.248611
caf220a7-85eb-4fa4-a33b-8c246570b167,view,CLTH_025,0.0,2026-08-24T22:44:08.100611
b3b7ea67-75e4-433b-a906-fd0202ed49b3,view,ELEC_015,0.0,2026-08-20 21:31:14.923116
0499cbb0-f1ab-4ff4-bdac-9b47815a9b3a,purchase,CLTH_011,318.65,2026-08-23T19:47:31.545291
a8b5f893-6a56-4f9f-b429-038b5a69def7,view,CLTH_016,0.0,2026-08-24 19:48:20.645979
ddc313fb-bc63-47e5-ac3f-b9d1d5a703a1,view,CLTH_012,0.0,2026-08-24 22:57:33.187412
1342dc6b-765d-46f2-b62a-ae0cc1bedb78,view,SPRT_003,0.0,2026-08-24 22:52:44.629759
8648af4d-7a61-4fed-84ea-10895f513822,view,CLTH_008,0.0,2026-08-24T22:17:12.951821
0518f406-1bcc-4201-9400-4d13c068296b,view,SPRT_018,0.0,2026-08-23T19:54:29.260594
71f3d5de-38b0-4ad5-ad46-2524000b3c16,view,BOOK_007,0.0,2026-08-19 23:32:13.874033
eedeb7be-443c-4607-a98b-a6928f11d578,view,SPRT_009,0.0,2026-08-22 17:26:09.883492
272d6b5f-aeca-485e-a4ba-1a5689f647ac,view,CLTH_016,0.0,2026-08-24 20:24:46.965508
b2494169-7cd1-450a-9a6a-5bd5ce40d2fb,view,BOOK_029,0.0,2026-08-24 22:55:06.829900
718814b5-9a30-4643-8cfb-a460a60999ba,cart,CLTH_014,61.17,2026-08-24 19:56:36.091912
d2393a76-e7aa-4917-8d1a-eaea77151dd0,view,FOOD_020,0.0,2026-08-24T21:40:18.086938
39916c2e-f0f0-4c72-b753-c93c5f6c48e5,view,SPRT_026,0.0,2026-08-16T16:40:22.673320
a4dbcca0-eaa3-4f6a-91d1-a92bc00a2c19,purchase,FOOD_022,63.4,2026-08-24 21:18:50.137006
e04bc446-eef1-4a6c-bdd3-722ed841b5b0,view,ELEC_019,0.0,2026-08-24 22:12:23.389964
b43786c5-4ef6-4017-a344-22b26bcbd3c5,cart,FOOD_017,45.49,2026-08-24 19:36:56.437345
7c876903-8503-4e64-91da-9f12ea161fac,view,ELEC_023,0.0,2026-08-24 22:31:29.467348
80fc42f8-36e7-494e-ab68-ae41fa2c75c1,purchase,CLTH_005,92.44,2026-08-20T21:20:22.614221
a4dbcca0-eaa3-4f6a-91d1-a92bc00a2c19,view,CLTH_017,0.0,2026-08-24 20:57:38.642033
fb452d33-32d2-4fc8-a50d-278f74455526,view,FOOD_026,0.0,2026-08-24T20:29:24.131083
c6ad3b1a-879f-46e9-b4df-c61479de62ea,view,CLTH_002,0.0,2026-08-24T21:17:44.921949
7c2e1788-86da-4c9e-8f5a-63e49fc287ed,view,FOOD_030,0.0,2026-08-19 23:31:58.454355
7a84b978-cc6b-49c8-8bba-b1f87d39615a,view,CLTH_009,0.0,2026-08-24 21:55:14.787663
796609d9-7739-4166-ab01-9a72c52c20a7,purchase,SPRT_011,560.84,2026-08-23 19:31:37.251957
667c54aa-2a15-439e-9d2b-29339b87e1b4,cart,SPRT_009,212.54,2026-08-24T23:21:03.792557
fcd6fe57-c144-4e2e-a82f-44cb7df85d3f,view,BOOK_018,0.0,2026-08-20 21:17:00.849799
90d1b635-2c2c-4335-a6a6-3088257c3e28,view,CLTH_017,0.0,2026-08-23 19:35:53.212919
80fc42f8-36e7-494e-ab68-ae41fa2c75c1,view,BOOK_029,0.0,2026-08-20 21:09:45.449253
97fbfdf2-f064-4feb-aa62-d6344df19395,view,FOOD_002,0.0,2026-08-18T18:52:24.037486
875ce581-da9f-4374-b891-e1b0a538923e,purchase,BOOK_024,36.69,2026-08-24T20:38:09.929797
9f8bb0bc-499e-4bc5-8f70-5ab5a5432eff,view,SPRT_027,0.0,2026-08-28T18:11:02.777550
7cecad85-4914-4af5-863e-309987695976,view,CLTH_010,0.0,2026-08-24 22:29:25.279191
07974040-0d6e-4dd2-a06d-09236cb2f439,view,FOOD_004,0.0,2026-08-24 21:45:01.717959
667c54aa-2a15-439e-9d2b-29339b87e1b4,cart,CLTH_029,21.02,2026-08-24T19:50:16.153820
16a45d1c-fcb0-44ee-be9c-1c14c693e1c8,purchase,CLTH_026,275.11,2026-08-24 20:52:59.980995
7a84b978-cc6b-49c8-8bba-b1f87d39615a,view,CLTH_026,0.0,2026-08-24 22:37:03.319045
97fcda00-fb2b-476b-9147-2dd97348c02b,cart,ELEC_015,429.87,2026-08-22T17:05:12.982335
27a943f0-74c1-47d4-a697-2bf5d20625d8,view,CLTH_002,0.0,2026-08-24 20:10:16.466707
38c90e9e-a827-4bae-9a22-50c3d3ae002c,view,SPRT_028,0.0,2026-08-24T20:47:02.572184
41a5862d-9a23-4007-82f3-890ced6bb4d9,view,SPRT_001,0.0,2026-08-22 17:39:14.427232
23e6833c-1e9f-4546-9ca2-5392b29eeb0c,cart,CLTH_008,61.44,2026-08-24T19:50:16.382682
1f1fb1c5-8a0f-4b64-8261-f51ffc33db1f,view,FOOD_029,0.0,2026-08-18 19:16:17.480709
b4508ad1-61c3-4913-9b0d-9e62d1e31a6c,view,CLTH_002,0.0,2026-08-16 16:44:03.481909
d9c0cd62-7da2-407f-b24f-c9887c0b8ae6,view,BOOK_005,0.0,2026-08-24T19:58:05.779005
af8c3802-1e97-4ac1-a05e-a064dc9a598f,view,CLTH_011,0.0,2026-08-18 19:07:00.585311
097603f7-ef8e-4380-83ce-337ce6b52a59,cart,ELEC_015,112.08,2026-08-24 21:36:43.216765
acececef-4ab4-44e7-8ba4-dc1b3db1b57b,view,CLTH_018,0.0,2026-08-24T19:48:41.718930
3eae1b1f-da2f-40b7-883b-ad6d9a3673eb,cart,FOOD_001,39.75,2026-08-24T22:10:22.896862
135a78d8-b64e-42f3-b81e-06a99da1379a,view,ELEC_004,0.0,2026-08-24T23:11:01.891799
2743b6ed-fc45-4744-8bc0-3fcfbda03d36,view,FOOD_015,0.0,2026-08-16 16:46:10.533958
27a943f0-74c1-47d4-a697-2bf5d20625d8,purchase,CLTH_014,271.59,2026-08-24 21:17:26.520356
07e00408-a9f3-4a26-bb10-653e27ee1d69,view,CLTH_003,0.0,2026-08-24 23:08:24.453323
79486124-ceb2-4f91-bf0f-378b69ecb64c,view,ELEC_028,0.0,2026-08-22 17:52:38.686768
1342dc6b-765d-46f2-b62a-ae0cc1bedb78,view,SPRT_021,0.0,2026-08-24 22:27:36.395080
a8b5f893-6a56-4f9f-b429-038b5a69def7,view,CLTH_013,0.0,2026-08-24 20:25:43.810107
a3414eda-0341-4e0d-b3fa-5e873248b36a,purchase,ELEC_026,188.71,2026-08-24T21:33:26.864386
1a8dde1b-a845-4523-9888-92a7f05ae954,purchase,SPRT_001,363.4,2026-08-24T20:15:36.317981
77765993-45c5-4be1-9161-1885f032fc20,view,ELEC_018,0.0,2026-08-22 17:26:20.977579
5ecfc98a-922a-4821-a19c-74739ea9d49c,view,CLTH_002,0.0,2026-08-24 21:45:58.118931
b2494169-7cd1-450a-9a6a-5bd5ce40d2fb,view,BOOK_018,0.0,2026-08-24 22:22:54.909092
3317a2b8-8792-434d-9860-2f7644018ce4,view,SPRT_013,0.0,2026-08-23T19:39:09.166213
c6ad3b1a-879f-46e9-b4df-c61479de62ea,purchase,FOOD_002,19.59,2026-08-18 18:45:01.233302
79486124-ceb2-4f91-bf0f-378b69ecb64c,purchase,ELEC_029,1167.19,2026-08-22 17:35:33.535372
a4dbcca0-eaa3-4f6a-91d1-a92bc00a2c19,view,CLTH_001,0.0,2026-08-24 21:20:29.727923
b32648f7-5c8a-4360-9d8d-e4d9d9c805e6,view,SPRT_030,0.0,2026-08-20 21:58:18.333204
395e36e8-c321-48f4-9ed8-88acf120a760,view,FOOD_023,0.0,2026-08-18 19:16:35.859367
ddc313fb-bc63-47e5-ac3f-b9d1d5a703a1,view,CLTH_005,0.0,2026-08-24 21:56:05.896435
b69f6df3-4ae7-4861-8236-88b969e91529,view,CLTH_009,0.0,2026-08-20 21:06:47.155385
b43786c5-4ef6-4017-a344-22b26bcbd3c5,purchase,SPRT_029,388.04,2026-08-24 20:44:21.406362
71f3d5de-38b0-4ad5-ad46-2524000b3c16,view,BOOK_023,0.0,2026-08-19 23:32:41.747977
d114b438-0792-4d73-8753-b9578ba409a3,purchase,FOOD_006,25.25,2026-08-22T17:06:58.067903
65c76bd2-c4c5-4ead-bb07-d1518810d424,view,CLTH_005,0.0,2026-08-24 20:47:02.803932
9d82dbcc-f68b-4045-b84a-79b4d7103eeb,view,SPRT_014,0.0,2026-08-23T19:54:29.370430
3eae1b1f-da2f-40b7-883b-ad6d9a3673eb,view,CLTH_007,0.0,2026-08-24 23:14:05.812820
fcdb2a08-2878-4a68-8159-6952bf2ae28f,view,ELEC_010,0.0,2026-08-23T19:59:25.520455
51d3a51e-39d5-4fa8-ad25-bc0cc1c2a3a8,view,FOOD_002,0.0,2026-08-22T17:31:09.297664
e2c33043-9769-445e-bba4-3c9295d886e7,view,BOOK_021,0.0,2026-08-20 21:32:23.493204
65c76bd2-c4c5-4ead-bb07-d1518810d424,view,SPRT_019,0.0,2026-08-24 20:41:48.390301
b568b56b-df03-4a6f-ae89-4908c2685971,cart,CLTH_008,110.11,2026-08-20 21:42:50.662771
97fbfdf2-f064-4feb-aa62-d6344df19395,cart,ELEC_023,166.07,2026-08-16 10:45:47.098345
2ca3ba80-c4ea-48a9-9d49-ec547b2177a2,view,ELEC_012,0.0,2026-08-18T19:16:10.582224
fc663667-5a7c-4583-8210-a39d89c8784d,view,CLTH_030,0.0,2026-08-18 18:55:25.664571
e04bc446-eef1-4a6c-bdd3-722ed841b5b0,view,CLTH_020,0.0,2026-08-24 21:28:13.806145
fb5c4430-55ab-46c5-9e83-bae524560811,purchase,FOOD_001,84.87,2026-08-24 19:42:44.191860
838d67a1-4adc-4bef-834d-defa67fe3762,cart,BOOK_014,49.88,2026-08-28T18:08:04.004986
77765993-45c5-4be1-9161-1885f032fc20,cart,ELEC_027,355.98,2026-08-22 17:31:00.448620
b2b6e8f7-a7a2-4a38-8be3-f154118f5196,view,BOOK_005,0.0,2026-08-22 17:42:19.418709
50e381b2-5e82-4228-ba7a-86669f6ade13,view,CLTH_029,0.0,2026-08-20T21:11:32.928695
718814b5-9a30-4643-8cfb-a460a60999ba,view,CLTH_003,0.0,2026-08-24 20:38:28.731431
b32648f7-5c8a-4360-9d8d-e4d9d9c805e6,view,CLTH_018,0.0,2026-08-20 22:03:44.162024
16a45d1c-fcb0-44ee-be9c-1c14c693e1c8,view,CLTH_012,0.0,2026-08-24 20:40:45.521440
37d1bc22-ec4f-4251-96d1-dbe0703942a7,view,ELEC_003,0.0,2026-08-19 23:30:56.611289
fb5c4430-55ab-46c5-9e83-bae524560811,view,BOOK_010,0.0,2026-08-24T22:16:05.939929
a36f04ce-4f5a-4641-8208-bc26f0f0be59,view,CLTH_006,0.0,2026-08-22T18:04:20.777293
b4a0963f-da4e-401b-b39a-2668f972529c,view,SPRT_003,0.0,2026-08-24 20:42:50.093484
9ea41e68-c710-4b07-b2ae-6bbf22342547,view,FOOD_008,0.0,2026-08-24T22:03:08.324625
7c2e1788-86da-4c9e-8f5a-63e49fc287ed,view,FOOD_014,0.0,2026-08-19 23:29:35.805216
fad4b01a-17f0-4665-bba4-9d851ec619c6,view,CLTH_028,0.0,2026-08-28 18:16:18.845407
5fd25fd1-437c-46b3-9a39-aa545fcef320,view,FOOD_020,0.0,2026-08-24 20:07:48.347979
eedeb7be-443c-4607-a98b-a6928f11d578,view,ELEC_006,0.0,2026-08-22 17:53:42.013066
807ffd32-2ef3-4a31-a89a-238c366b264b,cart,CLTH_011,150.42,2026-08-24 22:31:28.155383
e2d48b75-546c-497a-95bd-14034b8f808a,view,BOOK_002,0.0,2026-08-22 17:32:13.440461
14652829-4c93-49cc-ac11-1084b352dbf8,view,SPRT_007,0.0,2026-08-24 21:56:44.351406
3eae1b1f-da2f-40b7-883b-ad6d9a3673eb,view,CLTH_024,0.0,2026-08-24 21:51:53.812264
c6da6198-1302-4f3b-98d8-59f524206a5a,view,ELEC_008,0.0,2026-08-24T22:41:19.906082
90d1b635-2c2c-4335-a6a6-3088257c3e28,view,CLTH_012,0.0,2026-08-23 19:48:23.066506
559449e8-4daf-4cae-863c-369e59d25d8b,cart,SPRT_006,346.12,2026-08-22T17:11:08.902953
79486124-ceb2-4f91-bf0f-378b69ecb64c,view,ELEC_004,0.0,2026-08-22 17:34:56.032783
d06247ce-154f-44d2-a431-0e6def01535f,view,CLTH_025,0.0,2026-08-24 21:41:35.574517
b568b56b-df03-4a6f-ae89-4908c2685971,view,FOOD_025,0.0,2026-08-24T22:36:18.410521
e0fd2345-d654-4429-9d48-e2b1544bc0ee,view,SPRT_018,0.0,2026-08-19 23:31:54.956069
8889c320-1f19-4bac-9c31-b9218acbf5b5,cart,ELEC_028,426.28,2026-08-24 21:58:21.206942
838d67a1-4adc-4bef-834d-defa67fe3762,view,FOOD_004,0.0,2026-08-24 22:42:10.299035
18af9202-01b4-42d9-a7a8-a3fd40d77ea7,view,FOOD_022,0.0,2026-08-24T20:03:16.542324
af8c3802-1e97-4ac1-a05e-a064dc9a598f,view,CLTH_015,0.0,2026-08-18 19:03:25.768795
c6ad3b1a-879f-46e9-b4df-c61479de62ea,purchase,ELEC_028,335.09,2026-08-18 19:00:03.036135
3eae1b1f-da2f-40b7-883b-ad6d9a3673eb,cart,CLTH_020,22.19,2026-08-24 23:15:50.188581
54dbe932-4af2-4f72-a46d-126eccaec63d,view,BOOK_024,0.0,2026-08-16T16:41:53.974063
204cd583-e18f-4356-afbd-560a95e5e55d,view,CLTH_010,0.0,2026-08-24 20:00:17.298129
c32d47d5-9419-46e9-8af8-3ed6aa710c89,view,ELEC_003,0.0,2026-08-22T17:45:48.516383
adcabb5a-9294-4e06-91d7-d5fb55987582,view,BOOK_023,0.0,2026-08-18 18:47:03.806447
e6b69773-e22a-4015-9c79-bca0c2f25059,view,ELEC_025,0.0,2026-08-28 18:15:04.434439
06ef8987-2209-4f91-b32e-b826d451f567,view,ELEC_023,0.0,2026-08-24T23:15:47.069014
d9c0cd62-7da2-407f-b24f-c9887c0b8ae6,cart,CLTH_013,120.73,2026-08-15 19:40:59.780425
71f3d5de-38b0-4ad5-ad46-2524000b3c16,cart,CLTH_014,216.69,2026-08-22T17:15:54.155600
b4a0963f-da4e-401b-b39a-2668f972529c,view,SPRT_027,0.0,2026-08-24 20:23:32.683912
653709fa-a965-4975-9c69-451df40148e0,cart,ELEC_026,233.05,2026-08-20 21:11:53.500539
6c42b183-6d7f-4eed-9a19-89815e3d0919,view,ELEC_002,0.0,2026-08-24 22:40:02.261682
e15893a3-618b-454c-8f35-eef896e6f74e,purchase,ELEC_025,418.99,2026-08-24T21:30:12.142200
8648af4d-7a61-4fed-84ea-10895f513822,view,FOOD_016,0.0,2026-08-22T17:33:44.227223
17bb18d0-1b6c-4045-9b62-754e463aabd2,view,ELEC_022,0.0,2026-08-28 18:06:11.578816
8c9bf60c-9d81-434e-9a6f-73c2800925e8,view,FOOD_014,0.0,2026-08-16 10:35:03.393710
8889c320-1f19-4bac-9c31-b9218acbf5b5,cart,ELEC_014,713.87,2026-08-24 23:22:21.581315
aaf98546-9399-431c-890b-576fa08abac0,view,SPRT_016,0.0,2026-08-23T19:38:06.951594
a3634e75-35f0-488a-8732-1b93cdcb1099,view,BOOK_026,0.0,2026-08-18 18:59:04.878506
fcdb2a08-2878-4a68-8159-6952bf2ae28f,view,BOOK_004,0.0,2026-08-22 17:31:17.702452
07e00408-a9f3-4a26-bb10-653e27ee1d69,view,FOOD_018,0.0,2026-08-24 22:51:33.709925
2274347f-b34b-404e-a7d4-6dc6d0edcb82,purchase,FOOD_016,21.9,2026-08-24T22:11:02.105882
a6a3df8c-d39a-4527-8306-9fc8f5e2ac32,view,FOOD_002,0.0,2026-08-16 10:30:03.351771
653709fa-a965-4975-9c69-451df40148e0,view,ELEC_015,0.0,2026-08-23T19:39:42.493040
23563557-5b65-4775-84d2-cd11d7916afb,view,BOOK_018,0.0,2026-08-22T17:07:31.537848
27a943f0-74c1-47d4-a697-2bf5d20625d8,purchase,CLTH_007,209.32,2026-08-24 20:10:16.417257
ab5beedd-73b7-43f0-8900-2fda346c8941,view,FOOD_010,0.0,2026-08-24T19:43:59.407942
14652829-4c93-49cc-ac11-1084b352dbf8,view,ELEC_010,0.0,2026-08-24 22:51:14.291152
d13300b8-b21a-4b42-b229-1237697e4e3f,view,BOOK_021,0.0,2026-08-24T20:42:35.608147
aaf98546-9399-431c-890b-576fa08abac0,view,SPRT_010,0.0,2026-08-23T19:38:06.951594
fcdb2a08-2878-4a68-8159-6952bf2ae28f,cart,BOOK_021,33.25,2026-08-22 17:35:22.601667
85a19fd8-54ae-4ace-a4dc-55c4ce3993ce,cart,BOOK_022,20.59,2026-08-24 22:52:28.207200
18af9202-01b4-42d9-a7a8-a3fd40d77ea7,view,SPRT_006,0.0,2026-08-18 19:15:30.898979
b43786c5-4ef6-4017-a344-22b26bcbd3c5,purchase,SPRT_004,221.4,2026-08-24 19:53:15.844106
0f4db5c7-beaf-4757-b8cf-f156b73fe4d5,view,CLTH_005,0.0,2026-08-28T18:16:33.838479
ecb51178-8afe-4ba9-bd61-87e0a416554b,view,CLTH_013,0.0,2026-08-24T22:20:01.385733
b8a5374c-c93d-4c0c-83c8-6ecb467838ed,view,BOOK_013,0.0,2026-08-16 16:42:50.312140
e04bc446-eef1-4a6c-bdd3-722ed841b5b0,view,CLTH_007,0.0,2026-08-24 21:56:13.140513
9f729b04-6f80-4dae-9824-921396cc0ee2,view,BOOK_026,0.0,2026-08-24 20:08:45.529469
5ecfc98a-922a-4821-a19c-74739ea9d49c,view,CLTH_027,0.0,2026-08-24 22:36:56.486927
65c76bd2-c4c5-4ead-bb07-d1518810d424,view,CLTH_019,0.0,2026-08-24 21:05:02.286086
800f664d-f662-49db-9420-27bde33160de,cart,CLTH_015,22.27,2026-08-16 10:33:48.783703
acececef-4ab4-44e7-8ba4-dc1b3db1b57b,view,BOOK_001,0.0,2026-08-19 23:24:37.041516
90d1b635-2c2c-4335-a6a6-3088257c3e28,cart,BOOK_012,31.98,2026-08-28T18:08:38.651510
6c42b183-6d7f-4eed-9a19-89815e3d0919,view,ELEC_020,0.0,2026-08-24 21:29:23.612201
1342dc6b-765d-46f2-b62a-ae0cc1bedb78,view,SPRT_004,0.0,2026-08-24 22:14:34.951112
4f3b1ab5-91ca-43a2-a8bb-715dd0866ccb,view,FOOD_029,0.0,2026-08-16 16:45:08.820026
27a943f0-74c1-47d4-a697-2bf5d20625d8,cart,CLTH_003,125.12,2026-08-24 20:40:47.426121
8e8f1a72-9d02-4f7f-812e-28ab52b05f20,view,CLTH_010,0.0,2026-08-20 21:21:06.701400
7c876903-8503-4e64-91da-9f12ea161fac,view,ELEC_013,0.0,2026-08-24 23:18:50.815023
d572cc22-f568-4269-a4ca-75bae22243da,view,CLTH_020,0.0,2026-08-24T23:12:17.459752
7973f2a9-cd05-4d96-a6a3-b5bcbfe5a807,purchase,FOOD_028,113.05,2026-08-24 20:56:41.827909
a4dbcca0-eaa3-4f6a-91d1-a92bc00a2c19,view,CLTH_018,0.0,2026-08-24 20:35:42.004155
8c1f2c4f-fcb2-4456-8fb7-b41a9931e230,cart,FOOD_016,92.64,2026-08-24T20:25:35.456965
ddc313fb-bc63-47e5-ac3f-b9d1d5a703a1,view,CLTH_006,0.0,2026-08-24 22:14:06.015512
c6da6198-1302-4f3b-98d8-59f524206a5a,view,CLTH_021,0.0,2026-08-24 20:36:35.959801
3298c361-8531-49e3-8652-5f10ff038a49,view,BOOK_003,0.0,2026-08-23T19:39:09.570583
7cecad85-4914-4af5-863e-309987695976,view,CLTH_012,0.0,2026-08-24 22:05:10.944552
23e6833c-1e9f-4546-9ca2-5392b29eeb0c,view,BOOK_025,0.0,2026-08-22 17:26:04.787395
4f3b1ab5-91ca-43a2-a8bb-715dd0866ccb,view,FOOD_011,0.0,2026-08-16 16:39:04.172656
b568b56b-df03-4a6f-ae89-4908c2685971,view,FOOD_007,0.0,2026-08-23T20:03:13.187570
a3414eda-0341-4e0d-b3fa-5e873248b36a,view,FOOD_006,0.0,2026-08-16T16:42:24.753313
8b84f738-d1da-49a1-8b35-7f03cd7992a8,cart,FOOD_004,17.74,2026-08-16 16:41:12.950685
27a943f0-74c1-47d4-a697-2bf5d20625d8,view,CLTH_010,0.0,2026-08-24 20:40:47.373603
1342dc6b-765d-46f2-b62a-ae0cc1bedb78,view,ELEC_010,0.0,2026-08-24 23:07:44.510056
b69f6df3-4ae7-4861-8236-88b969e91529,view,CLTH_018,0.0,2026-08-20 21:18:44.692838
06ef8987-2209-4f91-b32e-b826d451f567,view,CLTH_028,0.0,2026-08-18 18:48:10.455393
796609d9-7739-4166-ab01-9a72c52c20a7,view,SPRT_023,0.0,2026-08-23 19:50:47.431301
2743b6ed-fc45-4744-8bc0-3fcfbda03d36,view,FOOD_012,0.0,2026-08-16 16:41:53.775206
e520f38d-6d20-43be-ac04-26f7b8d044bb,cart,ELEC_006,325.64,2026-08-18 19:19:49.979440
e04bc446-eef1-4a6c-bdd3-722ed841b5b0,view,ELEC_024,0.0,2026-08-24 22:14:39.089555
93a77f89-bfd1-4c5d-9caf-af8b44e15eb1,view,FOOD_018,0.0,2026-08-20 21:37:32.361774
e2c33043-9769-445e-bba4-3c9295d886e7,view,SPRT_022,0.0,2026-08-20 21:30:04.336587
3eae1b1f-da2f-40b7-883b-ad6d9a3673eb,view,CLTH_015,0.0,2026-08-24 22:38:53.067452
23563557-5b65-4775-84d2-cd11d7916afb,purchase,SPRT_020,454.71,2026-08-20 21:27:33.280801
8c9bf60c-9d81-434e-9a6f-73c2800925e8,view,FOOD_012,0.0,2026-08-16 10:29:20.724061
9d82dbcc-f68b-4045-b84a-79b4d7103eeb,view,SPRT_029,0.0,2026-08-24T23:21:00.606696
7e12728f-8e77-4093-b21e-7650a323fb12,view,CLTH_013,0.0,2026-08-24 23:15:55.378962
fc663667-5a7c-4583-8210-a39d89c8784d,cart,FOOD_002,31.96,2026-08-24T21:48:37.619178
6c42b183-6d7f-4eed-9a19-89815e3d0919,view,ELEC_011,0.0,2026-08-24 22:40:02.291162
c43f920e-ad55-4f24-936b-9cbd31f69e37,view,CLTH_020,0.0,2026-08-20 21:57:02.919718
07e00408-a9f3-4a26-bb10-653e27ee1d69,view,SPRT_016,0.0,2026-08-24 22:48:12.293739
f0990893-bc9c-4914-b4e9-26579efdae9c,view,FOOD_022,0.0,2026-08-20T21:20:54.269517
204cd583-e18f-4356-afbd-560a95e5e55d,view,CLTH_003,0.0,2026-08-24 20:28:01.370115
f40f2fc0-4990-4c42-b190-23976cdaf79f,view,BOOK_015,0.0,2026-08-28T18:10:22.042616
69ac5a58-9bcc-4f4b-bdd5-baea8549f46e,cart,CLTH_001,69.5,2026-08-18 18:51:58.838539
16a45d1c-fcb0-44ee-be9c-1c14c693e1c8,view,CLTH_013,0.0,2026-08-24 20:06:50.781465
e352f24e-22e8-4012-a195-24367d88715a,purchase,FOOD_022,25.71,2026-08-24 19:58:57.663622
8e8f1a72-9d02-4f7f-812e-28ab52b05f20,view,SPRT_006,0.0,2026-08-23T19:35:28.994744
9f729b04-6f80-4dae-9824-921396cc0ee2,cart,BOOK_016,50.47,2026-08-24 20:06:43.127009
27a943f0-74c1-47d4-a697-2bf5d20625d8,cart,CLTH_014,82.46,2026-08-24 20:59:37.940280
1342dc6b-765d-46f2-b62a-ae0cc1bedb78,view,SPRT_021,0.0,2026-08-24 23:12:26.001663
50e381b2-5e82-4228-ba7a-86669f6ade13,view,CLTH_013,0.0,2026-08-18 18:53:07.454396
1342dc6b-765d-46f2-b62a-ae0cc1bedb78,view,FOOD_001,0.0,2026-08-24 22:38:12.482162
b69f6df3-4ae7-4861-8236-88b969e91529,view,FOOD_024,0.0,2026-08-20 21:22:27.966357
e520f38d-6d20-43be-ac04-26f7b8d044bb,view,SPRT_015,0.0,2026-08-23T20:01:35.086094
a6a3df8c-d39a-4527-8306-9fc8f5e2ac32,view,ELEC_001,0.0,2026-08-16T16:42:24.467935
6c42b183-6d7f-4eed-9a19-89815e3d0919,view,ELEC_015,0.0,2026-08-24 22:46:15.757204
3c8208eb-982f-4c25-aeb6-1d676d8c95fd,view,CLTH_019,0.0,2026-08-20 21:46:42.171787
980e4d69-7354-43f4-bc44-99fc0146226f,view,CLTH_027,0.0,2026-08-16 10:45:22.451170
807ffd32-2ef3-4a31-a89a-238c366b264b,view,BOOK_029,0.0,2026-08-24 23:23:23.272200
39916c2e-f0f0-4c72-b753-c93c5f6c48e5,view,CLTH_015,0.0,2026-08-16 10:35:46.654700
e2c33043-9769-445e-bba4-3c9295d886e7,view,SPRT_001,0.0,2026-08-20 21:33:40.876918
15371891-3d67-4bbe-a227-0aa843960503,cart,CLTH_006,133.09,2026-08-24 21:35:13.007799
7cecad85-4914-4af5-863e-309987695976,view,CLTH_016,0.0,2026-08-24 22:54:22.839344
8889c320-1f19-4bac-9c31-b9218acbf5b5,view,ELEC_019,0.0,2026-08-24 23:22:21.549845
f40f2fc0-4990-4c42-b190-23976cdaf79f,view,ELEC_020,0.0,2026-08-20T21:26:10.572255
8e8f1a72-9d02-4f7f-812e-28ab52b05f20,view,SPRT_026,0.0,2026-08-24T23:01:14.088454
292aa98d-2159-46e5-86b7-ebb3da08accd,view,SPRT_008,0.0,2026-08-22 17:37:14.511642
d9c0cd62-7da2-407f-b24f-c9887c0b8ae6,cart,BOOK_015,20.06,2026-08-24T19:58:05.779005
e04bc446-eef1-4a6c-bdd3-722ed841b5b0,view,ELEC_027,0.0,2026-08-24 22:14:39.427765
ecef0a71-9256-43e0-bf92-91fc8ffffcf4,view,ELEC_013,0.0,2026-08-24 20:08:49.342331
7973f2a9-cd05-4d96-a6a3-b5bcbfe5a807,view,CLTH_029,0.0,2026-08-24 20:57:59.756772
f40f2fc0-4990-4c42-b190-23976cdaf79f,view,ELEC_001,0.0,2026-08-16 16:50:36.484781
07e00408-a9f3-4a26-bb10-653e27ee1d69,view,CLTH_003,0.0,2026-08-24 22:19:47.681014
540dfba9-6872-43b1-945d-a3584b72aa30,cart,SPRT_025,252.75,2026-08-23T19:34:25.574497
38c90e9e-a827-4bae-9a22-50c3d3ae002c,purchase,ELEC_007,598.74,2026-08-20 21:23:44.252326
1fae450e-c559-4b3b-b193-0e83995bc876,view,ELEC_004,0.0,2026-08-18 19:15:00.058442
6faa3f2f-4722-4384-8e2e-1ba697d518a4,view,ELEC_021,0.0,2026-08-20T21:40:36.311645
adcabb5a-9294-4e06-91d7-d5fb55987582,view,CLTH_022,0.0,2026-08-24T20:07:42.283597
06ef8987-2209-4f91-b32e-b826d451f567,cart,SPRT_019,47.99,2026-08-22T17:12:11.284667
5ecfc98a-922a-4821-a19c-74739ea9d49c,cart,FOOD_023,35.99,2026-08-24T22:13:50.530340
800f664d-f662-49db-9420-27bde33160de,cart,CLTH_019,82.24,2026-08-16 10:33:19.371955
ddc313fb-bc63-47e5-ac3f-b9d1d5a703a1,purchase,CLTH_012,28.94,2026-08-24 22:14:49.699030
6c42b183-6d7f-4eed-9a19-89815e3d0919,view,ELEC_001,0.0,2026-08-24 22:32:23.876503
204cd583-e18f-4356-afbd-560a95e5e55d,view,FOOD_006,0.0,2026-08-24T22:26:10.893762
272d6b5f-aeca-485e-a4ba-1a5689f647ac,cart,ELEC_001,373.39,2026-08-24 21:10:08.755124
e04bc446-eef1-4a6c-bdd3-722ed841b5b0,view,CLTH_020,0.0,2026-08-24 22:55:05.070576
6a581879-1f83-493a-9878-091eb0021ada,view,ELEC_019,0.0,2026-08-28T18:08:04.883404
204cd583-e18f-4356-afbd-560a95e5e55d,view,CLTH_014,0.0,2026-08-24 20:18:56.333945
b4a0963f-da4e-401b-b39a-2668f972529c,view,SPRT_027,0.0,2026-08-24 19:51:40.011992
af8c3802-1e97-4ac1-a05e-a064dc9a598f,view,BOOK_021,0.0,2026-08-24T20:38:11.319873
559449e8-4daf-4cae-863c-369e59d25d8b,view,BOOK_024,0.0,2026-08-20 21:10:13.774179
b2494169-7cd1-450a-9a6a-5bd5ce40d2fb,view,BOOK_001,0.0,2026-08-24 23:00:56.745117
718814b5-9a30-4643-8cfb-a460a60999ba,view,FOOD_029,0.0,2026-08-24 21:10:25.392103
ecb51178-8afe-4ba9-bd61-87e0a416554b,view,ELEC_004,0.0,2026-08-18 19:19:05.456698
54dbe932-4af2-4f72-a46d-126eccaec63d,view,FOOD_002,0.0,2026-08-24T19:46:36.098054
b43786c5-4ef6-4017-a344-22b26bcbd3c5,view,SPRT_004,0.0,2026-08-24 19:35:59.382511
8c1f2c4f-fcb2-4456-8fb7-b41a9931e230,view,CLTH_002,0.0,2026-08-20 21:10:59.966940
1342dc6b-765d-46f2-b62a-ae0cc1bedb78,view,SPRT_017,0.0,2026-08-24 21:55:40.346662
2ca3ba80-c4ea-48a9-9d49-ec547b2177a2,view,BOOK_003,0.0,2026-08-24T19:58:05.841211
3cd39961-1811-4043-81ca-ab2b96896334,cart,CLTH_023,190.38,2026-08-24T21:07:52.185691
7e12728f-8e77-4093-b21e-7650a323fb12,purchase,BOOK_029,33.45,2026-08-24 21:49:52.064863
0499cbb0-f1ab-4ff4-bdac-9b47815a9b3a,view,CLTH_029,0.0,2026-08-23 19:33:44.293631
526d498e-a082-48f3-8f21-d37077e1d332,purchase,FOOD_012,55.39,2026-08-23 19:43:10.587762
9ea41e68-c710-4b07-b2ae-6bbf22342547,view,CLTH_015,0.0,2026-08-24T22:31:12.805505
07e00408-a9f3-4a26-bb10-653e27ee1d69,view,CLTH_006,0.0,2026-08-24 22:48:19.264574
6c42b183-6d7f-4eed-9a19-89815e3d0919,view,ELEC_004,0.0,2026-08-24 22:48:07.118629
3fb2fa2a-b4d2-485d-acd8-9cc11c7a142c,view,SPRT_005,0.0,2026-08-19 23:27:33.524768
7c53ddd0-71fe-4919-a4fe-86d633a58eee,view,FOOD_029,0.0,2026-08-23T19:38:06.885212
b8a5374c-c93d-4c0c-83c8-6ecb467838ed,view,ELEC_017,0.0,2026-08-16 16:44:55.648317
fb5c4430-55ab-46c5-9e83-bae524560811,view,FOOD_025,0.0,2026-08-24 20:35:42.968729
69ac5a58-9bcc-4f4b-bdd5-baea8549f46e,view,CLTH_003,0.0,2026-08-18T18:53:26.114160
13298c19-921e-4ab7-b2fe-45b88f1e8621,purchase,ELEC_016,714.42,2026-08-24T21:37:54.853492
1d21b537-35e3-49e4-ad04-fb64e3a6b0d7,cart,BOOK_023,19.02,2026-08-23T19:38:07.025108
90d1b635-2c2c-4335-a6a6-3088257c3e28,view,SPRT_024,0.0,2026-08-24T21:48:35.502285
b43786c5-4ef6-4017-a344-22b26bcbd3c5,view,SPRT_013,0.0,2026-08-24T21:51:25.275511
dcd98015-a110-4e4e-bffd-2db821ce770a,purchase,FOOD_030,110.62,2026-08-20T21:14:05.656301
a3414eda-0341-4e0d-b3fa-5e873248b36a,view,FOOD_011,0.0,2026-08-28T18:26:11.980645
7c53ddd0-71fe-4919-a4fe-86d633a58eee,view,SPRT_002,0.0,2026-08-24T22:05:21.333764
292aa98d-2159-46e5-86b7-ebb3da08accd,view,SPRT_014,0.0,2026-08-22 18:00:21.750696
07974040-0d6e-4dd2-a06d-09236cb2f439,view,FOOD_022,0.0,2026-08-24 22:58:40.938617
e3576704-b8db-4482-a571-018fedb94275,view,ELEC_020,0.0,2026-08-28T18:21:25.934589
dfcc5694-8acb-4c2d-b506-2b27c83b45a2,view,CLTH_017,0.0,2026-08-20 21:08:18.142513
2d7c90c3-0788-41c8-b160-06e19f4406f6,view,ELEC_010,0.0,2026-08-24 21:56:53.044120
7c876903-8503-4e64-91da-9f12ea161fac,cart,ELEC_009,346.46,2026-08-24 21:46:12.378445
17bb18d0-1b6c-4045-9b62-754e463aabd2,view,CLTH_027,0.0,2026-08-28 18:06:02.633146
272d6b5f-aeca-485e-a4ba-1a5689f647ac,view,ELEC_020,0.0,2026-08-24 20:07:03.771999
807ffd32-2ef3-4a31-a89a-238c366b264b,view,CLTH_015,0.0,2026-08-24 21:33:14.887131
4bcc35c7-0c0f-40c6-81ef-9290c390c8ae,view,CLTH_027,0.0,2026-08-18 18:51:34.353993
151d1b6b-31e9-4c3a-98ee-7ebc527bc572,cart,SPRT_024,179.22,2026-08-22 17:51:52.104625
0bbfa7f7-fdca-4164-bc87-12ea9a76d7ed,view,CLTH_024,0.0,2026-08-18 19:21:44.355290
3317a2b8-8792-434d-9860-2f7644018ce4,view,FOOD_019,0.0,2026-08-28T18:14:10.134452
a3414eda-0341-4e0d-b3fa-5e873248b36a,view,ELEC_006,0.0,2026-08-16 10:34:04.851881
b43786c5-4ef6-4017-a344-22b26bcbd3c5,view,BOOK_013,0.0,2026-08-24T23:17:31.676942
e0fd2345-d654-4429-9d48-e2b1544bc0ee,view,BOOK_013,0.0,2026-08-24T23:17:30.885141
7973f2a9-cd05-4d96-a6a3-b5bcbfe5a807,purchase,BOOK_020,11.9,2026-08-24 19:49:37.571609
23e6833c-1e9f-4546-9ca2-5392b29eeb0c,cart,ELEC_011,275.2,2026-08-28T18:08:39.967348
65c76bd2-c4c5-4ead-bb07-d1518810d424,cart,CLTH_013,112.19,2026-08-24 21:02:02.910574
54dbe932-4af2-4f72-a46d-126eccaec63d,view,FOOD_007,0.0,2026-08-24T19:46:36.098054
670c5e97-9826-48dd-b633-24b0d0b347c1,purchase,ELEC_005,539.55,2026-08-28T18:09:48.524397
e04bc446-eef1-4a6c-bdd3-722ed841b5b0,view,CLTH_015,0.0,2026-08-24 21:47:41.954398
7c53ddd0-71fe-4919-a4fe-86d633a58eee,view,SPRT_025,0.0,2026-08-20 21:12:43.701444
7a84b978-cc6b-49c8-8bba-b1f87d39615a,cart,BOOK_014,17.23,2026-08-24 21:36:51.610291
46b4a363-670a-4824-bdea-bffd85562f0b,purchase,BOOK_013,60.84,2026-08-24T20:38:08.723437
45be79ad-8040-4559-be25-1a4737d5bdec,purchase,FOOD_009,61.76,2026-08-24 20:26:33.473082
aaaa38a6-7d37-4a0f-a0ae-a18daa98f586,view,BOOK_002,0.0,2026-08-16T16:44:27.042377
4e1b3ee7-3aba-4880-8551-3c1ff6b7eb43,view,BOOK_029,0.0,2026-08-28 18:12:58.905271
8afb9663-be21-47d5-b7bf-d549285fa584,view,ELEC_019,0.0,2026-08-16 10:44:06.206917
07e00408-a9f3-4a26-bb10-653e27ee1d69,view,SPRT_013,0.0,2026-08-24 21:48:02.788945
046701a6-5a53-43dc-aa26-d68a19f6cb9e,view,BOOK_022,0.0,2026-08-22T17:55:54.999310
69ac5a58-9bcc-4f4b-bdd5-baea8549f46e,view,CLTH_022,0.0,2026-08-18 18:59:11.896523
b43786c5-4ef6-4017-a344-22b26bcbd3c5,purchase,SPRT_026,164.18,2026-08-24 20:32:27.889888
71757292-65b2-4a18-829d-3935df050fc0,view,ELEC_004,0.0,2026-08-24T19:45:33.632515
b1143e5d-1e1f-426c-aaa8-ab647f0ea967,purchase,FOOD_030,43.72,2026-08-20 21:55:34.063200
c56998f4-a438-484c-8b0c-b80c399f6fcd,purchase,BOOK_019,41.17,2026-08-24 20:33:37.021176
1342dc6b-765d-46f2-b62a-ae0cc1bedb78,view,ELEC_024,0.0,2026-08-24 23:07:44.545589
1342dc6b-765d-46f2-b62a-ae0cc1bedb78,view,SPRT_001,0.0,2026-08-24 21:58:54.824834
d06247ce-154f-44d2-a431-0e6def01535f,view,CLTH_009,0.0,2026-08-24 22:37:13.394374
01c8f8b9-4fbf-44a7-8919-178beaceb074,view,SPRT_011,0.0,2026-08-23 19:48:19.957293
5fd25fd1-437c-46b3-9a39-aa545fcef320,purchase,FOOD_003,79.72,2026-08-24 20:33:57.514790
8cdacff9-37d6-4442-84bc-6ae90cf25759,purchase,FOOD_014,94.59,2026-08-23 19:44:06.912054
adcabb5a-9294-4e06-91d7-d5fb55987582,view,CLTH_025,0.0,2026-08-18 18:47:28.227795
8889c320-1f19-4bac-9c31-b9218acbf5b5,cart,ELEC_023,690.01,2026-08-24 22:59:08.030213
e9af50c7-3916-48bf-9def-f8eae8db79ee,view,BOOK_024,0.0,2026-08-24 19:51:24.674997
e04bc446-eef1-4a6c-bdd3-722ed841b5b0,view,CLTH_007,0.0,2026-08-24 23:23:38.739211
27a943f0-74c1-47d4-a697-2bf5d20625d8,view,FOOD_010,0.0,2026-08-24T19:55:27.546142
2989c566-bd71-49e2-8d10-a60c615ee48b,view,BOOK_025,0.0,2026-08-28T18:15:57.952929
c32d47d5-9419-46e9-8af8-3ed6aa710c89,view,SPRT_011,0.0,2026-08-22 17:47:28.386486
e04bc446-eef1-4a6c-bdd3-722ed841b5b0,cart,CLTH_008,157.91,2026-08-24 22:33:02.774746
204cd583-e18f-4356-afbd-560a95e5e55d,view,CLTH_008,0.0,2026-08-24 21:04:54.226557
1342dc6b-765d-46f2-b62a-ae0cc1bedb78,view,BOOK_022,0.0,2026-08-24 22:08:19.509497
65c76bd2-c4c5-4ead-bb07-d1518810d424,view,CLTH_022,0.0,2026-08-24 19:37:21.250639
79486124-ceb2-4f91-bf0f-378b69ecb64c,view,ELEC_025,0.0,2026-08-22 17:25:16.963257
c6da6198-1302-4f3b-98d8-59f524206a5a,purchase,CLTH_010,313.85,2026-08-24 20:11:16.032130
97fcda00-fb2b-476b-9147-2dd97348c02b,view,BOOK_005,0.0,2026-08-20 21:38:33.313474
f11171cf-dcb7-41e6-88b3-5078456085ff,view,BOOK_016,0.0,2026-08-18 18:51:17.439182
32d60b7b-0ecd-4d77-ad93-8db6a14c6708,cart,CLTH_008,186.94,2026-08-18T18:55:36.321943
dfcc5694-8acb-4c2d-b506-2b27c83b45a2,view,SPRT_020,0.0,2026-08-22T17:47:59.330787
4bcc35c7-0c0f-40c6-81ef-9290c390c8ae,view,FOOD_014,0.0,2026-08-20T22:01:00.644074
9ea41e68-c710-4b07-b2ae-6bbf22342547,view,CLTH_003,0.0,2026-08-16 10:38:56.718959
9ea41e68-c710-4b07-b2ae-6bbf22342547,purchase,CLTH_027,80.46,2026-08-16 10:46:40.526353
e3576704-b8db-4482-a571-018fedb94275,view,ELEC_020,0.0,2026-08-28T18:21:25.934589
e04bc446-eef1-4a6c-bdd3-722ed841b5b0,view,CLTH_025,0.0,2026-08-24 23:16:40.061236
17bb18d0-1b6c-4045-9b62-754e463aabd2,cart,ELEC_002,560.45,2026-08-28 18:10:51.505507
27a943f0-74c1-47d4-a697-2bf5d20625d8,view,CLTH_013,0.0,2026-08-24 20:48:23.394921
2989c566-bd71-49e2-8d10-a60c615ee48b,cart,SPRT_005,75.09,2026-08-24T22:35:10.011411
53cf9005-c315-44bf-8b90-ee836dc0ab1f,view,CLTH_006,0.0,2026-08-23 19:42:05.366177
82a1487d-2323-45c1-9468-a6f88d47a779,view,FOOD_018,0.0,2026-08-24 20:22:19.478077
a8b5f893-6a56-4f9f-b429-038b5a69def7,view,SPRT_015,0.0,2026-08-24T21:59:16.522990
7cecad85-4914-4af5-863e-309987695976,view,CLTH_026,0.0,2026-08-24 22:59:08.554037
8889c320-1f19-4bac-9c31-b9218acbf5b5,view,FOOD_009,0.0,2026-08-24 22:56:02.349005
07e00408-a9f3-4a26-bb10-653e27ee1d69,view,CLTH_022,0.0,2026-08-24 22:37:52.303440
d06247ce-154f-44d2-a431-0e6def01535f,view,CLTH_005,0.0,2026-08-24 22:25:00.100945
204cd583-e18f-4356-afbd-560a95e5e55d,purchase,CLTH_013,262.79,2026-08-24 20:40:32.941736
1916909e-6c68-4b12-a792-b099fef763bb,view,CLTH_009,0.0,2026-08-16 10:41:06.086975
097603f7-ef8e-4380-83ce-337ce6b52a59,view,BOOK_028,0.0,2026-08-24 22:27:10.404564
aaaa38a6-7d37-4a0f-a0ae-a18daa98f586,view,FOOD_023,0.0,2026-08-16 16:49:32.494363
fcdb2a08-2878-4a68-8159-6952bf2ae28f,view,BOOK_018,0.0,2026-08-22 17:35:40.915265
0a2f3d10-ae64-4472-a673-478e6650e204,view,FOOD_012,0.0,2026-08-16 16:35:42.796847
b43786c5-4ef6-4017-a344-22b26bcbd3c5,cart,BOOK_026,55.11,2026-08-24T23:17:31.676942
7cecad85-4914-4af5-863e-309987695976,view,CLTH_007,0.0,2026-08-24 22:25:14.149954
97fcda00-fb2b-476b-9147-2dd97348c02b,cart,BOOK_019,68.71,2026-08-20T21:37:33.634562
796609d9-7739-4166-ab01-9a72c52c20a7,view,SPRT_023,0.0,2026-08-23 19:46:53.692227
9d82dbcc-f68b-4045-b84a-79b4d7103eeb,view,SPRT_009,0.0,2026-08-22 17:32:26.699072
7cecad85-4914-4af5-863e-309987695976,view,CLTH_020,0.0,2026-08-24 23:12:41.290663
66f9e642-1674-468a-884b-55c6f9a06472,cart,ELEC_008,912.38,2026-08-24T19:56:30.964814
d37ca1f9-a758-4fcd-abd0-8a4b28290823,view,ELEC_010,0.0,2026-08-22 17:46:43.087230
3eae1b1f-da2f-40b7-883b-ad6d9a3673eb,view,SPRT_014,0.0,2026-08-24 21:57:06.464477
4bcc35c7-0c0f-40c6-81ef-9290c390c8ae,view,FOOD_012,0.0,2026-08-20T21:42:07.644160
1a57d526-e419-4985-b2c6-65d021f92488,view,SPRT_012,0.0,2026-08-23T19:44:54.866684
3eae1b1f-da2f-40b7-883b-ad6d9a3673eb,view,CLTH_003,0.0,2026-08-24 22:37:01.610338
d06247ce-154f-44d2-a431-0e6def01535f,view,CLTH_026,0.0,2026-08-24 22:08:31.260434
33dc141b-1bf5-4e95-b23e-a53981073bd2,cart,CLTH_012,145.57,2026-08-23T19:40:14.958467
a3414eda-0341-4e0d-b3fa-5e873248b36a,view,SPRT_007,0.0,2026-08-16 10:34:35.891040
b2b6e8f7-a7a2-4a38-8be3-f154118f5196,cart,BOOK_029,17.22,2026-08-22 17:26:32.630340
2123f5ae-14df-4e5d-92db-1157b83c002d,view,CLTH_026,0.0,2026-08-19 23:27:35.337373
79486124-ceb2-4f91-bf0f-378b69ecb64c,view,ELEC_022,0.0,2026-08-22 17:25:27.214480
0a2f3d10-ae64-4472-a673-478e6650e204,view,FOOD_021,0.0,2026-08-16 16:44:00.615864
6c42b183-6d7f-4eed-9a19-89815e3d0919,view,ELEC_011,0.0,2026-08-24 21:54:32.630934
71757292-65b2-4a18-829d-3935df050fc0,view,SPRT_022,0.0,2026-08-23T19:35:59.996331
9f729b04-6f80-4dae-9824-921396cc0ee2,view,FOOD_019,0.0,2026-08-24 21:22:17.194149
27a943f0-74c1-47d4-a697-2bf5d20625d8,cart,ELEC_003,375.8,2026-08-24 20:30:14.270277
204cd583-e18f-4356-afbd-560a95e5e55d,view,CLTH_030,0.0,2026-08-24 20:21:42.154787
9f6791f7-ecb4-48c0-8d76-b8e55d160f4b,view,SPRT_019,0.0,2026-08-20 21:44:19.342577
69ac5a58-9bcc-4f4b-bdd5-baea8549f46e,cart,CLTH_022,147.52,2026-08-18 18:45:30.736102
395e36e8-c321-48f4-9ed8-88acf120a760,cart,CLTH_024,168.79,2026-08-18 19:12:16.434939
7e12728f-8e77-4093-b21e-7650a323fb12,view,CLTH_012,0.0,2026-08-24 21:53:54.630719
b4508ad1-61c3-4913-9b0d-9e62d1e31a6c,view,BOOK_007,0.0,2026-08-18T19:06:02.201231
8e8f1a72-9d02-4f7f-812e-28ab52b05f20,view,ELEC_014,0.0,2026-08-20 21:25:42.579653
fb5c4430-55ab-46c5-9e83-bae524560811,view,FOOD_005,0.0,2026-08-24 20:24:19.655367
15371891-3d67-4bbe-a227-0aa843960503,cart,CLTH_015,177.23,2026-08-24 22:25:20.180051
151d1b6b-31e9-4c3a-98ee-7ebc527bc572,cart,SPRT_007,112.84,2026-08-22 17:48:46.329366
097603f7-ef8e-4380-83ce-337ce6b52a59,cart,BOOK_013,36.35,2026-08-24 23:14:06.982609
a4dbcca0-eaa3-4f6a-91d1-a92bc00a2c19,view,CLTH_021,0.0,2026-08-24 20:17:17.938569
01c8f8b9-4fbf-44a7-8919-178beaceb074,purchase,SPRT_027,88.3,2026-08-23 19:43:15.313272
ab5beedd-73b7-43f0-8900-2fda346c8941,purchase,CLTH_028,271.5,2026-08-20 21:19:51.655900
d06247ce-154f-44d2-a431-0e6def01535f,view,ELEC_027,0.0,2026-08-24 22:44:20.850891
65c76bd2-c4c5-4ead-bb07-d1518810d424,view,CLTH_016,0.0,2026-08-24 20:17:43.745449
8d2e8c22-0f58-489e-84d3-59c68d8c63a5,view,SPRT_020,0.0,2026-08-16 10:39:42.372658
1342dc6b-765d-46f2-b62a-ae0cc1bedb78,view,SPRT_001,0.0,2026-08-24 22:57:29.955646
e04bc446-eef1-4a6c-bdd3-722ed841b5b0,view,ELEC_005,0.0,2026-08-24 22:14:39.142102
204cd583-e18f-4356-afbd-560a95e5e55d,view,FOOD_013,0.0,2026-08-24 21:00:14.111267
9f729b04-6f80-4dae-9824-921396cc0ee2,view,FOOD_003,0.0,2026-08-24 19:49:33.212007
65c76bd2-c4c5-4ead-bb07-d1518810d424,view,CLTH_006,0.0,2026-08-24 20:50:48.687672
b3b7ea67-75e4-433b-a906-fd0202ed49b3,view,CLTH_009,0.0,2026-08-24T20:13:20.500705
a96f1d3a-763c-4bc2-9e7d-20d3463261d5,view,ELEC_013,0.0,2026-08-15 19:39:09.487509
272d6b5f-aeca-485e-a4ba-1a5689f647ac,purchase,FOOD_004,76.94,2026-08-24 20:23:43.977687
b4508ad1-61c3-4913-9b0d-9e62d1e31a6c,view,BOOK_011,0.0,2026-08-18T19:06:02.201231
204cd583-e18f-4356-afbd-560a95e5e55d,view,CLTH_007,0.0,2026-08-24 20:22:06.209502
0d5c42ed-4461-4096-8503-c9de6cbe237f,cart,ELEC_023,587.06,2026-08-28T18:09:48.740083
807ffd32-2ef3-4a31-a89a-238c366b264b,view,BOOK_018,0.0,2026-08-24 21:48:45.056821
543ac2a0-bac7-4614-b90f-a2421cc42c64,view,BOOK_004,0.0,2026-08-24T21:14:43.591150
a5184ecf-8473-4c68-a33b-f6c956626ce8,cart,FOOD_017,13.08,2026-08-22 17:09:05.657605
e04bc446-eef1-4a6c-bdd3-722ed841b5b0,view,ELEC_013,0.0,2026-08-24 23:03:53.775267
4f3b1ab5-91ca-43a2-a8bb-715dd0866ccb,view,ELEC_015,0.0,2026-08-16 16:36:28.210165
07e00408-a9f3-4a26-bb10-653e27ee1d69,cart,BOOK_013,38.87,2026-08-24 21:56:40.193634
3c8208eb-982f-4c25-aeb6-1d676d8c95fd,view,SPRT_021,0.0,2026-08-24T22:25:03.603718
4bcc35c7-0c0f-40c6-81ef-9290c390c8ae,view,SPRT_002,0.0,2026-08-20T21:18:47.196828
097603f7-ef8e-4380-83ce-337ce6b52a59,cart,BOOK_011,17.69,2026-08-24 22:52:42.449472
b43786c5-4ef6-4017-a344-22b26bcbd3c5,purchase,SPRT_010,285.1,2026-08-24T20:25:00.745252
69f815db-b5d3-4690-abf5-ffb8d11bd744,cart,BOOK_003,51.23,2026-08-22T17:06:56.895969
ecef0a71-9256-43e0-bf92-91fc8ffffcf4,view,ELEC_017,0.0,2026-08-24T21:06:31.624004
ddc313fb-bc63-47e5-ac3f-b9d1d5a703a1,view,CLTH_002,0.0,2026-08-24 21:34:39.293547
e9af50c7-3916-48bf-9def-f8eae8db79ee,cart,BOOK_021,57.83,2026-08-24 19:37:24.874425
0518f406-1bcc-4201-9400-4d13c068296b,cart,FOOD_026,39.76,2026-08-15 19:47:28.763355
23563557-5b65-4775-84d2-cd11d7916afb,view,BOOK_011,0.0,2026-08-23T19:34:24.947499
1fae450e-c559-4b3b-b193-0e83995bc876,purchase,ELEC_003,527.59,2026-08-18 19:10:07.998259
7cecad85-4914-4af5-863e-309987695976,view,CLTH_030,0.0,2026-08-24 22:33:36.856939
abdf77fe-de5b-4e52-955c-aeb34086fb6c,view,FOOD_019,0.0,2026-08-24T22:50:19.437990
b92588da-f188-45e0-9358-9c955d88bc5a,view,SPRT_005,0.0,2026-08-20 21:14:50.233010
49d7c508-82b8-424a-9f56-f23225a308fb,view,SPRT_026,0.0,2026-08-24T22:49:09.005285
807ffd32-2ef3-4a31-a89a-238c366b264b,cart,CLTH_027,124.19,2026-08-24 22:22:01.144964
e9af50c7-3916-48bf-9def-f8eae8db79ee,cart,BOOK_024,49.5,2026-08-24 20:58:36.422946
659ae273-f90a-4d3d-8e25-4ce44740dbc3,view,ELEC_024,0.0,2026-08-19 23:28:03.035963
8afb9663-be21-47d5-b7bf-d549285fa584,view,ELEC_025,0.0,2026-08-22T17:47:25.410920
272d6b5f-aeca-485e-a4ba-1a5689f647ac,cart,CLTH_004,140.58,2026-08-24 19:52:11.045471
5fd25fd1-437c-46b3-9a39-aa545fcef320,view,FOOD_011,0.0,2026-08-24 21:05:42.768998
07974040-0d6e-4dd2-a06d-09236cb2f439,view,FOOD_016,0.0,2026-08-24 23:09:27.193052
589c5997-fc90-4737-b2a5-e4271fdf4a9d,view,CLTH_009,0.0,2026-08-22 17:14:04.399233
ecef0a71-9256-43e0-bf92-91fc8ffffcf4,cart,CLTH_001,35.87,2026-08-24 21:20:56.051749
07e00408-a9f3-4a26-bb10-653e27ee1d69,view,CLTH_026,0.0,2026-08-24 22:35:52.017606
ecb51178-8afe-4ba9-bd61-87e0a416554b,cart,ELEC_003,463.0,2026-08-18 19:14:37.712763
b4a0963f-da4e-401b-b39a-2668f972529c,cart,SPRT_007,99.03,2026-08-24 20:21:15.754736
85a19fd8-54ae-4ace-a4dc-55c4ce3993ce,view,FOOD_025,0.0,2026-08-24 21:52:43.163278
1683fa13-caae-47d0-876d-5cd63161b109,view,CLTH_029,0.0,2026-08-15 19:46:31.739529
807ffd32-2ef3-4a31-a89a-238c366b264b,view,CLTH_024,0.0,2026-08-24 22:03:19.539079
fb452d33-32d2-4fc8-a50d-278f74455526,cart,CLTH_012,198.29,2026-08-24T19:50:15.444379
6c42b183-6d7f-4eed-9a19-89815e3d0919,view,ELEC_008,0.0,2026-08-24 21:50:20.858658
48fdb41c-6451-4813-9e73-3326f54170f7,cart,SPRT_026,184.21,2026-08-22T17:47:59.098422
7533f6a3-2d5e-454c-a7d4-5a213a566a6a,view,BOOK_023,0.0,2026-08-20 21:38:06.011860
a9ef0f29-d39b-4e19-9e9d-76779cf2469d,cart,SPRT_018,159.7,2026-08-20 21:50:50.815247
a169dc99-f3d9-4a6d-be74-c528e84e184c,view,SPRT_015,0.0,2026-08-18 19:02:45.033859
151d1b6b-31e9-4c3a-98ee-7ebc527bc572,cart,FOOD_016,77.02,2026-08-22 17:43:43.503815
796609d9-7739-4166-ab01-9a72c52c20a7,view,SPRT_007,0.0,2026-08-23 19:52:31.801907
8afb9663-be21-47d5-b7bf-d549285fa584,view,ELEC_002,0.0,2026-08-16 10:36:40.899780
c6b1433c-fd3a-4b37-a002-e3213ac67574,view,FOOD_014,0.0,2026-08-24 21:48:47.372276
65c76bd2-c4c5-4ead-bb07-d1518810d424,view,CLTH_021,0.0,2026-08-24 19:37:21.322084
0bb810c4-b32d-43c2-92f3-84a8460ad2f6,view,SPRT_012,0.0,2026-08-22T17:05:50.045144
dd0c2035-e21b-4a2f-aa23-2bb8b37e125d,cart,ELEC_016,264.63,2026-08-22T17:45:49.927402
8648af4d-7a61-4fed-84ea-10895f513822,view,ELEC_022,0.0,2026-08-20 21:25:40.938398
c8dffba8-f979-4950-9e7a-d9a5f39abcf6,cart,CLTH_006,237.64,2026-08-28T18:08:39.564639
13298c19-921e-4ab7-b2fe-45b88f1e8621,purchase,BOOK_015,61.59,2026-08-24T19:42:56.087319
807ffd32-2ef3-4a31-a89a-238c366b264b,cart,CLTH_008,83.61,2026-08-24 22:33:42.161125
3cd39961-1811-4043-81ca-ab2b96896334,view,SPRT_022,0.0,2026-08-15 19:35:33.560934
d8955fd2-ab39-4aaa-aa00-af2f627b88eb,view,BOOK_016,0.0,2026-08-15 19:38:07.812131
06ef8987-2209-4f91-b32e-b826d451f567,cart,CLTH_026,181.36,2026-08-18 18:51:44.210220
a96f1d3a-763c-4bc2-9e7d-20d3463261d5,view,SPRT_030,0.0,2026-08-23T19:34:26.496361
1342dc6b-765d-46f2-b62a-ae0cc1bedb78,view,SPRT_019,0.0,2026-08-24 22:30:23.005112
b3b7ea67-75e4-433b-a906-fd0202ed49b3,view,ELEC_011,0.0,2026-08-20 21:33:50.773865
7cbfa99b-31eb-437d-b4e9-d5c1212be9ff,cart,BOOK_003,36.47,2026-08-15 19:46:59.323202
097603f7-ef8e-4380-83ce-337ce6b52a59,cart,ELEC_022,316.62,2026-08-24 21:38:12.510428
a4dbcca0-eaa3-4f6a-91d1-a92bc00a2c19,cart,CLTH_002,36.16,2026-08-24 20:21:59.512056
c56998f4-a438-484c-8b0c-b80c399f6fcd,purchase,FOOD_021,48.2,2026-08-24 21:11:35.900691
e9af50c7-3916-48bf-9def-f8eae8db79ee,view,BOOK_008,0.0,2026-08-24 19:37:24.954617
16a45d1c-fcb0-44ee-be9c-1c14c693e1c8,view,CLTH_018,0.0,2026-08-24 20:19:46.279221
fbc03b87-c84c-4ae3-872c-c3f001033c41,cart,CLTH_005,61.93,2026-08-24T21:07:56.865420
5fd25fd1-437c-46b3-9a39-aa545fcef320,purchase,FOOD_028,30.55,2026-08-24 20:01:25.369580
af8c3802-1e97-4ac1-a05e-a064dc9a598f,purchase,ELEC_017,96.64,2026-08-18 18:58:05.535543
93a77f89-bfd1-4c5d-9caf-af8b44e15eb1,view,ELEC_003,0.0,2026-08-24T19:56:31.101807
718814b5-9a30-4643-8cfb-a460a60999ba,view,CLTH_011,0.0,2026-08-24 20:44:27.996788
c56998f4-a438-484c-8b0c-b80c399f6fcd,view,BOOK_027,0.0,2026-08-24 20:30:06.368128
fb5c4430-55ab-46c5-9e83-bae524560811,view,SPRT_022,0.0,2026-08-24T20:37:35.645870
5170d1a9-568e-4884-8b9a-e998a6411fc9,view,SPRT_021,0.0,2026-08-22 17:28:56.531096
7cbfa99b-31eb-437d-b4e9-d5c1212be9ff,cart,CLTH_021,112.18,2026-08-24T21:07:52.777971
51d3a51e-39d5-4fa8-ad25-bc0cc1c2a3a8,purchase,SPRT_014,409.83,2026-08-24T23:21:01.206462
8e8f1a72-9d02-4f7f-812e-28ab52b05f20,view,SPRT_020,0.0,2026-08-22T17:47:59.694041
0e5061dd-6477-4b0b-baf1-80f9eca14fcd,view,FOOD_024,0.0,2026-08-19 23:30:09.537430
b92588da-f188-45e0-9358-9c955d88bc5a,view,BOOK_026,0.0,2026-08-22T17:13:44.711055
3cd39961-1811-4043-81ca-ab2b96896334,view,SPRT_030,0.0,2026-08-24T20:25:00.876677
15371891-3d67-4bbe-a227-0aa843960503,view,FOOD_003,0.0,2026-08-24 22:13:43.464184
540dfba9-6872-43b1-945d-a3584b72aa30,purchase,SPRT_016,394.61,2026-08-23T19:44:54.325293
046701a6-5a53-43dc-aa26-d68a19f6cb9e,view,CLTH_015,0.0,2026-08-18 18:45:53.332766
c6da6198-1302-4f3b-98d8-59f524206a5a,view,CLTH_007,0.0,2026-08-24 20:52:40.764004
2ca3ba80-c4ea-48a9-9d49-ec547b2177a2,view,SPRT_003,0.0,2026-08-20T21:26:41.607498
046701a6-5a53-43dc-aa26-d68a19f6cb9e,view,SPRT_028,0.0,2026-08-28T18:23:20.774128
ab5beedd-73b7-43f0-8900-2fda346c8941,purchase,CLTH_026,183.09,2026-08-20 21:08:29.076044
2989c566-bd71-49e2-8d10-a60c615ee48b,view,SPRT_025,0.0,2026-08-23 19:39:28.065925
c6da6198-1302-4f3b-98d8-59f524206a5a,view,CLTH_015,0.0,2026-08-24 20:23:43.026920
23563557-5b65-4775-84d2-cd11d7916afb,view,SPRT_009,0.0,2026-08-20 21:26:22.674442
15371891-3d67-4bbe-a227-0aa843960503,view,CLTH_008,0.0,2026-08-24 22:54:14.751336
38c90e9e-a827-4bae-9a22-50c3d3ae002c,view,BOOK_004,0.0,2026-08-20 21:08:39.121270
9f729b04-6f80-4dae-9824-921396cc0ee2,view,FOOD_028,0.0,2026-08-24 21:22:17.239064
6faa3f2f-4722-4384-8e2e-1ba697d518a4,view,CLTH_015,0.0,2026-08-20T21:27:11.873038
1d21b537-35e3-49e4-ad04-fb64e3a6b0d7,purchase,BOOK_023,28.98,2026-08-22 17:00:09.326446
10a14ce2-6a79-4e2d-b024-ab8150be7f3b,cart,FOOD_016,79.79,2026-08-24T22:13:50.121119
46b4a363-670a-4824-bdea-bffd85562f0b,view,BOOK_005,0.0,2026-08-18 19:01:25.022426
d13300b8-b21a-4b42-b229-1237697e4e3f,view,CLTH_021,0.0,2026-08-15 19:43:15.580541
3ad97fa8-650a-449e-819a-7461929db15a,cart,BOOK_012,13.8,2026-08-20 21:54:47.565362
b69f6df3-4ae7-4861-8236-88b969e91529,view,CLTH_013,0.0,2026-08-20 21:06:47.238884
38c90e9e-a827-4bae-9a22-50c3d3ae002c,view,BOOK_007,0.0,2026-08-20 21:13:16.222318
af8c3802-1e97-4ac1-a05e-a064dc9a598f,view,SPRT_030,0.0,2026-08-18 19:04:21.645308
2989c566-bd71-49e2-8d10-a60c615ee48b,view,BOOK_001,0.0,2026-08-23 19:44:03.853403
b43786c5-4ef6-4017-a344-22b26bcbd3c5,view,SPRT_015,0.0,2026-08-24 21:07:17.188239
69f815db-b5d3-4690-abf5-ffb8d11bd744,purchase,BOOK_009,52.82,2026-08-24T23:17:30.666700
c6da6198-1302-4f3b-98d8-59f524206a5a,view,CLTH_016,0.0,2026-08-24 20:27:48.033947
fc029a04-be52-486b-8b8f-0f1b173d81fb,view,SPRT_003,0.0,2026-08-18 19:16:47.216490
6c42b183-6d7f-4eed-9a19-89815e3d0919,view,ELEC_017,0.0,2026-08-24 22:32:24.108013
ab5beedd-73b7-43f0-8900-2fda346c8941,view,CLTH_029,0.0,2026-08-20 21:21:49.195221
9d82dbcc-f68b-4045-b84a-79b4d7103eeb,view,BOOK_005,0.0,2026-08-22 18:00:55.293093
3cd39961-1811-4043-81ca-ab2b96896334,view,SPRT_008,0.0,2026-08-24T23:01:15.463633
f40f2fc0-4990-4c42-b190-23976cdaf79f,view,BOOK_024,0.0,2026-08-16 16:52:16.636188
bd22f4c4-5268-45d9-9243-8d72683946f2,view,CLTH_016,0.0,2026-08-23 19:36:31.957088
0f4db5c7-beaf-4757-b8cf-f156b73fe4d5,cart,SPRT_018,268.58,2026-08-20 21:56:43.271898
af8c3802-1e97-4ac1-a05e-a064dc9a598f,cart,SPRT_004,273.61,2026-08-24T20:15:35.924488
ab5beedd-73b7-43f0-8900-2fda346c8941,view,SPRT_017,0.0,2026-08-24T21:48:01.677006
45be79ad-8040-4559-be25-1a4737d5bdec,view,ELEC_008,0.0,2026-08-24 19:58:28.592910
dca944a7-0934-422f-a615-4a2ae9dbac65,view,BOOK_011,0.0,2026-08-18 19:18:46.372132
16a45d1c-fcb0-44ee-be9c-1c14c693e1c8,purchase,BOOK_026,49.19,2026-08-24 19:52:54.519636
e9af50c7-3916-48bf-9def-f8eae8db79ee,view,BOOK_024,0.0,2026-08-24 20:39:33.075337
3c8208eb-982f-4c25-aeb6-1d676d8c95fd,cart,ELEC_010,760.05,2026-08-20 21:42:22.001083
8b84f738-d1da-49a1-8b35-7f03cd7992a8,view,CLTH_027,0.0,2026-08-16 16:49:18.358169
9f5699e8-c821-4444-b570-668a4eedcb12,view,SPRT_014,0.0,2026-08-19 23:22:19.033010
b4508ad1-61c3-4913-9b0d-9e62d1e31a6c,view,CLTH_002,0.0,2026-08-16 16:41:19.808905
07974040-0d6e-4dd2-a06d-09236cb2f439,view,SPRT_022,0.0,2026-08-24T22:45:15.157244
b2b6e8f7-a7a2-4a38-8be3-f154118f5196,purchase,BOOK_022,53.12,2026-08-22 17:37:47.224543
718814b5-9a30-4643-8cfb-a460a60999ba,view,CLTH_007,0.0,2026-08-24 19:58:51.646579
7a84b978-cc6b-49c8-8bba-b1f87d39615a,view,BOOK_027,0.0,2026-08-24T22:20:34.576083
fb452d33-32d2-4fc8-a50d-278f74455526,purchase,SPRT_027,442.55,2026-08-20 21:31:38.573351
07974040-0d6e-4dd2-a06d-09236cb2f439,view,FOOD_029,0.0,2026-08-24 22:05:33.382866
2743b6ed-fc45-4744-8bc0-3fcfbda03d36,cart,FOOD_014,12.14,2026-08-22T17:31:09.287422
28dee375-acb0-4efe-91a1-27bd967ca56b,view,CLTH_017,0.0,2026-08-24T19:45:02.015913
9ea41e68-c710-4b07-b2ae-6bbf22342547,view,SPRT_020,0.0,2026-08-22T17:39:28.882303
540dfba9-6872-43b1-945d-a3584b72aa30,view,BOOK_002,0.0,2026-08-22 17:14:45.044470
7a84b978-cc6b-49c8-8bba-b1f87d39615a,cart,ELEC_016,403.3,2026-08-24 22:28:12.271085
14652829-4c93-49cc-ac11-1084b352dbf8,cart,BOOK_011,33.02,2026-08-24 23:19:59.619063
b2494169-7cd1-450a-9a6a-5bd5ce40d2fb,cart,SPRT_012,144.99,2026-08-24T22:55:56.504446
5ecfc98a-922a-4821-a19c-74739ea9d49c,purchase,CLTH_015,219.76,2026-08-24 21:45:21.741747
d572cc22-f568-4269-a4ca-75bae22243da,view,CLTH_005,0.0,2026-08-20 21:48:10.968542
7e12728f-8e77-4093-b21e-7650a323fb12,view,BOOK_004,0.0,2026-08-24 22:39:40.714670
d06247ce-154f-44d2-a431-0e6def01535f,view,CLTH_010,0.0,2026-08-24 22:08:31.317935
718814b5-9a30-4643-8cfb-a460a60999ba,cart,CLTH_012,152.48,2026-08-24 20:03:15.352591
ab5beedd-73b7-43f0-8900-2fda346c8941,view,SPRT_024,0.0,2026-08-24T20:34:21.224518
33cba815-f157-4c79-818d-2ebbda04e88a,view,SPRT_014,0.0,2026-08-23T19:44:54.838768
0f4db5c7-beaf-4757-b8cf-f156b73fe4d5,view,SPRT_024,0.0,2026-08-20 21:49:38.072260
d0083a3b-3cf2-48a7-b1a4-f12398d8bd7f,view,CLTH_007,0.0,2026-08-20 21:34:47.398670
a4dbcca0-eaa3-4f6a-91d1-a92bc00a2c19,cart,CLTH_023,137.83,2026-08-24 20:51:48.851563
b43786c5-4ef6-4017-a344-22b26bcbd3c5,view,CLTH_012,0.0,2026-08-24T20:35:58.325474
16a45d1c-fcb0-44ee-be9c-1c14c693e1c8,purchase,CLTH_018,266.97,2026-08-24 20:00:33.452360
ddc313fb-bc63-47e5-ac3f-b9d1d5a703a1,view,ELEC_018,0.0,2026-08-24 23:08:35.416093
9b7e7aee-079a-4bab-8c71-badadf83bdcd,view,SPRT_020,0.0,2026-08-20 21:22:25.417593
aaaa38a6-7d37-4a0f-a0ae-a18daa98f586,view,FOOD_010,0.0,2026-08-16 16:47:31.908658
fb5c4430-55ab-46c5-9e83-bae524560811,view,ELEC_013,0.0,2026-08-24 20:23:50.214036
1683fa13-caae-47d0-876d-5cd63161b109,view,FOOD_009,0.0,2026-08-22T17:18:01.816897
50e381b2-5e82-4228-ba7a-86669f6ade13,view,SPRT_014,0.0,2026-08-23T19:51:53.475983
77765993-45c5-4be1-9161-1885f032fc20,view,ELEC_015,0.0,2026-08-22 17:38:12.360320
7a84b978-cc6b-49c8-8bba-b1f87d39615a,view,CLTH_028,0.0,2026-08-24 22:37:03.368264
7e12728f-8e77-4093-b21e-7650a323fb12,view,CLTH_016,0.0,2026-08-24 21:38:04.220968
544c32f4-a10e-44ff-a0d5-6f8b523e593a,view,SPRT_013,0.0,2026-08-24T22:18:54.044500
e0fd2345-d654-4429-9d48-e2b1544bc0ee,view,SPRT_016,0.0,2026-08-19 23:31:54.984658
38c90e9e-a827-4bae-9a22-50c3d3ae002c,view,BOOK_006,0.0,2026-08-20 21:18:23.899542
66f9e642-1674-468a-884b-55c6f9a06472,view,FOOD_011,0.0,2026-08-18 19:01:45.718965
f45f43f0-f972-4f1b-bef3-8f2297f88dfc,view,SPRT_002,0.0,2026-08-24T23:10:24.087961
a4dbcca0-eaa3-4f6a-91d1-a92bc00a2c19,view,FOOD_012,0.0,2026-08-28T18:08:04.692644
f11171cf-dcb7-41e6-88b3-5078456085ff,cart,BOOK_019,30.87,2026-08-18 18:46:36.160835
9f729b04-6f80-4dae-9824-921396cc0ee2,cart,BOOK_003,39.4,2026-08-24 20:11:29.909179
0d5c42ed-4461-4096-8503-c9de6cbe237f,purchase,BOOK_025,39.78,2026-08-22T17:55:53.846459
b4a0963f-da4e-401b-b39a-2668f972529c,view,ELEC_007,0.0,2026-08-24 21:19:45.880014
9b7e7aee-079a-4bab-8c71-badadf83bdcd,view,SPRT_030,0.0,2026-08-20 21:22:25.474068
b4a0963f-da4e-401b-b39a-2668f972529c,cart,SPRT_008,232.47,2026-08-24 19:51:16.710326
d6ea31f0-4a99-43ba-8364-82717218083c,purchase,SPRT_002,66.04,2026-08-19T23:27:32.733920
1683fa13-caae-47d0-876d-5cd63161b109,view,CLTH_012,0.0,2026-08-15 19:44:26.584983
07974040-0d6e-4dd2-a06d-09236cb2f439,view,FOOD_026,0.0,2026-08-24 22:21:18.990515
103b446e-bac3-42b5-96ca-727662d099e1,cart,FOOD_004,39.95,2026-08-24T22:13:50.669282
2de07fdd-8b53-4691-a8aa-c355b7716a3e,cart,CLTH_025,150.46,2026-08-18 18:54:59.236007
7a84b978-cc6b-49c8-8bba-b1f87d39615a,view,CLTH_012,0.0,2026-08-24 23:16:44.211090
d572cc22-f568-4269-a4ca-75bae22243da,view,BOOK_011,0.0,2026-08-24T20:42:37.099557
e352f24e-22e8-4012-a195-24367d88715a,cart,FOOD_024,54.65,2026-08-24 20:25:55.656529
ab5beedd-73b7-43f0-8900-2fda346c8941,view,CLTH_015,0.0,2026-08-23T20:04:16.026415
ecef0a71-9256-43e0-bf92-91fc8ffffcf4,view,CLTH_016,0.0,2026-08-24 21:10:17.452954
b43786c5-4ef6-4017-a344-22b26bcbd3c5,view,SPRT_024,0.0,2026-08-24 21:06:05.365866
7a84b978-cc6b-49c8-8bba-b1f87d39615a,view,CLTH_013,0.0,2026-08-24 23:21:54.015782
45be79ad-8040-4559-be25-1a4737d5bdec,view,FOOD_028,0.0,2026-08-24 20:08:44.541261
097603f7-ef8e-4380-83ce-337ce6b52a59,view,BOOK_004,0.0,2026-08-24 22:52:36.793714
65bdd5f8-4652-4a5f-aa90-ed5cbed78e68,view,BOOK_018,0.0,2026-08-28 18:11:11.845753
16a45d1c-fcb0-44ee-be9c-1c14c693e1c8,view,CLTH_029,0.0,2026-08-24 20:18:16.079928
c6da6198-1302-4f3b-98d8-59f524206a5a,view,CLTH_003,0.0,2026-08-24 19:56:47.988340
046701a6-5a53-43dc-aa26-d68a19f6cb9e,view,FOOD_009,0.0,2026-08-20T21:24:35.840830
97fb0cad-ce2c-4c09-a49a-903e0f094869,view,ELEC_007,0.0,2026-08-20T21:10:31.298479
1a57d526-e419-4985-b2c6-65d021f92488,view,BOOK_029,0.0,2026-08-20 21:57:27.977806
b4a0963f-da4e-401b-b39a-2668f972529c,view,FOOD_004,0.0,2026-08-24 19:39:49.496282
7cbfa99b-31eb-437d-b4e9-d5c1212be9ff,view,CLTH_010,0.0,2026-08-24T21:07:52.777971
718814b5-9a30-4643-8cfb-a460a60999ba,view,CLTH_007,0.0,2026-08-24 20:47:49.883283
80fc42f8-36e7-494e-ab68-ae41fa2c75c1,view,BOOK_021,0.0,2026-08-20 21:28:30.470375
48fdb41c-6451-4813-9e73-3326f54170f7,cart,FOOD_019,65.15,2026-08-16 16:48:45.532657
1342dc6b-765d-46f2-b62a-ae0cc1bedb78,view,SPRT_002,0.0,2026-08-24 22:07:36.185783
45be79ad-8040-4559-be25-1a4737d5bdec,view,ELEC_015,0.0,2026-08-24 19:58:28.532432
27a943f0-74c1-47d4-a697-2bf5d20625d8,purchase,CLTH_006,282.78,2026-08-24 20:31:48.523876
204cd583-e18f-4356-afbd-560a95e5e55d,view,CLTH_010,0.0,2026-08-24 20:46:50.292183
66f9e642-1674-468a-884b-55c6f9a06472,view,SPRT_009,0.0,2026-08-24T23:10:23.006635
59b41456-0c0c-46d0-9f3c-5fd6fe62f88a,view,SPRT_006,0.0,2026-08-24T19:44:31.256059
5fd25fd1-437c-46b3-9a39-aa545fcef320,purchase,FOOD_010,100.23,2026-08-24 21:23:01.198786
97fcda00-fb2b-476b-9147-2dd97348c02b,purchase,BOOK_008,23.16,2026-08-23T19:37:03.041550
37d1bc22-ec4f-4251-96d1-dbe0703942a7,view,ELEC_020,0.0,2026-08-19 23:24:44.016667
50e381b2-5e82-4228-ba7a-86669f6ade13,purchase,FOOD_028,68.43,2026-08-20T21:14:06.212640
c6da6198-1302-4f3b-98d8-59f524206a5a,purchase,CLTH_010,223.3,2026-08-24 20:45:45.397802
45be79ad-8040-4559-be25-1a4737d5bdec,view,FOOD_005,0.0,2026-08-24 20:37:46.517844
7a84b978-cc6b-49c8-8bba-b1f87d39615a,cart,CLTH_023,95.53,2026-08-24 22:11:10.675361
fcdb2a08-2878-4a68-8159-6952bf2ae28f,purchase,BOOK_008,24.17,2026-08-22 17:31:17.757292
93a77f89-bfd1-4c5d-9caf-af8b44e15eb1,view,SPRT_012,0.0,2026-08-23T19:39:42.823058
838d67a1-4adc-4bef-834d-defa67fe3762,purchase,FOOD_011,27.07,2026-08-24 21:40:28.050219
14652829-4c93-49cc-ac11-1084b352dbf8,view,BOOK_011,0.0,2026-08-24 22:25:51.018173
7a84b978-cc6b-49c8-8bba-b1f87d39615a,view,ELEC_023,0.0,2026-08-28T18:09:12.340721
b3b7ea67-75e4-433b-a906-fd0202ed49b3,view,ELEC_014,0.0,2026-08-20 21:47:19.603086
d8955fd2-ab39-4aaa-aa00-af2f627b88eb,cart,SPRT_003,308.9,2026-08-24T22:58:21.205995
9ea41e68-c710-4b07-b2ae-6bbf22342547,view,FOOD_017,0.0,2026-08-24T20:16:47.762021
c6da6198-1302-4f3b-98d8-59f524206a5a,view,CLTH_027,0.0,2026-08-24 20:14:23.304727
28dee375-acb0-4efe-91a1-27bd967ca56b,cart,FOOD_022,90.81,2026-08-24T21:38:34.092244
ddc313fb-bc63-47e5-ac3f-b9d1d5a703a1,view,CLTH_010,0.0,2026-08-24 21:34:39.492982
8d2e8c22-0f58-489e-84d3-59c68d8c63a5,cart,ELEC_006,237.46,2026-08-22T17:45:49.436209
b1143e5d-1e1f-426c-aaa8-ab647f0ea967,purchase,FOOD_012,51.11,2026-08-20 21:51:20.749361
097603f7-ef8e-4380-83ce-337ce6b52a59,view,SPRT_030,0.0,2026-08-24 21:54:18.983988
718814b5-9a30-4643-8cfb-a460a60999ba,view,CLTH_009,0.0,2026-08-24 20:44:27.748972
07e00408-a9f3-4a26-bb10-653e27ee1d69,view,CLTH_021,0.0,2026-08-24 22:19:47.777141
e04bc446-eef1-4a6c-bdd3-722ed841b5b0,view,ELEC_004,0.0,2026-08-24 21:43:19.872881
097603f7-ef8e-4380-83ce-337ce6b52a59,view,BOOK_010,0.0,2026-08-24 22:11:40.859659
5ecfc98a-922a-4821-a19c-74739ea9d49c,view,BOOK_002,0.0,2026-08-24T22:30:05.732534
b4a0963f-da4e-401b-b39a-2668f972529c,view,SPRT_003,0.0,2026-08-24 20:34:59.415084
d572cc22-f568-4269-a4ca-75bae22243da,view,FOOD_018,0.0,2026-08-24T22:13:51.720606
66f9e642-1674-468a-884b-55c6f9a06472,cart,ELEC_012,730.2,2026-08-24T19:48:41.567978
fc663667-5a7c-4583-8210-a39d89c8784d,purchase,CLTH_026,164.29,2026-08-18T19:17:50.727807
82d633b4-757d-4728-bde5-8b3fde30c280,view,SPRT_014,0.0,2026-08-24T20:15:37.505994
6a581879-1f83-493a-9878-091eb0021ada,view,SPRT_015,0.0,2026-08-24 07:51:24.062677
65c76bd2-c4c5-4ead-bb07-d1518810d424,purchase,CLTH_009,200.02,2026-08-24 21:02:03.029767
7adce7be-64d4-4802-b5f9-067f8cf870b9,view,CLTH_012,0.0,2026-08-28 18:08:41.383908
b8626474-9939-4b22-b12e-52c5f4b4739c,view,CLTH_027,0.0,2026-08-18T19:03:28.647240
8889c320-1f19-4bac-9c31-b9218acbf5b5,view,ELEC_003,0.0,2026-08-24 22:38:50.849252
0a2f3d10-ae64-4472-a673-478e6650e204,purchase,BOOK_020,63.49,2026-08-24T20:38:13.043386
07e00408-a9f3-4a26-bb10-653e27ee1d69,view,SPRT_021,0.0,2026-08-24 21:31:10.941895
38c90e9e-a827-4bae-9a22-50c3d3ae002c,view,FOOD_016,0.0,2026-08-20 21:08:02.888029
5fd25fd1-437c-46b3-9a39-aa545fcef320,view,FOOD_029,0.0,2026-08-24T21:03:35.192017
9527030a-454f-418b-9265-43c29b277831,cart,FOOD_029,46.06,2026-08-20T21:24:35.232541
38c90e9e-a827-4bae-9a22-50c3d3ae002c,view,BOOK_001,0.0,2026-08-20 21:11:12.416932
911f18bb-7379-4bbe-b85b-b8bf25af64bf,view,FOOD_025,0.0,2026-08-20T21:24:36.831947
3c8208eb-982f-4c25-aeb6-1d676d8c95fd,cart,CLTH_001,183.01,2026-08-20 21:42:26.323917
1da3875f-fb74-46c6-93c5-51e782d226a2,view,BOOK_017,0.0,2026-08-28 18:15:42.215130
d06247ce-154f-44d2-a431-0e6def01535f,view,CLTH_028,0.0,2026-08-24 21:45:19.943654
395e36e8-c321-48f4-9ed8-88acf120a760,view,FOOD_020,0.0,2026-08-20T21:34:00.232240
f40f2fc0-4990-4c42-b190-23976cdaf79f,cart,SPRT_021,295.24,2026-08-20T21:35:31.806169
e04bc446-eef1-4a6c-bdd3-722ed841b5b0,view,CLTH_001,0.0,2026-08-24 22:01:09.846848
aaaa38a6-7d37-4a0f-a0ae-a18daa98f586,view,ELEC_002,0.0,2026-08-18T19:17:12.590395
0a2f3d10-ae64-4472-a673-478e6650e204,purchase,ELEC_014,712.33,2026-08-20T21:20:56.603461
a8b5f893-6a56-4f9f-b429-038b5a69def7,view,CLTH_002,0.0,2026-08-24 20:09:56.985426
1342dc6b-765d-46f2-b62a-ae0cc1bedb78,view,ELEC_010,0.0,2026-08-24 23:07:44.317290
37d1bc22-ec4f-4251-96d1-dbe0703942a7,view,ELEC_015,0.0,2026-08-19 23:35:45.082565
8afb9663-be21-47d5-b7bf-d549285fa584,cart,ELEC_016,167.33,2026-08-16 10:36:03.902118
8b84f738-d1da-49a1-8b35-7f03cd7992a8,view,CLTH_001,0.0,2026-08-16 16:38:35.011449
27a943f0-74c1-47d4-a697-2bf5d20625d8,view,CLTH_019,0.0,2026-08-24 21:17:26.468327
c8e0f50d-4298-44da-ac25-229ba2271015,view,ELEC_002,0.0,2026-08-16T16:45:28.197366
82a1487d-2323-45c1-9468-a6f88d47a779,view,FOOD_030,0.0,2026-08-24 20:20:15.103096
abdf77fe-de5b-4e52-955c-aeb34086fb6c,view,SPRT_026,0.0,2026-08-20 21:30:57.877266
d83aca8e-5d41-4fc0-992e-a9dc27732931,view,BOOK_011,0.0,2026-08-19 23:31:59.924335
718814b5-9a30-4643-8cfb-a460a60999ba,view,CLTH_030,0.0,2026-08-24 19:49:27.908353
69ac5a58-9bcc-4f4b-bdd5-baea8549f46e,cart,CLTH_006,186.19,2026-08-18 19:06:27.565024
82a1487d-2323-45c1-9468-a6f88d47a779,view,FOOD_002,0.0,2026-08-24 20:20:15.080412
7533f6a3-2d5e-454c-a7d4-5a213a566a6a,view,FOOD_009,0.0,2026-08-24T20:58:47.335945
c6da6198-1302-4f3b-98d8-59f524206a5a,view,CLTH_010,0.0,2026-08-24 20:41:36.682933
c6ad3b1a-879f-46e9-b4df-c61479de62ea,view,FOOD_022,0.0,2026-08-20T21:10:31.665499
65c76bd2-c4c5-4ead-bb07-d1518810d424,view,SPRT_007,0.0,2026-08-24 20:30:21.671404
ecef0a71-9256-43e0-bf92-91fc8ffffcf4,view,CLTH_023,0.0,2026-08-24 19:34:34.250086
15371891-3d67-4bbe-a227-0aa843960503,view,BOOK_030,0.0,2026-08-24T22:32:53.217028
7533f6a3-2d5e-454c-a7d4-5a213a566a6a,purchase,BOOK_024,75.62,2026-08-20 21:42:27.550663
fb5c4430-55ab-46c5-9e83-bae524560811,cart,FOOD_016,26.9,2026-08-24 20:00:50.150299
d572cc22-f568-4269-a4ca-75bae22243da,view,SPRT_027,0.0,2026-08-20 21:31:44.143902
18af9202-01b4-42d9-a7a8-a3fd40d77ea7,view,CLTH_005,0.0,2026-08-22T18:04:20.048401
653709fa-a965-4975-9c69-451df40148e0,purchase,SPRT_007,183.35,2026-08-22T17:47:59.436767
7a84b978-cc6b-49c8-8bba-b1f87d39615a,view,CLTH_010,0.0,2026-08-24 23:13:33.453782
18af9202-01b4-42d9-a7a8-a3fd40d77ea7,view,BOOK_011,0.0,2026-08-19T23:33:11.521573
51d3a51e-39d5-4fa8-ad25-bc0cc1c2a3a8,view,SPRT_010,0.0,2026-08-22T17:10:37.186169
272d6b5f-aeca-485e-a4ba-1a5689f647ac,cart,ELEC_015,117.64,2026-08-24 20:12:08.973923
d30fc382-e140-48b8-8038-bd17100271c2,view,ELEC_006,0.0,2026-08-22 18:01:00.089547
a9924f59-2d8b-4172-8e44-ae16ad011154,view,SPRT_016,0.0,2026-08-28T18:21:25.818003
9d82dbcc-f68b-4045-b84a-79b4d7103eeb,view,SPRT_008,0.0,2026-08-22 17:32:26.373377
4eca1658-9c92-4d94-98cf-ac4413183c56,view,CLTH_021,0.0,2026-08-20T21:42:38.559797
b32648f7-5c8a-4360-9d8d-e4d9d9c805e6,view,CLTH_018,0.0,2026-08-20 22:03:44.027809
27a943f0-74c1-47d4-a697-2bf5d20625d8,view,CLTH_017,0.0,2026-08-24 20:08:04.071601
e04bc446-eef1-4a6c-bdd3-722ed841b5b0,view,CLTH_008,0.0,2026-08-24 23:08:56.807117
c8dffba8-f979-4950-9e7a-d9a5f39abcf6,purchase,BOOK_003,10.64,2026-08-23 19:33:31.686872
807ffd32-2ef3-4a31-a89a-238c366b264b,view,CLTH_029,0.0,2026-08-24 23:15:48.937964
7cecad85-4914-4af5-863e-309987695976,view,CLTH_009,0.0,2026-08-24 22:07:55.664258
653709fa-a965-4975-9c69-451df40148e0,cart,BOOK_011,50.31,2026-08-24T23:22:19.058278
c56998f4-a438-484c-8b0c-b80c399f6fcd,cart,BOOK_009,19.3,2026-08-24T21:14:42.275740
b32648f7-5c8a-4360-9d8d-e4d9d9c805e6,view,FOOD_011,0.0,2026-08-24T20:49:49.406456
5170d1a9-568e-4884-8b9a-e998a6411fc9,view,SPRT_018,0.0,2026-08-22 17:34:35.266462
93a77f89-bfd1-4c5d-9caf-af8b44e15eb1,view,SPRT_024,0.0,2026-08-20 21:40:25.615873
1683fa13-caae-47d0-876d-5cd63161b109,view,SPRT_005,0.0,2026-08-24T21:07:07.066512
3fb2fa2a-b4d2-485d-acd8-9cc11c7a142c,cart,SPRT_019,172.4,2026-08-19 23:23:17.233867
b3b7ea67-75e4-433b-a906-fd0202ed49b3,view,ELEC_002,0.0,2026-08-20 21:31:14.902101
8b84f738-d1da-49a1-8b35-7f03cd7992a8,view,SPRT_017,0.0,2026-08-18T19:01:25.803334
4e1b3ee7-3aba-4880-8551-3c1ff6b7eb43,view,SPRT_022,0.0,2026-08-28 18:10:26.746190
1342dc6b-765d-46f2-b62a-ae0cc1bedb78,view,ELEC_026,0.0,2026-08-24T22:56:38.117703
15371891-3d67-4bbe-a227-0aa843960503,view,CLTH_023,0.0,2026-08-24 22:34:20.502016
c6da6198-1302-4f3b-98d8-59f524206a5a,view,CLTH_030,0.0,2026-08-24 20:30:19.045868
fc18b9b9-0790-45c2-9bd4-39c8c166b7ff,view,BOOK_027,0.0,2026-08-24T20:26:09.024769
acececef-4ab4-44e7-8ba4-dc1b3db1b57b,view,CLTH_004,0.0,2026-08-19 23:22:13.132706
204cd583-e18f-4356-afbd-560a95e5e55d,view,CLTH_009,0.0,2026-08-24 21:01:52.201173
807ffd32-2ef3-4a31-a89a-238c366b264b,view,CLTH_017,0.0,2026-08-24 23:13:12.927981
79486124-ceb2-4f91-bf0f-378b69ecb64c,view,FOOD_003,0.0,2026-08-24T21:54:47.174777
718814b5-9a30-4643-8cfb-a460a60999ba,view,FOOD_011,0.0,2026-08-24 21:10:25.190347
8889c320-1f19-4bac-9c31-b9218acbf5b5,purchase,ELEC_012,1060.41,2026-08-24 21:58:21.043856
796609d9-7739-4166-ab01-9a72c52c20a7,view,SPRT_013,0.0,2026-08-23 19:31:23.177343
b2b6e8f7-a7a2-4a38-8be3-f154118f5196,cart,BOOK_030,40.91,2026-08-22 17:51:14.587747
1d21b537-35e3-49e4-ad04-fb64e3a6b0d7,view,BOOK_004,0.0,2026-08-22 17:12:14.683498
45be79ad-8040-4559-be25-1a4737d5bdec,purchase,FOOD_006,112.44,2026-08-24 19:42:21.783667
dcd98015-a110-4e4e-bffd-2db821ce770a,view,SPRT_018,0.0,2026-08-18 19:21:20.332047
8d2e8c22-0f58-489e-84d3-59c68d8c63a5,view,ELEC_008,0.0,2026-08-22T17:05:13.647167
d572cc22-f568-4269-a4ca-75bae22243da,view,FOOD_014,0.0,2026-08-20 21:35:57.469950
e520f38d-6d20-43be-ac04-26f7b8d044bb,view,ELEC_028,0.0,2026-08-28T18:26:44.943855
37d1bc22-ec4f-4251-96d1-dbe0703942a7,view,ELEC_018,0.0,2026-08-19 23:25:58.797061
e04bc446-eef1-4a6c-bdd3-722ed841b5b0,view,CLTH_019,0.0,2026-08-24 21:40:20.286817
b2494169-7cd1-450a-9a6a-5bd5ce40d2fb,view,BOOK_005,0.0,2026-08-24 21:32:37.527805
3c8208eb-982f-4c25-aeb6-1d676d8c95fd,purchase,CLTH_025,199.23,2026-08-20 21:38:03.424869
c6da6198-1302-4f3b-98d8-59f524206a5a,view,SPRT_017,0.0,2026-08-24 19:57:19.338717
e9af50c7-3916-48bf-9def-f8eae8db79ee,view,ELEC_005,0.0,2026-08-24T21:09:12.522656
c6da6198-1302-4f3b-98d8-59f524206a5a,view,CLTH_014,0.0,2026-08-24 21:03:03.656396
a4dbcca0-eaa3-4f6a-91d1-a92bc00a2c19,view,CLTH_030,0.0,2026-08-24 21:08:54.566116
c6da6198-1302-4f3b-98d8-59f524206a5a,view,SPRT_021,0.0,2026-08-24 19:57:19.259249
e04bc446-eef1-4a6c-bdd3-722ed841b5b0,view,ELEC_007,0.0,2026-08-24 22:14:39.195279
91ae5c3f-4264-4360-a916-6cbaf031afdf,cart,FOOD_009,33.93,2026-08-28 18:09:43.744590
8b84f738-d1da-49a1-8b35-7f03cd7992a8,view,SPRT_007,0.0,2026-08-24T22:58:20.571212
07974040-0d6e-4dd2-a06d-09236cb2f439,view,FOOD_009,0.0,2026-08-24T22:40:46.486060
2123f5ae-14df-4e5d-92db-1157b83c002d,view,CLTH_023,0.0,2026-08-19 23:27:25.642813
b69f6df3-4ae7-4861-8236-88b969e91529,view,CLTH_004,0.0,2026-08-20 21:21:56.014033
c6da6198-1302-4f3b-98d8-59f524206a5a,view,CLTH_021,0.0,2026-08-24T22:16:39.518980
0f4db5c7-beaf-4757-b8cf-f156b73fe4d5,view,CLTH_014,0.0,2026-08-20 21:51:51.627731
38c90e9e-a827-4bae-9a22-50c3d3ae002c,view,BOOK_009,0.0,2026-08-20 21:26:05.112947
7c876903-8503-4e64-91da-9f12ea161fac,cart,ELEC_022,402.91,2026-08-24 22:12:58.680970
c56998f4-a438-484c-8b0c-b80c399f6fcd,purchase,BOOK_025,63.63,2026-08-24 20:17:49.584103
79486124-ceb2-4f91-bf0f-378b69ecb64c,view,BOOK_011,0.0,2026-08-24T19:56:29.408476
99e329dd-777c-4afe-bc50-366ecd0bd177,cart,FOOD_008,45.74,2026-08-22 17:39:43.420742
d2393a76-e7aa-4917-8d1a-eaea77151dd0,view,ELEC_001,0.0,2026-08-22T17:06:56.164744
e3576704-b8db-4482-a571-018fedb94275,view,ELEC_025,0.0,2026-08-24T22:56:36.057694
66f9e642-1674-468a-884b-55c6f9a06472,view,ELEC_008,0.0,2026-08-24T21:05:20.593381
9f729b04-6f80-4dae-9824-921396cc0ee2,purchase,BOOK_018,51.41,2026-08-24 21:19:15.951135
ddc313fb-bc63-47e5-ac3f-b9d1d5a703a1,cart,CLTH_008,198.49,2026-08-24 21:36:37.219178
4f3b1ab5-91ca-43a2-a8bb-715dd0866ccb,view,SPRT_029,0.0,2026-08-24T22:35:07.755722
0518f406-1bcc-4201-9400-4d13c068296b,view,ELEC_006,0.0,2026-08-15 19:43:30.613479
7cecad85-4914-4af5-863e-309987695976,view,SPRT_019,0.0,2026-08-24 22:50:53.789352
b69f6df3-4ae7-4861-8236-88b969e91529,view,CLTH_003,0.0,2026-08-20 21:21:55.859475
4f3b1ab5-91ca-43a2-a8bb-715dd0866ccb,view,CLTH_007,0.0,2026-08-24T20:11:41.917219
caf220a7-85eb-4fa4-a33b-8c246570b167,view,FOOD_003,0.0,2026-08-20T21:27:42.492390
fcd6fe57-c144-4e2e-a82f-44cb7df85d3f,view,FOOD_015,0.0,2026-08-24T21:44:10.154364
07e00408-a9f3-4a26-bb10-653e27ee1d69,view,CLTH_009,0.0,2026-08-24 22:48:19.537799
07e00408-a9f3-4a26-bb10-653e27ee1d69,view,CLTH_005,0.0,2026-08-24 22:54:25.926831
e520f38d-6d20-43be-ac04-26f7b8d044bb,cart,ELEC_022,652.69,2026-08-18 19:22:13.335704
0bbfa7f7-fdca-4164-bc87-12ea9a76d7ed,view,CLTH_006,0.0,2026-08-18 19:13:22.010390
28dee375-acb0-4efe-91a1-27bd967ca56b,cart,CLTH_012,157.2,2026-08-22 17:36:18.460529
7973f2a9-cd05-4d96-a6a3-b5bcbfe5a807,cart,CLTH_026,22.39,2026-08-24 20:16:53.789479
4bcc35c7-0c0f-40c6-81ef-9290c390c8ae,view,FOOD_006,0.0,2026-08-23T19:39:42.641259
23563557-5b65-4775-84d2-cd11d7916afb,view,FOOD_027,0.0,2026-08-24T22:36:18.664914
c4713941-ca5c-48bf-b915-cdf679cdff13,purchase,ELEC_018,866.23,2026-08-20 21:53:22.113720
fc663667-5a7c-4583-8210-a39d89c8784d,view,CLTH_024,0.0,2026-08-18 19:01:01.668193
272d6b5f-aeca-485e-a4ba-1a5689f647ac,view,ELEC_027,0.0,2026-08-24 21:09:13.191472
659ae273-f90a-4d3d-8e25-4ce44740dbc3,cart,SPRT_012,240.94,2026-08-22T17:48:00.137355
71757292-65b2-4a18-829d-3935df050fc0,purchase,ELEC_012,598.57,2026-08-24T20:13:56.038962
718814b5-9a30-4643-8cfb-a460a60999ba,view,CLTH_008,0.0,2026-08-24 19:38:36.208892
caf220a7-85eb-4fa4-a33b-8c246570b167,purchase,FOOD_016,42.24,2026-08-24T20:58:43.567405
15371891-3d67-4bbe-a227-0aa843960503,cart,SPRT_027,162.9,2026-08-24 23:08:24.043482
5ecfc98a-922a-4821-a19c-74739ea9d49c,view,ELEC_004,0.0,2026-08-24T22:45:48.352206
c32d47d5-9419-46e9-8af8-3ed6aa710c89,view,SPRT_027,0.0,2026-08-22 18:00:15.906470
df6ef7b8-0a49-4e99-b1d7-860b83fad018,view,CLTH_020,0.0,2026-08-24T19:50:16.251393
51d3a51e-39d5-4fa8-ad25-bc0cc1c2a3a8,view,FOOD_002,0.0,2026-08-24T20:58:48.172294
39916c2e-f0f0-4c72-b753-c93c5f6c48e5,cart,CLTH_023,192.04,2026-08-16 10:47:37.469855
71f3d5de-38b0-4ad5-ad46-2524000b3c16,cart,ELEC_004,332.76,2026-08-23T19:39:09.511524
ecef0a71-9256-43e0-bf92-91fc8ffffcf4,view,CLTH_007,0.0,2026-08-24 20:45:46.374081
e352f24e-22e8-4012-a195-24367d88715a,view,FOOD_006,0.0,2026-08-24 19:42:59.052702
6c42b183-6d7f-4eed-9a19-89815e3d0919,view,ELEC_011,0.0,2026-08-24 22:26:00.884784
45be79ad-8040-4559-be25-1a4737d5bdec,view,CLTH_023,0.0,2026-08-24T21:40:18.446856
e04bc446-eef1-4a6c-bdd3-722ed841b5b0,view,CLTH_017,0.0,2026-08-24 23:18:35.345368
6c42b183-6d7f-4eed-9a19-89815e3d0919,view,ELEC_001,0.0,2026-08-24 23:23:06.916994
7c876903-8503-4e64-91da-9f12ea161fac,cart,ELEC_022,512.32,2026-08-24 22:25:45.584991
caf220a7-85eb-4fa4-a33b-8c246570b167,view,CLTH_030,0.0,2026-08-24T21:00:38.869235
4bcc35c7-0c0f-40c6-81ef-9290c390c8ae,purchase,CLTH_008,127.77,2026-08-18 18:50:32.759031
82a1487d-2323-45c1-9468-a6f88d47a779,view,CLTH_012,0.0,2026-08-24 21:23:46.934365
653709fa-a965-4975-9c69-451df40148e0,view,FOOD_010,0.0,2026-08-24T22:37:59.110045
718814b5-9a30-4643-8cfb-a460a60999ba,cart,ELEC_015,328.25,2026-08-24T20:08:19.233561
27a943f0-74c1-47d4-a697-2bf5d20625d8,view,CLTH_021,0.0,2026-08-24 21:23:39.244564
807ffd32-2ef3-4a31-a89a-238c366b264b,view,CLTH_030,0.0,2026-08-24 21:29:33.565245
3cd39961-1811-4043-81ca-ab2b96896334,cart,CLTH_019,178.55,2026-08-23T19:45:58.193371
1de6f679-4161-4b5c-bd73-1f6f9760878f,cart,BOOK_026,24.47,2026-08-23T20:01:33.085528
e2d48b75-546c-497a-95bd-14034b8f808a,view,CLTH_018,0.0,2026-08-22 17:32:47.170423
48fdb41c-6451-4813-9e73-3326f54170f7,cart,ELEC_029,178.65,2026-08-16 16:37:36.289849
14652829-4c93-49cc-ac11-1084b352dbf8,cart,BOOK_022,49.39,2026-08-24 22:05:33.731856
66d4157a-bf38-4bb0-a7c2-bd5652cd2a1d,cart,ELEC_026,263.33,2026-08-24T21:37:56.963638
a169dc99-f3d9-4a6d-be74-c528e84e184c,view,BOOK_015,0.0,2026-08-18 18:47:19.343192
d13300b8-b21a-4b42-b229-1237697e4e3f,view,CLTH_025,0.0,2026-08-15 19:44:27.821709
18af9202-01b4-42d9-a7a8-a3fd40d77ea7,purchase,SPRT_014,289.42,2026-08-18 19:15:11.298892
37d1bc22-ec4f-4251-96d1-dbe0703942a7,view,ELEC_003,0.0,2026-08-19 23:25:58.460554
e7011402-63aa-4b75-87a9-67546325bcab,view,CLTH_009,0.0,2026-08-24 22:04:38.107273
7e6c74b6-e963-4328-83a5-602d2af48d1f,cart,CLTH_029,147.66,2026-08-22T17:35:49.129264
4f3b1ab5-91ca-43a2-a8bb-715dd0866ccb,view,ELEC_025,0.0,2026-08-16 16:42:39.980942
c9613b65-fafa-42cc-9af8-32f87936384f,view,ELEC_029,0.0,2026-08-24T20:08:21.880909
7c2e1788-86da-4c9e-8f5a-63e49fc287ed,view,CLTH_011,0.0,2026-08-24T20:57:34.265647
8648af4d-7a61-4fed-84ea-10895f513822,view,CLTH_003,0.0,2026-08-24T22:01:28.413578
c6b1433c-fd3a-4b37-a002-e3213ac67574,view,FOOD_002,0.0,2026-08-24 22:46:21.224650
45be79ad-8040-4559-be25-1a4737d5bdec,view,FOOD_012,0.0,2026-08-24 19:42:21.714385
38c90e9e-a827-4bae-9a22-50c3d3ae002c,purchase,BOOK_022,27.18,2026-08-20 21:11:12.367864
0518f406-1bcc-4201-9400-4d13c068296b,view,BOOK_027,0.0,2026-08-18T19:05:01.147818
272d6b5f-aeca-485e-a4ba-1a5689f647ac,view,ELEC_018,0.0,2026-08-24 20:21:33.869786
5fd25fd1-437c-46b3-9a39-aa545fcef320,view,BOOK_027,0.0,2026-08-24T20:53:06.807079
8889c320-1f19-4bac-9c31-b9218acbf5b5,view,ELEC_025,0.0,2026-08-24T22:55:22.005376
ecef0a71-9256-43e0-bf92-91fc8ffffcf4,view,ELEC_001,0.0,2026-08-24 20:07:30.685230
0bbfa7f7-fdca-4164-bc87-12ea9a76d7ed,view,BOOK_009,0.0,2026-08-18T19:17:13.514452
b92588da-f188-45e0-9358-9c955d88bc5a,view,SPRT_019,0.0,2026-08-20 21:10:08.961806
2989c566-bd71-49e2-8d10-a60c615ee48b,view,SPRT_029,0.0,2026-08-23 19:42:34.162322
07974040-0d6e-4dd2-a06d-09236cb2f439,purchase,BOOK_023,57.96,2026-08-24 22:58:34.556384
9f729b04-6f80-4dae-9824-921396cc0ee2,view,BOOK_027,0.0,2026-08-24 19:35:26.521994
61887664-7787-4a05-aa10-f242d15e7b6f,view,SPRT_030,0.0,2026-08-22 17:29:58.791187
fc663667-5a7c-4583-8210-a39d89c8784d,cart,CLTH_018,137.22,2026-08-18 18:51:56.067295
3fb2fa2a-b4d2-485d-acd8-9cc11c7a142c,view,SPRT_011,0.0,2026-08-19 23:33:58.758440
84411659-75b7-4910-9038-ff90e88caadf,purchase,CLTH_004,280.77,2026-08-23 19:33:41.841201
4eca1658-9c92-4d94-98cf-ac4413183c56,cart,BOOK_016,9.2,2026-08-20T21:14:37.235312
135f437d-fdab-4c6d-bf9d-2b0db016f5c0,cart,CLTH_002,155.52,2026-08-28 18:08:42.917201
97fbfdf2-f064-4feb-aa62-d6344df19395,view,FOOD_005,0.0,2026-08-18T18:52:24.037486
3eae1b1f-da2f-40b7-883b-ad6d9a3673eb,view,CLTH_002,0.0,2026-08-24 22:40:57.239406
7e12728f-8e77-4093-b21e-7650a323fb12,view,ELEC_030,0.0,2026-08-28T18:12:55.879455
27a943f0-74c1-47d4-a697-2bf5d20625d8,purchase,CLTH_025,162.85,2026-08-24 19:42:36.439556
980e4d69-7354-43f4-bc44-99fc0146226f,view,ELEC_004,0.0,2026-08-22T17:05:16.303876
e15893a3-618b-454c-8f35-eef896e6f74e,view,BOOK_004,0.0,2026-08-16 10:39:10.219850
1683fa13-caae-47d0-876d-5cd63161b109,purchase,CLTH_028,199.3,2026-08-15 19:44:26.607326
ecef0a71-9256-43e0-bf92-91fc8ffffcf4,view,CLTH_011,0.0,2026-08-24 21:07:31.130523
b35b2819-9d3c-4808-af34-8b96e9513eec,view,SPRT_011,0.0,2026-08-24 07:49:28.959895
272d6b5f-aeca-485e-a4ba-1a5689f647ac,view,ELEC_028,0.0,2026-08-24 21:13:52.797137
c4713941-ca5c-48bf-b915-cdf679cdff13,view,ELEC_011,0.0,2026-08-20 21:53:22.068156
23563557-5b65-4775-84d2-cd11d7916afb,view,SPRT_005,0.0,2026-08-20 21:28:31.458649
a9ef0f29-d39b-4e19-9e9d-76779cf2469d,cart,SPRT_014,206.72,2026-08-24T23:21:40.159646
e352f24e-22e8-4012-a195-24367d88715a,view,FOOD_021,0.0,2026-08-24 20:25:48.099571
7c53ddd0-71fe-4919-a4fe-86d633a58eee,view,ELEC_005,0.0,2026-08-23T19:41:16.973465
65c76bd2-c4c5-4ead-bb07-d1518810d424,view,CLTH_009,0.0,2026-08-24T21:35:40.677529
b92588da-f188-45e0-9358-9c955d88bc5a,cart,SPRT_016,221.95,2026-08-20 21:23:45.778632
7a84b978-cc6b-49c8-8bba-b1f87d39615a,view,CLTH_019,0.0,2026-08-24 22:21:53.140924
1342dc6b-765d-46f2-b62a-ae0cc1bedb78,view,SPRT_011,0.0,2026-08-24 21:38:20.958607
b35b2819-9d3c-4808-af34-8b96e9513eec,view,CLTH_011,0.0,2026-08-24T21:07:52.632369
c6da6198-1302-4f3b-98d8-59f524206a5a,purchase,CLTH_019,31.84,2026-08-24 20:36:35.918657
fb452d33-32d2-4fc8-a50d-278f74455526,view,ELEC_010,0.0,2026-08-24T21:13:29.747570
718814b5-9a30-4643-8cfb-a460a60999ba,view,CLTH_003,0.0,2026-08-24 20:00:11.857112
16a45d1c-fcb0-44ee-be9c-1c14c693e1c8,view,ELEC_009,0.0,2026-08-24T22:08:07.530074
7533f6a3-2d5e-454c-a7d4-5a213a566a6a,view,SPRT_012,0.0,2026-08-24T21:38:30.088007
0bbfa7f7-fdca-4164-bc87-12ea9a76d7ed,cart,SPRT_013,192.73,2026-08-19T23:27:32.844945
3eae1b1f-da2f-40b7-883b-ad6d9a3673eb,view,CLTH_024,0.0,2026-08-24 23:21:57.841575
fc18b9b9-0790-45c2-9bd4-39c8c166b7ff,view,CLTH_015,0.0,2026-08-16 10:31:29.172107
ecef0a71-9256-43e0-bf92-91fc8ffffcf4,view,FOOD_021,0.0,2026-08-24 20:52:22.019172
9f729b04-6f80-4dae-9824-921396cc0ee2,view,BOOK_029,0.0,2026-08-24 20:12:19.601813
65c76bd2-c4c5-4ead-bb07-d1518810d424,view,CLTH_012,0.0,2026-08-24 20:19:28.914183
b43786c5-4ef6-4017-a344-22b26bcbd3c5,cart,ELEC_010,389.2,2026-08-24 19:44:56.442275
a3634e75-35f0-488a-8732-1b93cdcb1099,view,BOOK_005,0.0,2026-08-18 19:01:11.768355
28dee375-acb0-4efe-91a1-27bd967ca56b,purchase,CLTH_016,101.19,2026-08-22 17:56:48.524624
8c1f2c4f-fcb2-4456-8fb7-b41a9931e230,purchase,CLTH_029,248.79,2026-08-20 21:25:30.948662
33cba815-f157-4c79-818d-2ebbda04e88a,view,CLTH_029,0.0,2026-08-23T19:57:11.646717
e352f24e-22e8-4012-a195-24367d88715a,view,FOOD_018,0.0,2026-08-24 19:53:51.662640
aa1b5519-6825-4270-a210-d706d63db7f1,view,ELEC_019,0.0,2026-08-24T21:08:36.338646
aaf98546-9399-431c-890b-576fa08abac0,purchase,CLTH_012,234.93,2026-08-22T17:35:49.921753
dd0c2035-e21b-4a2f-aa23-2bb8b37e125d,cart,SPRT_005,227.38,2026-08-28T18:11:02.667299
ecef0a71-9256-43e0-bf92-91fc8ffffcf4,view,CLTH_013,0.0,2026-08-24 20:35:46.342611
32d60b7b-0ecd-4d77-ad93-8db6a14c6708,cart,ELEC_006,216.3,2026-08-16T10:36:36.892381
14652829-4c93-49cc-ac11-1084b352dbf8,view,BOOK_018,0.0,2026-08-24 22:32:13.115173
07974040-0d6e-4dd2-a06d-09236cb2f439,view,FOOD_006,0.0,2026-08-24 23:19:54.517325
fb5c4430-55ab-46c5-9e83-bae524560811,view,FOOD_007,0.0,2026-08-24 20:20:21.215972
800f664d-f662-49db-9420-27bde33160de,view,FOOD_028,0.0,2026-08-16 10:35:11.996434
0e5061dd-6477-4b0b-baf1-80f9eca14fcd,cart,FOOD_027,28.75,2026-08-19 23:30:09.981072
d37ca1f9-a758-4fcd-abd0-8a4b28290823,view,ELEC_005,0.0,2026-08-22 17:42:43.442500
07974040-0d6e-4dd2-a06d-09236cb2f439,view,FOOD_004,0.0,2026-08-24 22:58:40.880691
0a2f3d10-ae64-4472-a673-478e6650e204,view,FOOD_026,0.0,2026-08-16 16:48:54.731669
28dee375-acb0-4efe-91a1-27bd967ca56b,view,CLTH_008,0.0,2026-08-22 18:00:35.576591
b32648f7-5c8a-4360-9d8d-e4d9d9c805e6,view,SPRT_011,0.0,2026-08-20 21:58:18.129089
97fcda00-fb2b-476b-9147-2dd97348c02b,view,BOOK_005,0.0,2026-08-24T20:42:36.092272
c77bbe8e-c4e4-45cf-8110-985d1be43d91,view,BOOK_010,0.0,2026-08-23T19:37:02.569848
b2b6e8f7-a7a2-4a38-8be3-f154118f5196,cart,BOOK_009,40.88,2026-08-22 17:43:00.028245
8889c320-1f19-4bac-9c31-b9218acbf5b5,purchase,ELEC_026,1131.37,2026-08-24 21:45:25.429822
796609d9-7739-4166-ab01-9a72c52c20a7,cart,SPRT_019,236.97,2026-08-24T19:51:18.698444
54dbe932-4af2-4f72-a46d-126eccaec63d,purchase,CLTH_002,125.52,2026-08-16 10:31:17.400427
d30fc382-e140-48b8-8038-bd17100271c2,purchase,ELEC_009,865.65,2026-08-22 17:47:34.823245
d13300b8-b21a-4b42-b229-1237697e4e3f,purchase,CLTH_015,55.86,2026-08-15 19:45:10.320208
27a943f0-74c1-47d4-a697-2bf5d20625d8,view,BOOK_009,0.0,2026-08-24T21:07:14.019989
07974040-0d6e-4dd2-a06d-09236cb2f439,cart,CLTH_026,159.83,2026-08-24T23:12:16.217442
adcabb5a-9294-4e06-91d7-d5fb55987582,view,SPRT_027,0.0,2026-08-18 19:03:53.700377
4af16b18-bb80-4ce1-83fd-eeced79f6030,view,ELEC_025,0.0,2026-08-28T18:09:12.976723
7c876903-8503-4e64-91da-9f12ea161fac,view,ELEC_013,0.0,2026-08-24 23:04:33.650530
07e00408-a9f3-4a26-bb10-653e27ee1d69,view,CLTH_017,0.0,2026-08-24 21:53:48.009941
15371891-3d67-4bbe-a227-0aa843960503,view,SPRT_002,0.0,2026-08-24 23:08:24.079952
559449e8-4daf-4cae-863c-369e59d25d8b,cart,FOOD_007,70.65,2026-08-24T20:49:51.006917
5ecfc98a-922a-4821-a19c-74739ea9d49c,view,ELEC_024,0.0,2026-08-24 23:20:13.580791
09abfce0-670c-4c5a-80ae-bc4f39aa0796,view,ELEC_024,0.0,2026-08-28 18:18:14.766935
e9af50c7-3916-48bf-9def-f8eae8db79ee,view,BOOK_029,0.0,2026-08-24 19:35:26.215978
8de7eb13-8152-4611-a515-17ecfec46828,view,FOOD_010,0.0,2026-08-22 17:15:11.734732
54dbe932-4af2-4f72-a46d-126eccaec63d,view,BOOK_028,0.0,2026-08-24T21:14:42.377907
dfcc5694-8acb-4c2d-b506-2b27c83b45a2,cart,SPRT_019,323.05,2026-08-20 21:17:41.604098
ab5beedd-73b7-43f0-8900-2fda346c8941,view,CLTH_008,0.0,2026-08-20T21:23:32.694186
204cd583-e18f-4356-afbd-560a95e5e55d,view,CLTH_030,0.0,2026-08-24 20:48:12.204638
ecef0a71-9256-43e0-bf92-91fc8ffffcf4,view,SPRT_015,0.0,2026-08-24 20:20:21.527136
7cecad85-4914-4af5-863e-309987695976,view,CLTH_021,0.0,2026-08-24 22:54:22.769606
6c42b183-6d7f-4eed-9a19-89815e3d0919,view,ELEC_007,0.0,2026-08-24 22:34:17.590389
6c42b183-6d7f-4eed-9a19-89815e3d0919,view,ELEC_007,0.0,2026-08-24 22:46:57.979099
a4dbcca0-eaa3-4f6a-91d1-a92bc00a2c19,cart,CLTH_006,81.84,2026-08-24 20:42:06.517344
3317a2b8-8792-434d-9860-2f7644018ce4,view,CLTH_005,0.0,2026-08-20 21:31:41.054104
807ffd32-2ef3-4a31-a89a-238c366b264b,view,CLTH_020,0.0,2026-08-24 23:20:47.073064
718814b5-9a30-4643-8cfb-a460a60999ba,view,CLTH_014,0.0,2026-08-24 19:43:29.463166
6c42b183-6d7f-4eed-9a19-89815e3d0919,view,ELEC_005,0.0,2026-08-24 22:32:23.786249
0edab1bf-3255-4636-8c77-d72d54ebaa4a,view,ELEC_001,0.0,2026-08-23T19:34:57.534024
d2393a76-e7aa-4917-8d1a-eaea77151dd0,view,CLTH_022,0.0,2026-08-20 21:24:28.208265
b43786c5-4ef6-4017-a344-22b26bcbd3c5,cart,SPRT_022,59.2,2026-08-24 21:10:10.411791
9f6791f7-ecb4-48c0-8d76-b8e55d160f4b,cart,FOOD_006,74.48,2026-08-20 21:43:18.092240
90d1b635-2c2c-4335-a6a6-3088257c3e28,view,CLTH_019,0.0,2026-08-23T19:58:20.959801
8cb1b203-1ae6-415f-a049-61e42090ef5e,view,FOOD_010,0.0,2026-08-20 22:00:50.927229
b568b56b-df03-4a6f-ae89-4908c2685971,cart,ELEC_001,580.74,2026-08-20 21:42:22.807967
fc663667-5a7c-4583-8210-a39d89c8784d,cart,CLTH_017,159.67,2026-08-18 18:59:27.546650
1a57d526-e419-4985-b2c6-65d021f92488,view,CLTH_024,0.0,2026-08-20 21:56:13.839227
d2393a76-e7aa-4917-8d1a-eaea77151dd0,purchase,SPRT_015,459.87,2026-08-28T18:16:33.704172
65c76bd2-c4c5-4ead-bb07-d1518810d424,view,CLTH_029,0.0,2026-08-24 20:14:16.882406
66f9e642-1674-468a-884b-55c6f9a06472,purchase,ELEC_027,682.92,2026-08-18 18:48:32.786810
69f815db-b5d3-4690-abf5-ffb8d11bd744,view,FOOD_028,0.0,2026-08-24T22:10:23.035463
af8c3802-1e97-4ac1-a05e-a064dc9a598f,view,CLTH_010,0.0,2026-08-18 18:51:08.286799
4bcc35c7-0c0f-40c6-81ef-9290c390c8ae,view,ELEC_030,0.0,2026-08-18 18:56:45.516308
ddc313fb-bc63-47e5-ac3f-b9d1d5a703a1,view,FOOD_001,0.0,2026-08-24 21:59:01.339927
a169dc99-f3d9-4a6d-be74-c528e84e184c,cart,CLTH_020,104.96,2026-08-28T18:13:33.064846
5bedf809-4324-42d3-a225-67543e46f70a,view,CLTH_006,0.0,2026-08-22T17:32:42.041263
526d498e-a082-48f3-8f21-d37077e1d332,view,FOOD_007,0.0,2026-08-23 19:49:06.065372
aaaa38a6-7d37-4a0f-a0ae-a18daa98f586,purchase,FOOD_026,85.61,2026-08-22T17:50:08.969161
c4713941-ca5c-48bf-b915-cdf679cdff13,purchase,FOOD_017,17.09,2026-08-20 21:55:03.659573
6c42b183-6d7f-4eed-9a19-89815e3d0919,cart,ELEC_007,78.54,2026-08-24 22:34:17.612505
0e5061dd-6477-4b0b-baf1-80f9eca14fcd,view,BOOK_009,0.0,2026-08-19 23:24:35.090435
0d5c42ed-4461-4096-8503-c9de6cbe237f,purchase,SPRT_016,224.59,2026-08-28T18:11:02.041080
ddc313fb-bc63-47e5-ac3f-b9d1d5a703a1,view,ELEC_017,0.0,2026-08-24T21:30:12.182004
8c1f2c4f-fcb2-4456-8fb7-b41a9931e230,view,CLTH_021,0.0,2026-08-20T21:20:21.768289
718814b5-9a30-4643-8cfb-a460a60999ba,purchase,CLTH_010,52.54,2026-08-24 20:14:12.860342
7cecad85-4914-4af5-863e-309987695976,view,CLTH_021,0.0,2026-08-24 22:11:45.193543
10a14ce2-6a79-4e2d-b024-ab8150be7f3b,cart,CLTH_023,61.03,2026-08-20 21:59:11.499746
adcabb5a-9294-4e06-91d7-d5fb55987582,view,BOOK_030,0.0,2026-08-18 18:50:26.902885
8e8f1a72-9d02-4f7f-812e-28ab52b05f20,view,CLTH_004,0.0,2026-08-20 21:23:58.686352
a8b5f893-6a56-4f9f-b429-038b5a69def7,view,CLTH_007,0.0,2026-08-24 21:17:15.245958
c6da6198-1302-4f3b-98d8-59f524206a5a,view,CLTH_003,0.0,2026-08-24 20:03:35.105959
27a943f0-74c1-47d4-a697-2bf5d20625d8,view,BOOK_001,0.0,2026-08-24 20:36:05.329587
0518f406-1bcc-4201-9400-4d13c068296b,view,FOOD_024,0.0,2026-08-15 19:47:28.716656
b43786c5-4ef6-4017-a344-22b26bcbd3c5,view,SPRT_012,0.0,2026-08-24T22:02:01.773420
670c5e97-9826-48dd-b633-24b0d0b347c1,view,ELEC_022,0.0,2026-08-28T18:09:48.524397
b2b6e8f7-a7a2-4a38-8be3-f154118f5196,cart,FOOD_011,35.63,2026-08-22 17:39:16.464680
807ffd32-2ef3-4a31-a89a-238c366b264b,cart,CLTH_028,59.86,2026-08-24 22:07:16.136693
7cecad85-4914-4af5-863e-309987695976,cart,CLTH_011,151.8,2026-08-24 21:43:14.866642
7a84b978-cc6b-49c8-8bba-b1f87d39615a,view,CLTH_029,0.0,2026-08-24 21:40:27.005058
14652829-4c93-49cc-ac11-1084b352dbf8,purchase,BOOK_023,71.33,2026-08-24 21:55:58.940520
d06247ce-154f-44d2-a431-0e6def01535f,cart,CLTH_015,125.07,2026-08-24 21:42:06.996628
e9af50c7-3916-48bf-9def-f8eae8db79ee,cart,BOOK_021,16.72,2026-08-24 20:18:04.022644
911f18bb-7379-4bbe-b85b-b8bf25af64bf,purchase,ELEC_030,842.51,2026-08-24T20:32:07.492990
14652829-4c93-49cc-ac11-1084b352dbf8,view,BOOK_024,0.0,2026-08-24 22:36:59.857783
e0fd2345-d654-4429-9d48-e2b1544bc0ee,view,SPRT_006,0.0,2026-08-19 23:21:14.063202
796609d9-7739-4166-ab01-9a72c52c20a7,view,SPRT_025,0.0,2026-08-23 19:31:37.443714
b4508ad1-61c3-4913-9b0d-9e62d1e31a6c,cart,CLTH_004,64.51,2026-08-22T17:10:06.397176
ddc313fb-bc63-47e5-ac3f-b9d1d5a703a1,view,CLTH_024,0.0,2026-08-24 22:22:55.848191
7e12728f-8e77-4093-b21e-7650a323fb12,view,CLTH_024,0.0,2026-08-24 22:57:55.369098
a4dbcca0-eaa3-4f6a-91d1-a92bc00a2c19,view,CLTH_009,0.0,2026-08-24 20:25:49.691312
66d4157a-bf38-4bb0-a7c2-bd5652cd2a1d,view,FOOD_011,0.0,2026-08-28T18:17:08.970855
b43786c5-4ef6-4017-a344-22b26bcbd3c5,purchase,SPRT_029,87.72,2026-08-24 20:20:07.847477
13298c19-921e-4ab7-b2fe-45b88f1e8621,view,ELEC_027,0.0,2026-08-24T21:37:54.853492
a3414eda-0341-4e0d-b3fa-5e873248b36a,view,ELEC_004,0.0,2026-08-16 10:29:43.978580
0518f406-1bcc-4201-9400-4d13c068296b,view,ELEC_004,0.0,2026-08-15 19:46:26.047410
46b4a363-670a-4824-bdea-bffd85562f0b,cart,BOOK_026,43.9,2026-08-18 18:48:22.840669
c56998f4-a438-484c-8b0c-b80c399f6fcd,cart,BOOK_016,47.53,2026-08-24 19:50:54.405514
ddc313fb-bc63-47e5-ac3f-b9d1d5a703a1,view,CLTH_002,0.0,2026-08-24 21:36:54.082235
a3414eda-0341-4e0d-b3fa-5e873248b36a,view,BOOK_004,0.0,2026-08-18T18:54:29.929279
23563557-5b65-4775-84d2-cd11d7916afb,view,BOOK_013,0.0,2026-08-24T20:57:31.289832
adcabb5a-9294-4e06-91d7-d5fb55987582,view,BOOK_016,0.0,2026-08-18 19:07:03.670764
151d1b6b-31e9-4c3a-98ee-7ebc527bc572,view,BOOK_022,0.0,2026-08-24T23:02:57.465396
800f664d-f662-49db-9420-27bde33160de,cart,FOOD_025,78.85,2026-08-16 10:35:12.237489
7e6c74b6-e963-4328-83a5-602d2af48d1f,view,SPRT_021,0.0,2026-08-24T20:10:34.471699
204cd583-e18f-4356-afbd-560a95e5e55d,view,CLTH_023,0.0,2026-08-24 21:02:35.270214
b92588da-f188-45e0-9358-9c955d88bc5a,view,SPRT_023,0.0,2026-08-20 21:10:08.803393
5ecfc98a-922a-4821-a19c-74739ea9d49c,purchase,CLTH_025,211.23,2026-08-24 22:35:12.373065
ab5beedd-73b7-43f0-8900-2fda346c8941,purchase,CLTH_001,285.96,2026-08-20 21:22:48.540376
a9924f59-2d8b-4172-8e44-ae16ad011154,view,FOOD_025,0.0,2026-08-16 10:42:37.645271
0499cbb0-f1ab-4ff4-bdac-9b47815a9b3a,view,CLTH_030,0.0,2026-08-23 19:45:53.337799
7cecad85-4914-4af5-863e-309987695976,view,CLTH_020,0.0,2026-08-24 22:36:41.132409
14652829-4c93-49cc-ac11-1084b352dbf8,view,BOOK_005,0.0,2026-08-24 22:04:50.316403
38c90e9e-a827-4bae-9a22-50c3d3ae002c,purchase,ELEC_011,297.39,2026-08-20 21:09:00.526176
79486124-ceb2-4f91-bf0f-378b69ecb64c,view,SPRT_002,0.0,2026-08-28T18:09:13.047545
e7011402-63aa-4b75-87a9-67546325bcab,view,CLTH_008,0.0,2026-08-24 22:34:53.993279
1342dc6b-765d-46f2-b62a-ae0cc1bedb78,view,SPRT_029,0.0,2026-08-24 22:25:57.773596
8889c320-1f19-4bac-9c31-b9218acbf5b5,view,ELEC_002,0.0,2026-08-24 22:17:18.069148
a96f1d3a-763c-4bc2-9e7d-20d3463261d5,view,FOOD_007,0.0,2026-08-16T16:40:53.080725
653709fa-a965-4975-9c69-451df40148e0,view,ELEC_026,0.0,2026-08-24T22:23:22.189166
8cdacff9-37d6-4442-84bc-6ae90cf25759,purchase,FOOD_007,81.17,2026-08-23 19:39:52.648136
151d1b6b-31e9-4c3a-98ee-7ebc527bc572,view,SPRT_019,0.0,2026-08-22 17:51:52.047297
4bcc35c7-0c0f-40c6-81ef-9290c390c8ae,view,SPRT_014,0.0,2026-08-28T18:11:04.087947
6faa3f2f-4722-4384-8e2e-1ba697d518a4,cart,FOOD_008,36.61,2026-08-24T19:42:55.923243
272d6b5f-aeca-485e-a4ba-1a5689f647ac,view,ELEC_020,0.0,2026-08-24 20:12:09.067973
27a943f0-74c1-47d4-a697-2bf5d20625d8,purchase,BOOK_028,29.53,2026-08-24 20:52:34.823947
ecb51178-8afe-4ba9-bd61-87e0a416554b,view,CLTH_013,0.0,2026-08-24T22:39:05.907373
ddc313fb-bc63-47e5-ac3f-b9d1d5a703a1,view,CLTH_008,0.0,2026-08-24 21:53:15.812694
bd22f4c4-5268-45d9-9243-8d72683946f2,view,CLTH_011,0.0,2026-08-23 19:43:24.546523
3ae7f361-dd3c-4d91-9325-4b4e1a15b0bf,view,CLTH_020,0.0,2026-08-18T18:54:31.583120
3c8208eb-982f-4c25-aeb6-1d676d8c95fd,view,CLTH_023,0.0,2026-08-20 21:42:26.395742
e0cac62b-7a87-44bb-8198-dd96bc7eb6ae,view,FOOD_018,0.0,2026-08-20 21:36:51.741518
5ecfc98a-922a-4821-a19c-74739ea9d49c,cart,BOOK_006,37.95,2026-08-24 22:13:56.354626
c32d47d5-9419-46e9-8af8-3ed6aa710c89,view,SPRT_020,0.0,2026-08-22 18:00:15.963747
51d3a51e-39d5-4fa8-ad25-bc0cc1c2a3a8,view,BOOK_001,0.0,2026-08-23T19:37:02.398477
b69f6df3-4ae7-4861-8236-88b969e91529,view,CLTH_028,0.0,2026-08-20 21:17:55.950602
b8626474-9939-4b22-b12e-52c5f4b4739c,view,BOOK_023,0.0,2026-08-18T19:15:40.035704
0f4db5c7-beaf-4757-b8cf-f156b73fe4d5,view,SPRT_003,0.0,2026-08-20 21:55:43.533355
b8626474-9939-4b22-b12e-52c5f4b4739c,view,SPRT_028,0.0,2026-08-18 18:53:32.908036
e04bc446-eef1-4a6c-bdd3-722ed841b5b0,view,CLTH_029,0.0,2026-08-24 22:24:08.552951
7c53ddd0-71fe-4919-a4fe-86d633a58eee,view,BOOK_020,0.0,2026-08-22T17:37:56.067041
9f729b04-6f80-4dae-9824-921396cc0ee2,view,BOOK_005,0.0,2026-08-24 20:12:53.180423
ecfd2d5f-00a3-4a3d-b1c2-0612a3c54210,view,CLTH_006,0.0,2026-08-24T19:47:38.729883
151d1b6b-31e9-4c3a-98ee-7ebc527bc572,view,ELEC_012,0.0,2026-08-24T21:23:55.424509
e04bc446-eef1-4a6c-bdd3-722ed841b5b0,view,CLTH_029,0.0,2026-08-24 22:47:08.206343
1683fa13-caae-47d0-876d-5cd63161b109,purchase,CLTH_023,31.5,2026-08-15 19:42:23.033798
204cd583-e18f-4356-afbd-560a95e5e55d,view,ELEC_002,0.0,2026-08-24 20:30:36.479896
718814b5-9a30-4643-8cfb-a460a60999ba,view,CLTH_021,0.0,2026-08-24 20:38:29.091745
07e00408-a9f3-4a26-bb10-653e27ee1d69,view,CLTH_017,0.0,2026-08-24 21:33:55.889816
fcdb2a08-2878-4a68-8159-6952bf2ae28f,view,FOOD_005,0.0,2026-08-23T19:56:38.374748
16a45d1c-fcb0-44ee-be9c-1c14c693e1c8,view,CLTH_028,0.0,2026-08-24 20:12:12.508643
ecfd2d5f-00a3-4a3d-b1c2-0612a3c54210,cart,SPRT_015,221.17,2026-08-24 07:50:52.226574
84411659-75b7-4910-9038-ff90e88caadf,purchase,CLTH_019,76.45,2026-08-23 19:53:35.058171
c6da6198-1302-4f3b-98d8-59f524206a5a,view,CLTH_022,0.0,2026-08-24 20:51:17.714067
b92588da-f188-45e0-9358-9c955d88bc5a,view,SPRT_011,0.0,2026-08-20 21:10:08.774738
670c5e97-9826-48dd-b633-24b0d0b347c1,cart,ELEC_020,242.55,2026-08-24T21:18:54.491232
d0ee500b-2986-4393-8222-e3a34f6829c5,view,CLTH_013,0.0,2026-08-22 17:49:53.944796
807ffd32-2ef3-4a31-a89a-238c366b264b,view,SPRT_020,0.0,2026-08-24 21:33:38.885415
7533f6a3-2d5e-454c-a7d4-5a213a566a6a,view,BOOK_005,0.0,2026-08-22T18:04:17.505634
06ef8987-2209-4f91-b32e-b826d451f567,cart,CLTH_015,94.51,2026-08-18 18:54:15.914978
046701a6-5a53-43dc-aa26-d68a19f6cb9e,cart,CLTH_018,116.68,2026-08-18 18:59:20.473213
fcdb2a08-2878-4a68-8159-6952bf2ae28f,view,CLTH_008,0.0,2026-08-24T19:50:47.267831
2d7c90c3-0788-41c8-b160-06e19f4406f6,view,ELEC_019,0.0,2026-08-24 22:10:27.734836
d37ca1f9-a758-4fcd-abd0-8a4b28290823,view,ELEC_030,0.0,2026-08-22 17:27:21.777885
07e00408-a9f3-4a26-bb10-653e27ee1d69,view,CLTH_028,0.0,2026-08-24 23:16:41.258859
046701a6-5a53-43dc-aa26-d68a19f6cb9e,purchase,ELEC_006,589.1,2026-08-24T20:32:08.841144
151d1b6b-31e9-4c3a-98ee-7ebc527bc572,view,SPRT_010,0.0,2026-08-22 17:41:06.897957
aaaa38a6-7d37-4a0f-a0ae-a18daa98f586,view,FOOD_001,0.0,2026-08-22T17:18:35.843837
e9af50c7-3916-48bf-9def-f8eae8db79ee,cart,BOOK_027,23.29,2026-08-24 19:49:55.331527
7cecad85-4914-4af5-863e-309987695976,view,SPRT_024,0.0,2026-08-24 22:42:43.677459
27ab56fc-882d-4198-a735-9f9394cf678a,view,FOOD_009,0.0,2026-08-23T19:45:57.113997
07e00408-a9f3-4a26-bb10-653e27ee1d69,view,CLTH_001,0.0,2026-08-24 23:16:41.213416
60fa3dee-9722-469f-9ede-8581e64a5dc8,purchase,SPRT_012,236.52,2026-08-20 21:20:50.558234
27a943f0-74c1-47d4-a697-2bf5d20625d8,view,CLTH_021,0.0,2026-08-24 20:22:51.111755
fbaa2ea2-fc17-4c57-98ac-31d261b20f90,view,BOOK_022,0.0,2026-08-20 21:20:39.672522
e2c33043-9769-445e-bba4-3c9295d886e7,view,SPRT_023,0.0,2026-08-20 21:32:55.937169
b2494169-7cd1-450a-9a6a-5bd5ce40d2fb,cart,BOOK_018,10.59,2026-08-24 21:43:17.803400
e3576704-b8db-4482-a571-018fedb94275,view,CLTH_011,0.0,2026-08-16 16:45:16.187798
fcdb2a08-2878-4a68-8159-6952bf2ae28f,cart,CLTH_012,41.27,2026-08-24T20:57:33.104491
f2ff3438-5f87-4245-8466-82e57f5edb6d,cart,SPRT_029,199.04,2026-08-28T18:10:22.819247
097603f7-ef8e-4380-83ce-337ce6b52a59,purchase,BOOK_009,33.96,2026-08-24 22:59:22.142636
0f4db5c7-beaf-4757-b8cf-f156b73fe4d5,view,SPRT_030,0.0,2026-08-20 21:56:09.058428
dfcc5694-8acb-4c2d-b506-2b27c83b45a2,cart,SPRT_020,356.66,2026-08-24T22:55:59.428864
e7011402-63aa-4b75-87a9-67546325bcab,view,CLTH_027,0.0,2026-08-24 22:19:56.087175
e0fd2345-d654-4429-9d48-e2b1544bc0ee,view,SPRT_025,0.0,2026-08-19 23:35:06.401242
c56998f4-a438-484c-8b0c-b80c399f6fcd,view,CLTH_008,0.0,2026-08-24T21:31:45.485103
7973f2a9-cd05-4d96-a6a3-b5bcbfe5a807,view,CLTH_029,0.0,2026-08-24 20:01:55.944799
1683fa13-caae-47d0-876d-5cd63161b109,purchase,ELEC_002,1071.47,2026-08-20T21:11:32.906619
7cecad85-4914-4af5-863e-309987695976,view,CLTH_009,0.0,2026-08-24 22:54:21.889170
7973f2a9-cd05-4d96-a6a3-b5bcbfe5a807,view,CLTH_017,0.0,2026-08-24 20:37:31.133717
8d2e8c22-0f58-489e-84d3-59c68d8c63a5,view,FOOD_004,0.0,2026-08-16T16:40:53.263295
d30fc382-e140-48b8-8038-bd17100271c2,purchase,ELEC_005,847.81,2026-08-22 17:26:09.386214
800f664d-f662-49db-9420-27bde33160de,view,CLTH_009,0.0,2026-08-16 10:28:43.230749
dca944a7-0934-422f-a615-4a2ae9dbac65,view,BOOK_021,0.0,2026-08-18 19:18:46.438752
7973f2a9-cd05-4d96-a6a3-b5bcbfe5a807,view,CLTH_011,0.0,2026-08-24 19:42:45.875271
7c53ddd0-71fe-4919-a4fe-86d633a58eee,purchase,SPRT_025,280.35,2026-08-20 21:17:50.128679
2b7a7e25-b43d-4e89-885b-98379448cec0,view,SPRT_005,0.0,2026-08-24 07:51:49.307632
33cba815-f157-4c79-818d-2ebbda04e88a,view,BOOK_002,0.0,2026-08-24T19:45:33.841041
9d82dbcc-f68b-4045-b84a-79b4d7103eeb,view,SPRT_006,0.0,2026-08-22 18:00:58.874422
fc029a04-be52-486b-8b8f-0f1b173d81fb,view,CLTH_006,0.0,2026-08-18 19:10:18.933344
79486124-ceb2-4f91-bf0f-378b69ecb64c,view,ELEC_014,0.0,2026-08-22 17:33:30.175376
9d82dbcc-f68b-4045-b84a-79b4d7103eeb,view,FOOD_017,0.0,2026-08-28T18:24:43.947099
204cd583-e18f-4356-afbd-560a95e5e55d,view,CLTH_001,0.0,2026-08-24 19:50:19.802925
33dc141b-1bf5-4e95-b23e-a53981073bd2,view,CLTH_009,0.0,2026-08-23T19:40:14.958467
27a943f0-74c1-47d4-a697-2bf5d20625d8,view,ELEC_011,0.0,2026-08-24 20:03:03.593907
a8b5f893-6a56-4f9f-b429-038b5a69def7,view,CLTH_027,0.0,2026-08-24 19:39:18.642338
b42cbda4-175b-43b3-b494-d6e9be8d779f,view,FOOD_008,0.0,2026-08-22T17:06:57.603379
b568b56b-df03-4a6f-ae89-4908c2685971,view,FOOD_026,0.0,2026-08-24T22:34:00.437810
0518f406-1bcc-4201-9400-4d13c068296b,view,BOOK_005,0.0,2026-08-24T19:48:09.960694
a8b5f893-6a56-4f9f-b429-038b5a69def7,view,CLTH_005,0.0,2026-08-24 19:49:48.054175
272d6b5f-aeca-485e-a4ba-1a5689f647ac,view,ELEC_027,0.0,2026-08-24 21:10:08.980389
589c5997-fc90-4737-b2a5-e4271fdf4a9d,view,ELEC_002,0.0,2026-08-24T21:30:11.315424
33cba815-f157-4c79-818d-2ebbda04e88a,purchase,BOOK_015,15.24,2026-08-22T17:55:55.265287
e0fd2345-d654-4429-9d48-e2b1544bc0ee,view,SPRT_024,0.0,2026-08-19 23:35:10.200534
807ffd32-2ef3-4a31-a89a-238c366b264b,view,CLTH_003,0.0,2026-08-24 22:52:34.787401
e04bc446-eef1-4a6c-bdd3-722ed841b5b0,view,CLTH_024,0.0,2026-08-24 21:36:59.344027
1f1fb1c5-8a0f-4b64-8261-f51ffc33db1f,view,BOOK_024,0.0,2026-08-24T19:42:56.380034
204cd583-e18f-4356-afbd-560a95e5e55d,view,CLTH_003,0.0,2026-08-24 20:28:01.254969
807ffd32-2ef3-4a31-a89a-238c366b264b,view,CLTH_004,0.0,2026-08-24 22:52:34.986914
9f729b04-6f80-4dae-9824-921396cc0ee2,view,BOOK_003,0.0,2026-08-24 21:08:10.046387
2743b6ed-fc45-4744-8bc0-3fcfbda03d36,view,BOOK_025,0.0,2026-08-24T19:58:06.402021
9ea41e68-c710-4b07-b2ae-6bbf22342547,view,CLTH_007,0.0,2026-08-16 10:46:40.623162
aa1b5519-6825-4270-a210-d706d63db7f1,view,FOOD_027,0.0,2026-08-28T18:12:19.675626
e04bc446-eef1-4a6c-bdd3-722ed841b5b0,purchase,CLTH_020,81.28,2026-08-24 21:44:31.265288
d13300b8-b21a-4b42-b229-1237697e4e3f,view,BOOK_026,0.0,2026-08-20T21:12:33.868763
d06247ce-154f-44d2-a431-0e6def01535f,view,CLTH_025,0.0,2026-08-24 21:28:42.732159
7533f6a3-2d5e-454c-a7d4-5a213a566a6a,view,CLTH_013,0.0,2026-08-24T22:03:08.415883
acececef-4ab4-44e7-8ba4-dc1b3db1b57b,view,ELEC_011,0.0,2026-08-24T21:08:34.155227
2ca3ba80-c4ea-48a9-9d49-ec547b2177a2,view,CLTH_027,0.0,2026-08-18 19:17:26.548814
53cf9005-c315-44bf-8b90-ee836dc0ab1f,view,CLTH_012,0.0,2026-08-23 19:33:35.849132
caf220a7-85eb-4fa4-a33b-8c246570b167,view,SPRT_013,0.0,2026-08-24T20:31:33.534202
9f729b04-6f80-4dae-9824-921396cc0ee2,purchase,BOOK_024,29.18,2026-08-24 19:35:26.456581
204cd583-e18f-4356-afbd-560a95e5e55d,view,CLTH_024,0.0,2026-08-24 20:29:11.627549
11da9648-ae79-4fa4-b84c-689819c0f684,view,FOOD_020,0.0,2026-08-23T19:42:50.149619
8c1f2c4f-fcb2-4456-8fb7-b41a9931e230,view,CLTH_025,0.0,2026-08-20 21:10:12.434581
a6a3df8c-d39a-4527-8306-9fc8f5e2ac32,view,FOOD_004,0.0,2026-08-16 10:36:29.151541
d13300b8-b21a-4b42-b229-1237697e4e3f,purchase,CLTH_017,262.32,2026-08-15 19:43:15.478899
b8626474-9939-4b22-b12e-52c5f4b4739c,view,ELEC_018,0.0,2026-08-18 18:53:14.787263
17bb18d0-1b6c-4045-9b62-754e463aabd2,view,ELEC_017,0.0,2026-08-28 18:21:41.303488
84411659-75b7-4910-9038-ff90e88caadf,purchase,CLTH_023,33.56,2026-08-23 19:41:08.958344
53cf9005-c315-44bf-8b90-ee836dc0ab1f,cart,CLTH_003,70.18,2026-08-23 19:33:35.709907
0a2f3d10-ae64-4472-a673-478e6650e204,view,FOOD_012,0.0,2026-08-16 16:37:07.596345
82a1487d-2323-45c1-9468-a6f88d47a779,view,BOOK_003,0.0,2026-08-24 20:05:52.972271
7973f2a9-cd05-4d96-a6a3-b5bcbfe5a807,cart,ELEC_021,677.85,2026-08-24T21:30:10.901225
c6b1433c-fd3a-4b37-a002-e3213ac67574,view,FOOD_014,0.0,2026-08-24 23:10:36.737581
1916909e-6c68-4b12-a792-b099fef763bb,view,CLTH_019,0.0,2026-08-16 10:41:06.004263
caf220a7-85eb-4fa4-a33b-8c246570b167,view,FOOD_003,0.0,2026-08-22T17:10:37.270612
7c876903-8503-4e64-91da-9f12ea161fac,cart,ELEC_018,506.63,2026-08-24 23:14:57.185239
fb452d33-32d2-4fc8-a50d-278f74455526,cart,SPRT_025,96.66,2026-08-20 21:31:21.402630
27a943f0-74c1-47d4-a697-2bf5d20625d8,purchase,CLTH_003,47.02,2026-08-24 21:05:50.867385
7cecad85-4914-4af5-863e-309987695976,view,CLTH_024,0.0,2026-08-24 22:54:22.174087
8d2e8c22-0f58-489e-84d3-59c68d8c63a5,view,BOOK_017,0.0,2026-08-24T19:53:23.641723
272d6b5f-aeca-485e-a4ba-1a5689f647ac,view,ELEC_029,0.0,2026-08-24 21:20:07.894923
0a2f3d10-ae64-4472-a673-478e6650e204,view,ELEC_030,0.0,2026-08-28T18:12:19.618781
e6053f2d-d150-4835-ad5a-bada8eceb969,view,FOOD_023,0.0,2026-08-22 17:12:51.140000
90d1b635-2c2c-4335-a6a6-3088257c3e28,view,CLTH_004,0.0,2026-08-23 19:48:23.111460
6faa3f2f-4722-4384-8e2e-1ba697d518a4,view,ELEC_012,0.0,2026-08-18 19:00:24.855929
61887664-7787-4a05-aa10-f242d15e7b6f,view,SPRT_002,0.0,2026-08-22 17:49:13.497192
7533f6a3-2d5e-454c-a7d4-5a213a566a6a,view,FOOD_006,0.0,2026-08-20 21:41:58.955515
667c54aa-2a15-439e-9d2b-29339b87e1b4,view,FOOD_008,0.0,2026-08-18 19:13:28.045114
80a44646-6c7e-488e-8f96-dda9667f62bf,cart,CLTH_008,114.37,2026-08-24T20:11:41.923897
e9af50c7-3916-48bf-9def-f8eae8db79ee,cart,BOOK_026,33.89,2026-08-24 20:29:25.191702
18af9202-01b4-42d9-a7a8-a3fd40d77ea7,cart,SPRT_019,367.49,2026-08-18 19:20:48.982999
7a84b978-cc6b-49c8-8bba-b1f87d39615a,purchase,CLTH_001,207.25,2026-08-24 21:53:08.240315
9b7e7aee-079a-4bab-8c71-badadf83bdcd,view,ELEC_016,0.0,2026-08-24T19:45:33.364513
272d6b5f-aeca-485e-a4ba-1a5689f647ac,view,FOOD_013,0.0,2026-08-24T21:31:14.511145
1342dc6b-765d-46f2-b62a-ae0cc1bedb78,cart,FOOD_001,22.2,2026-08-24 22:21:23.169754
8d2e8c22-0f58-489e-84d3-59c68d8c63a5,purchase,FOOD_009,35.32,2026-08-16 10:30:03.763271
85a19fd8-54ae-4ace-a4dc-55c4ce3993ce,cart,BOOK_017,43.22,2026-08-24 22:55:41.392605
79486124-ceb2-4f91-bf0f-378b69ecb64c,view,ELEC_019,0.0,2026-08-22 17:41:22.707008
18af9202-01b4-42d9-a7a8-a3fd40d77ea7,purchase,SPRT_010,394.63,2026-08-18 19:10:26.781420
718814b5-9a30-4643-8cfb-a460a60999ba,view,CLTH_025,0.0,2026-08-24 19:45:34.822518
1916909e-6c68-4b12-a792-b099fef763bb,purchase,BOOK_009,79.19,2026-08-16 10:46:28.280025
c6b1433c-fd3a-4b37-a002-e3213ac67574,view,FOOD_022,0.0,2026-08-24 21:55:36.054802
32d60b7b-0ecd-4d77-ad93-8db6a14c6708,view,FOOD_026,0.0,2026-08-22T17:56:57.528407
b43786c5-4ef6-4017-a344-22b26bcbd3c5,view,SPRT_025,0.0,2026-08-24 20:27:03.217990
61887664-7787-4a05-aa10-f242d15e7b6f,view,SPRT_016,0.0,2026-08-22 17:30:32.428275
caf220a7-85eb-4fa4-a33b-8c246570b167,view,ELEC_019,0.0,2026-08-24T22:56:33.846284
80fc42f8-36e7-494e-ab68-ae41fa2c75c1,cart,BOOK_021,9.03,2026-08-23T19:37:02.464208
807ffd32-2ef3-4a31-a89a-238c366b264b,view,CLTH_016,0.0,2026-08-24 23:13:12.869825
0499cbb0-f1ab-4ff4-bdac-9b47815a9b3a,view,FOOD_007,0.0,2026-08-28T18:10:22.128084
b4a0963f-da4e-401b-b39a-2668f972529c,view,SPRT_023,0.0,2026-08-24 20:42:50.196462
1683fa13-caae-47d0-876d-5cd63161b109,view,CLTH_011,0.0,2026-08-15 19:47:47.407108
194d41b2-19c9-4faa-8a3b-c33649c1679f,cart,FOOD_020,31.36,2026-08-20 21:39:32.773236
fad4b01a-17f0-4665-bba4-9d851ec619c6,view,CLTH_023,0.0,2026-08-28 18:08:33.325464
b3b7ea67-75e4-433b-a906-fd0202ed49b3,view,ELEC_008,0.0,2026-08-20 21:31:14.963317
65c76bd2-c4c5-4ead-bb07-d1518810d424,view,SPRT_007,0.0,2026-08-24 20:41:48.355419
6c42b183-6d7f-4eed-9a19-89815e3d0919,view,FOOD_006,0.0,2026-08-24 23:03:50.531504
59b41456-0c0c-46d0-9f3c-5fd6fe62f88a,cart,ELEC_010,214.8,2026-08-24T23:11:03.213466
5170d1a9-568e-4884-8b9a-e998a6411fc9,view,SPRT_008,0.0,2026-08-22 17:28:56.512796
8afb9663-be21-47d5-b7bf-d549285fa584,view,ELEC_029,0.0,2026-08-22T17:44:45.546083
292aa98d-2159-46e5-86b7-ebb3da08accd,view,SPRT_016,0.0,2026-08-22 17:54:48.272392
07e00408-a9f3-4a26-bb10-653e27ee1d69,view,SPRT_003,0.0,2026-08-24 23:16:59.818753
c6da6198-1302-4f3b-98d8-59f524206a5a,view,CLTH_028,0.0,2026-08-24 20:00:57.773461
a96f1d3a-763c-4bc2-9e7d-20d3463261d5,view,ELEC_010,0.0,2026-08-15 19:39:09.641025
07e00408-a9f3-4a26-bb10-653e27ee1d69,view,FOOD_009,0.0,2026-08-24 22:51:33.893203
7e6c74b6-e963-4328-83a5-602d2af48d1f,view,BOOK_026,0.0,2026-08-20T21:11:32.997817
00f663e7-4a3e-49a4-a200-c3c06ef5259a,cart,ELEC_016,372.72,2026-08-28T18:12:20.697311
7973f2a9-cd05-4d96-a6a3-b5bcbfe5a807,view,CLTH_021,0.0,2026-08-24T22:40:46.703398
7c53ddd0-71fe-4919-a4fe-86d633a58eee,view,FOOD_028,0.0,2026-08-24T20:47:38.436843
1a57d526-e419-4985-b2c6-65d021f92488,view,BOOK_007,0.0,2026-08-28T18:15:21.558055
82a1487d-2323-45c1-9468-a6f88d47a779,view,FOOD_004,0.0,2026-08-24 20:56:41.518945
9f729b04-6f80-4dae-9824-921396cc0ee2,view,BOOK_015,0.0,2026-08-24 20:03:06.448656
3298c361-8531-49e3-8652-5f10ff038a49,view,SPRT_011,0.0,2026-08-16 10:36:00.094220
9d82dbcc-f68b-4045-b84a-79b4d7103eeb,view,SPRT_021,0.0,2026-08-22 17:29:23.143113
fb5c4430-55ab-46c5-9e83-bae524560811,view,FOOD_012,0.0,2026-08-24 19:45:46.614902
79486124-ceb2-4f91-bf0f-378b69ecb64c,view,ELEC_029,0.0,2026-08-22 17:59:27.532943
69ac5a58-9bcc-4f4b-bdd5-baea8549f46e,view,FOOD_011,0.0,2026-08-24T19:43:27.676720
23e6833c-1e9f-4546-9ca2-5392b29eeb0c,purchase,BOOK_002,43.45,2026-08-22 17:33:37.886184
acececef-4ab4-44e7-8ba4-dc1b3db1b57b,view,FOOD_011,0.0,2026-08-20T21:24:36.817319
c6b1433c-fd3a-4b37-a002-e3213ac67574,view,FOOD_026,0.0,2026-08-24 23:01:04.246011
07e00408-a9f3-4a26-bb10-653e27ee1d69,cart,ELEC_015,688.87,2026-08-24 21:37:24.171390
8e8f1a72-9d02-4f7f-812e-28ab52b05f20,view,CLTH_014,0.0,2026-08-20 21:26:47.213535
69ac5a58-9bcc-4f4b-bdd5-baea8549f46e,view,CLTH_015,0.0,2026-08-18 18:55:40.513287
7c876903-8503-4e64-91da-9f12ea161fac,purchase,SPRT_015,311.07,2026-08-24 23:16:09.018191
9d82dbcc-f68b-4045-b84a-79b4d7103eeb,view,SPRT_018,0.0,2026-08-23T19:54:29.370430
e9af50c7-3916-48bf-9def-f8eae8db79ee,view,BOOK_005,0.0,2026-08-24 20:31:26.298100
ecef0a71-9256-43e0-bf92-91fc8ffffcf4,purchase,CLTH_022,209.09,2026-08-24 21:15:13.892235
82a1487d-2323-45c1-9468-a6f88d47a779,purchase,FOOD_021,99.73,2026-08-24 20:20:15.215658
5ecfc98a-922a-4821-a19c-74739ea9d49c,view,SPRT_024,0.0,2026-08-24 22:34:08.951124
a36f04ce-4f5a-4641-8208-bc26f0f0be59,view,BOOK_027,0.0,2026-08-22 17:15:39.624300
d9c0cd62-7da2-407f-b24f-c9887c0b8ae6,purchase,CLTH_014,135.87,2026-08-18T18:49:48.896680
3eae1b1f-da2f-40b7-883b-ad6d9a3673eb,view,CLTH_024,0.0,2026-08-24 21:44:01.352336
838d67a1-4adc-4bef-834d-defa67fe3762,purchase,FOOD_023,83.63,2026-08-24 21:33:14.548417
3eae1b1f-da2f-40b7-883b-ad6d9a3673eb,view,FOOD_001,0.0,2026-08-24 22:00:57.024483
27a943f0-74c1-47d4-a697-2bf5d20625d8,view,CLTH_024,0.0,2026-08-24 19:52:31.804278
911f18bb-7379-4bbe-b85b-b8bf25af64bf,view,SPRT_005,0.0,2026-08-24T23:21:40.776506
2ca3ba80-c4ea-48a9-9d49-ec547b2177a2,view,CLTH_018,0.0,2026-08-18 19:21:49.359120
4bcc35c7-0c0f-40c6-81ef-9290c390c8ae,view,CLTH_014,0.0,2026-08-18 18:50:32.800447
f0990893-bc9c-4914-b4e9-26579efdae9c,view,CLTH_030,0.0,2026-08-24T19:45:33.903496
8889c320-1f19-4bac-9c31-b9218acbf5b5,view,ELEC_025,0.0,2026-08-24 21:50:23.385150
b4a0963f-da4e-401b-b39a-2668f972529c,view,SPRT_016,0.0,2026-08-24 20:35:34.405735
4eca1658-9c92-4d94-98cf-ac4413183c56,view,ELEC_021,0.0,2026-08-19T23:30:05.155357
1342dc6b-765d-46f2-b62a-ae0cc1bedb78,view,SPRT_001,0.0,2026-08-24 22:43:44.345459
07e00408-a9f3-4a26-bb10-653e27ee1d69,view,CLTH_003,0.0,2026-08-24 23:18:47.877276
c56998f4-a438-484c-8b0c-b80c399f6fcd,view,BOOK_026,0.0,2026-08-24 19:42:24.127555
1a57d526-e419-4985-b2c6-65d021f92488,view,CLTH_005,0.0,2026-08-20 21:52:44.493456
d37ca1f9-a758-4fcd-abd0-8a4b28290823,view,ELEC_003,0.0,2026-08-22 17:31:14.384392
df6ef7b8-0a49-4e99-b1d7-860b83fad018,view,BOOK_012,0.0,2026-08-23 19:51:12.846714
41a5862d-9a23-4007-82f3-890ced6bb4d9,purchase,ELEC_020,152.18,2026-08-24T20:32:07.165075
85a19fd8-54ae-4ace-a4dc-55c4ce3993ce,cart,BOOK_021,27.82,2026-08-24 22:54:23.026450
a169dc99-f3d9-4a6d-be74-c528e84e184c,view,BOOK_026,0.0,2026-08-23T19:40:46.250259
e0fd2345-d654-4429-9d48-e2b1544bc0ee,view,SPRT_016,0.0,2026-08-19 23:31:55.040514
d572cc22-f568-4269-a4ca-75bae22243da,view,CLTH_026,0.0,2026-08-20 21:40:14.266497
204cd583-e18f-4356-afbd-560a95e5e55d,cart,CLTH_010,176.79,2026-08-24 20:21:44.348575
66f9e642-1674-468a-884b-55c6f9a06472,purchase,SPRT_030,185.89,2026-08-28T18:11:01.384509
00f663e7-4a3e-49a4-a200-c3c06ef5259a,view,SPRT_001,0.0,2026-08-22 17:16:51.049899
1342dc6b-765d-46f2-b62a-ae0cc1bedb78,view,SPRT_022,0.0,2026-08-24 23:23:33.336615
4bcc35c7-0c0f-40c6-81ef-9290c390c8ae,cart,CLTH_008,181.38,2026-08-18 18:47:46.811965
07974040-0d6e-4dd2-a06d-09236cb2f439,view,BOOK_004,0.0,2026-08-28T18:22:41.025727
9d82dbcc-f68b-4045-b84a-79b4d7103eeb,view,SPRT_009,0.0,2026-08-22 17:36:37.602668
e04bc446-eef1-4a6c-bdd3-722ed841b5b0,view,CLTH_010,0.0,2026-08-24 22:55:05.108461
b4508ad1-61c3-4913-9b0d-9e62d1e31a6c,view,CLTH_002,0.0,2026-08-16 16:51:04.119755
3cd39961-1811-4043-81ca-ab2b96896334,cart,SPRT_007,273.57,2026-08-15 19:34:38.420824
45be79ad-8040-4559-be25-1a4737d5bdec,view,FOOD_023,0.0,2026-08-24 20:26:50.221868
07974040-0d6e-4dd2-a06d-09236cb2f439,cart,FOOD_006,17.33,2026-08-24 22:32:40.872740
e9af50c7-3916-48bf-9def-f8eae8db79ee,view,BOOK_013,0.0,2026-08-24 21:09:30.663762
66f9e642-1674-468a-884b-55c6f9a06472,view,BOOK_003,0.0,2026-08-24T19:52:21.319024
b3b7ea67-75e4-433b-a906-fd0202ed49b3,view,CLTH_018,0.0,2026-08-24T20:11:40.689726
ff8790c1-759e-4f9e-bb08-6f9a3d420448,view,CLTH_005,0.0,2026-08-16T16:42:24.446214
a36f04ce-4f5a-4641-8208-bc26f0f0be59,cart,BOOK_001,33.62,2026-08-22 17:18:44.704390
b4a0963f-da4e-401b-b39a-2668f972529c,view,CLTH_021,0.0,2026-08-24 21:16:12.394416
d572cc22-f568-4269-a4ca-75bae22243da,cart,CLTH_017,40.47,2026-08-20 21:40:14.220368
45be79ad-8040-4559-be25-1a4737d5bdec,view,FOOD_023,0.0,2026-08-24 20:37:46.409283
7c53ddd0-71fe-4919-a4fe-86d633a58eee,view,ELEC_007,0.0,2026-08-23T20:01:32.836265
1db8f590-d54c-4124-ae91-abc457daf2ef,view,CLTH_001,0.0,2026-08-20T21:20:22.500930
ecfd2d5f-00a3-4a3d-b1c2-0612a3c54210,cart,CLTH_018,114.55,2026-08-24T19:47:38.729883
046701a6-5a53-43dc-aa26-d68a19f6cb9e,view,CLTH_017,0.0,2026-08-18 19:03:32.868573
fbaa2ea2-fc17-4c57-98ac-31d261b20f90,view,BOOK_010,0.0,2026-08-20 21:10:10.896265
45be79ad-8040-4559-be25-1a4737d5bdec,view,FOOD_021,0.0,2026-08-24 20:06:48.105562
f0bd94bc-247d-45cf-84f6-c5509dc870cc,view,FOOD_030,0.0,2026-08-24T22:11:00.988219
838d67a1-4adc-4bef-834d-defa67fe3762,view,FOOD_020,0.0,2026-08-24 22:47:49.906044
b2b6e8f7-a7a2-4a38-8be3-f154118f5196,view,BOOK_020,0.0,2026-08-22 17:29:18.151916
07e00408-a9f3-4a26-bb10-653e27ee1d69,view,BOOK_006,0.0,2026-08-24 22:28:05.783587
c56998f4-a438-484c-8b0c-b80c399f6fcd,cart,BOOK_015,19.32,2026-08-24 20:28:48.510934
2ffbf70c-49e4-4889-96a4-7e733e8cf796,view,SPRT_006,0.0,2026-08-24T19:43:59.202569
23563557-5b65-4775-84d2-cd11d7916afb,view,SPRT_009,0.0,2026-08-20 21:10:11.313779
aaaa38a6-7d37-4a0f-a0ae-a18daa98f586,view,SPRT_012,0.0,2026-08-22T17:06:56.216475
e3576704-b8db-4482-a571-018fedb94275,view,CLTH_001,0.0,2026-08-16 16:40:38.284874
50e381b2-5e82-4228-ba7a-86669f6ade13,cart,BOOK_030,11.33,2026-08-18T19:17:14.258499
13298c19-921e-4ab7-b2fe-45b88f1e8621,view,BOOK_001,0.0,2026-08-23 19:47:07.442772
b43786c5-4ef6-4017-a344-22b26bcbd3c5,purchase,ELEC_029,861.69,2026-08-24 20:25:17.354275
3298c361-8531-49e3-8652-5f10ff038a49,view,ELEC_005,0.0,2026-08-19T23:25:30.430231
65c76bd2-c4c5-4ead-bb07-d1518810d424,purchase,CLTH_012,289.01,2026-08-24 20:51:20.983556
e7011402-63aa-4b75-87a9-67546325bcab,cart,SPRT_026,350.58,2026-08-24 22:19:09.038236
e2c33043-9769-445e-bba4-3c9295d886e7,view,SPRT_006,0.0,2026-08-20 21:29:59.972273
8afb9663-be21-47d5-b7bf-d549285fa584,view,FOOD_004,0.0,2026-08-23T19:52:25.060718
27ab56fc-882d-4198-a735-9f9394cf678a,view,BOOK_001,0.0,2026-08-18 19:18:38.152872
d30fc382-e140-48b8-8038-bd17100271c2,view,ELEC_021,0.0,2026-08-22 17:47:34.974802
18af9202-01b4-42d9-a7a8-a3fd40d77ea7,view,SPRT_023,0.0,2026-08-24T22:03:08.425758
7c876903-8503-4e64-91da-9f12ea161fac,view,ELEC_020,0.0,2026-08-24 23:01:21.142176
7c876903-8503-4e64-91da-9f12ea161fac,purchase,ELEC_024,280.17,2026-08-24 21:46:59.075439
99e329dd-777c-4afe-bc50-366ecd0bd177,view,FOOD_009,0.0,2026-08-22 17:37:07.712627
69ac5a58-9bcc-4f4b-bdd5-baea8549f46e,view,CLTH_003,0.0,2026-08-18 18:51:58.525651
45be79ad-8040-4559-be25-1a4737d5bdec,cart,FOOD_007,61.58,2026-08-24 20:26:33.433952
9ea41e68-c710-4b07-b2ae-6bbf22342547,view,CLTH_026,0.0,2026-08-24T19:48:41.320028
b2494169-7cd1-450a-9a6a-5bd5ce40d2fb,purchase,BOOK_012,65.2,2026-08-24 21:40:03.328161
d37ca1f9-a758-4fcd-abd0-8a4b28290823,view,ELEC_002,0.0,2026-08-22 17:42:43.511527
8648af4d-7a61-4fed-84ea-10895f513822,view,BOOK_003,0.0,2026-08-20T21:16:41.068074
204cd583-e18f-4356-afbd-560a95e5e55d,view,BOOK_018,0.0,2026-08-24 20:40:14.518025
28dee375-acb0-4efe-91a1-27bd967ca56b,cart,BOOK_007,14.78,2026-08-22 17:34:28.368851
c6b1433c-fd3a-4b37-a002-e3213ac67574,view,FOOD_022,0.0,2026-08-24 21:28:50.127724
3cd39961-1811-4043-81ca-ab2b96896334,view,SPRT_019,0.0,2026-08-15 19:35:33.174070
ecb51178-8afe-4ba9-bd61-87e0a416554b,view,ELEC_014,0.0,2026-08-18 19:21:07.002701
c6da6198-1302-4f3b-98d8-59f524206a5a,cart,CLTH_029,183.43,2026-08-24 20:45:45.291809
1342dc6b-765d-46f2-b62a-ae0cc1bedb78,view,SPRT_029,0.0,2026-08-24 22:25:57.555271
1342dc6b-765d-46f2-b62a-ae0cc1bedb78,view,SPRT_010,0.0,2026-08-24 22:43:48.214074
ddc313fb-bc63-47e5-ac3f-b9d1d5a703a1,view,CLTH_023,0.0,2026-08-24 21:57:55.413509
d2393a76-e7aa-4917-8d1a-eaea77151dd0,view,FOOD_021,0.0,2026-08-24T20:58:42.382498
f40f2fc0-4990-4c42-b190-23976cdaf79f,view,BOOK_012,0.0,2026-08-16 16:52:16.659729
9ea41e68-c710-4b07-b2ae-6bbf22342547,view,CLTH_009,0.0,2026-08-16 10:35:34.492673
7cecad85-4914-4af5-863e-309987695976,purchase,CLTH_018,263.49,2026-08-24 21:49:28.555199
980e4d69-7354-43f4-bc44-99fc0146226f,view,CLTH_027,0.0,2026-08-16 10:36:57.735450
17bb18d0-1b6c-4045-9b62-754e463aabd2,view,SPRT_026,0.0,2026-08-28 18:09:15.815123
7a84b978-cc6b-49c8-8bba-b1f87d39615a,cart,CLTH_019,155.37,2026-08-24 22:21:22.160998
df6ef7b8-0a49-4e99-b1d7-860b83fad018,view,CLTH_005,0.0,2026-08-24T21:56:29.064803
f40f2fc0-4990-4c42-b190-23976cdaf79f,view,BOOK_011,0.0,2026-08-16 16:52:16.267096
5390b8bd-cc43-4b61-8922-cc2d2033104f,view,FOOD_010,0.0,2026-08-24T20:25:35.802157
fc18b9b9-0790-45c2-9bd4-39c8c166b7ff,view,BOOK_017,0.0,2026-08-24T23:22:55.270583
fb5c4430-55ab-46c5-9e83-bae524560811,cart,FOOD_018,38.88,2026-08-24 20:30:29.257917
e3576704-b8db-4482-a571-018fedb94275,cart,CLTH_023,102.36,2026-08-16 16:37:52.880980
45be79ad-8040-4559-be25-1a4737d5bdec,view,FOOD_017,0.0,2026-08-24 20:52:49.794512
dd0c2035-e21b-4a2f-aa23-2bb8b37e125d,view,FOOD_018,0.0,2026-08-22 17:09:26.483522
91ae5c3f-4264-4360-a916-6cbaf031afdf,view,FOOD_004,0.0,2026-08-28 18:08:32.019297
fcd6fe57-c144-4e2e-a82f-44cb7df85d3f,cart,ELEC_022,833.86,2026-08-23T19:35:29.033231
d9c0cd62-7da2-407f-b24f-c9887c0b8ae6,view,CLTH_001,0.0,2026-08-24T19:45:33.576984
7533f6a3-2d5e-454c-a7d4-5a213a566a6a,view,ELEC_018,0.0,2026-08-20 21:44:08.293810
85a19fd8-54ae-4ace-a4dc-55c4ce3993ce,view,BOOK_027,0.0,2026-08-24 22:22:33.860777
b43786c5-4ef6-4017-a344-22b26bcbd3c5,cart,SPRT_010,319.14,2026-08-24 20:09:32.770359
91f30dc2-d42e-403d-8f92-452cf0c2e83b,cart,CLTH_010,105.42,2026-08-18T19:03:29.279080
23e6833c-1e9f-4546-9ca2-5392b29eeb0c,view,BOOK_019,0.0,2026-08-24T23:22:18.514439
292aa98d-2159-46e5-86b7-ebb3da08accd,view,CLTH_025,0.0,2026-08-22 17:57:28.530543
b4a0963f-da4e-401b-b39a-2668f972529c,cart,SPRT_009,101.73,2026-08-24 20:37:54.621292
a96f1d3a-763c-4bc2-9e7d-20d3463261d5,view,CLTH_018,0.0,2026-08-24T19:48:10.363950
6c42b183-6d7f-4eed-9a19-89815e3d0919,view,ELEC_025,0.0,2026-08-24 22:34:11.765482
aa1b5519-6825-4270-a210-d706d63db7f1,cart,BOOK_029,21.61,2026-08-24 07:49:42.700569
e2d48b75-546c-497a-95bd-14034b8f808a,purchase,BOOK_007,77.11,2026-08-22 17:26:17.738128
5ecfc98a-922a-4821-a19c-74739ea9d49c,view,CLTH_013,0.0,2026-08-24 21:45:21.832471
acececef-4ab4-44e7-8ba4-dc1b3db1b57b,view,CLTH_005,0.0,2026-08-19 23:22:13.385990
66f9e642-1674-468a-884b-55c6f9a06472,purchase,ELEC_003,778.18,2026-08-20T21:26:10.863388
8648af4d-7a61-4fed-84ea-10895f513822,view,BOOK_022,0.0,2026-08-24T20:11:06.635534
16a45d1c-fcb0-44ee-be9c-1c14c693e1c8,purchase,CLTH_028,278.32,2026-08-24 20:48:53.569894
7cecad85-4914-4af5-863e-309987695976,view,CLTH_030,0.0,2026-08-24 22:29:24.971404
65c76bd2-c4c5-4ead-bb07-d1518810d424,view,CLTH_004,0.0,2026-08-24 20:25:06.431297
ab5beedd-73b7-43f0-8900-2fda346c8941,view,FOOD_007,0.0,2026-08-28T18:12:55.810811
204cd583-e18f-4356-afbd-560a95e5e55d,view,CLTH_017,0.0,2026-08-24 20:29:26.324614
e9af50c7-3916-48bf-9def-f8eae8db79ee,view,BOOK_019,0.0,2026-08-24 20:57:49.221779
06ef8987-2209-4f91-b32e-b826d451f567,purchase,CLTH_026,50.09,2026-08-24T21:07:54.803159
807ffd32-2ef3-4a31-a89a-238c366b264b,view,CLTH_010,0.0,2026-08-24 23:15:48.822861
fb5c4430-55ab-46c5-9e83-bae524560811,purchase,FOOD_016,70.68,2026-08-24 20:37:10.679985
d30fc382-e140-48b8-8038-bd17100271c2,view,ELEC_014,0.0,2026-08-22 17:54:17.012809
e9af50c7-3916-48bf-9def-f8eae8db79ee,purchase,BOOK_007,67.78,2026-08-24 20:58:36.603043
d30fc382-e140-48b8-8038-bd17100271c2,purchase,ELEC_008,190.09,2026-08-22 17:33:51.326729
adcabb5a-9294-4e06-91d7-d5fb55987582,purchase,SPRT_022,141.16,2026-08-28T18:11:06.062471
544c32f4-a10e-44ff-a0d5-6f8b523e593a,purchase,BOOK_029,36.39,2026-08-16T10:30:34.778870
a4dbcca0-eaa3-4f6a-91d1-a92bc00a2c19,view,CLTH_010,0.0,2026-08-24 20:21:59.423455
1de6f679-4161-4b5c-bd73-1f6f9760878f,cart,CLTH_030,71.79,2026-08-18T19:17:50.678895
10a14ce2-6a79-4e2d-b024-ab8150be7f3b,cart,CLTH_006,126.02,2026-08-20 21:52:11.752656
ecef0a71-9256-43e0-bf92-91fc8ffffcf4,view,SPRT_010,0.0,2026-08-24 20:03:06.176782
e04bc446-eef1-4a6c-bdd3-722ed841b5b0,view,SPRT_028,0.0,2026-08-24 22:48:53.784134
59b41456-0c0c-46d0-9f3c-5fd6fe62f88a,view,ELEC_023,0.0,2026-08-24T23:11:03.213466
db7f8eee-9b64-455b-9ada-7be2b9d2a40c,purchase,BOOK_005,66.79,2026-08-15 19:38:21.721172
84411659-75b7-4910-9038-ff90e88caadf,cart,CLTH_015,159.49,2026-08-23 19:42:48.180218
ddc313fb-bc63-47e5-ac3f-b9d1d5a703a1,view,CLTH_020,0.0,2026-08-24 23:08:11.639760
3fb2fa2a-b4d2-485d-acd8-9cc11c7a142c,view,SPRT_007,0.0,2026-08-19 23:30:47.954396
3c8208eb-982f-4c25-aeb6-1d676d8c95fd,view,BOOK_018,0.0,2026-08-24T20:41:28.113351
7c2e1788-86da-4c9e-8f5a-63e49fc287ed,view,ELEC_002,0.0,2026-08-24T23:11:01.746257
2123f5ae-14df-4e5d-92db-1157b83c002d,view,BOOK_010,0.0,2026-08-22T17:12:42.466270
b32648f7-5c8a-4360-9d8d-e4d9d9c805e6,cart,FOOD_030,58.28,2026-08-24T20:49:49.406456
8c9bf60c-9d81-434e-9a6f-73c2800925e8,cart,CLTH_027,50.35,2026-08-16T10:33:05.596417
204cd583-e18f-4356-afbd-560a95e5e55d,view,CLTH_021,0.0,2026-08-24 19:38:45.496180
d2393a76-e7aa-4917-8d1a-eaea77151dd0,cart,CLTH_019,169.5,2026-08-20 21:12:57.383523
af8c3802-1e97-4ac1-a05e-a064dc9a598f,purchase,SPRT_002,355.62,2026-08-28T18:11:06.823248
0a2f3d10-ae64-4472-a673-478e6650e204,cart,FOOD_023,71.3,2026-08-16 16:35:50.665932
e520f38d-6d20-43be-ac04-26f7b8d044bb,view,SPRT_003,0.0,2026-08-18 19:10:37.804917
60fa3dee-9722-469f-9ede-8581e64a5dc8,view,ELEC_019,0.0,2026-08-20T21:24:34.871148
c3a42c72-fedb-4267-9e12-4a4cf7defb1e,view,FOOD_024,0.0,2026-08-28 18:09:55.534033
54dbe932-4af2-4f72-a46d-126eccaec63d,view,CLTH_014,0.0,2026-08-16 10:45:25.054934
d572cc22-f568-4269-a4ca-75bae22243da,view,CLTH_009,0.0,2026-08-20 21:30:19.671375
caf220a7-85eb-4fa4-a33b-8c246570b167,view,ELEC_015,0.0,2026-08-23T20:03:45.252183
7cecad85-4914-4af5-863e-309987695976,view,CLTH_011,0.0,2026-08-24 22:59:08.464055
ecb51178-8afe-4ba9-bd61-87e0a416554b,view,ELEC_015,0.0,2026-08-18 19:18:42.925838
fb5c4430-55ab-46c5-9e83-bae524560811,view,BOOK_021,0.0,2026-08-28T18:23:20.025929
3eae1b1f-da2f-40b7-883b-ad6d9a3673eb,cart,CLTH_002,94.75,2026-08-24 22:51:28.989059
0edab1bf-3255-4636-8c77-d72d54ebaa4a,view,FOOD_018,0.0,2026-08-18 19:09:51.140640
5ecfc98a-922a-4821-a19c-74739ea9d49c,view,CLTH_009,0.0,2026-08-24 22:15:36.237775
b8a5374c-c93d-4c0c-83c8-6ecb467838ed,view,BOOK_004,0.0,2026-08-23T19:37:03.263224
eba03b4f-7d0a-498d-a823-db63123d559a,view,CLTH_014,0.0,2026-08-19 23:23:01.286306
07974040-0d6e-4dd2-a06d-09236cb2f439,cart,FOOD_003,43.62,2026-08-24 21:36:07.820410
ddc313fb-bc63-47e5-ac3f-b9d1d5a703a1,view,SPRT_028,0.0,2026-08-24 22:21:03.429544
0e5061dd-6477-4b0b-baf1-80f9eca14fcd,view,SPRT_028,0.0,2026-08-19 23:27:32.579768
f0bd94bc-247d-45cf-84f6-c5509dc870cc,view,BOOK_027,0.0,2026-08-19 23:27:01.396211
caf220a7-85eb-4fa4-a33b-8c246570b167,view,BOOK_008,0.0,2026-08-19T23:31:36.508846
2ca3ba80-c4ea-48a9-9d49-ec547b2177a2,cart,CLTH_003,52.02,2026-08-22T17:36:22.373942
50e381b2-5e82-4228-ba7a-86669f6ade13,view,CLTH_029,0.0,2026-08-24T20:57:34.911165
bd22f4c4-5268-45d9-9243-8d72683946f2,view,CLTH_004,0.0,2026-08-23 19:42:57.283749
540dfba9-6872-43b1-945d-a3584b72aa30,view,SPRT_020,0.0,2026-08-24T20:28:51.745641
b4a0963f-da4e-401b-b39a-2668f972529c,view,SPRT_030,0.0,2026-08-24 20:42:12.383337
8c1f2c4f-fcb2-4456-8fb7-b41a9931e230,view,SPRT_024,0.0,2026-08-28T18:09:49.110598
c56998f4-a438-484c-8b0c-b80c399f6fcd,view,BOOK_029,0.0,2026-08-24 20:52:42.748493
7c53ddd0-71fe-4919-a4fe-86d633a58eee,view,SPRT_019,0.0,2026-08-20 21:20:42.331170
a4dbcca0-eaa3-4f6a-91d1-a92bc00a2c19,view,CLTH_012,0.0,2026-08-24T21:54:47.537635
7a84b978-cc6b-49c8-8bba-b1f87d39615a,purchase,CLTH_013,99.67,2026-08-24 21:39:52.219157
1342dc6b-765d-46f2-b62a-ae0cc1bedb78,view,SPRT_026,0.0,2026-08-24 23:08:27.531018
204cd583-e18f-4356-afbd-560a95e5e55d,view,SPRT_011,0.0,2026-08-24 21:00:25.318164
395e36e8-c321-48f4-9ed8-88acf120a760,view,ELEC_004,0.0,2026-08-24T20:32:08.382454
0e5061dd-6477-4b0b-baf1-80f9eca14fcd,view,BOOK_019,0.0,2026-08-19 23:24:35.209857
41a5862d-9a23-4007-82f3-890ced6bb4d9,view,SPRT_018,0.0,2026-08-22 18:00:13.276737
8e8f1a72-9d02-4f7f-812e-28ab52b05f20,view,CLTH_020,0.0,2026-08-20 21:24:30.241602
07e00408-a9f3-4a26-bb10-653e27ee1d69,view,ELEC_016,0.0,2026-08-24 21:37:24.098907
b8a5374c-c93d-4c0c-83c8-6ecb467838ed,view,FOOD_006,0.0,2026-08-28T18:08:39.770744
0bb810c4-b32d-43c2-92f3-84a8460ad2f6,cart,ELEC_029,214.31,2026-08-24T22:56:37.935631
50e381b2-5e82-4228-ba7a-86669f6ade13,view,CLTH_025,0.0,2026-08-18 18:59:09.208308
fb5c4430-55ab-46c5-9e83-bae524560811,cart,ELEC_016,607.03,2026-08-24 20:23:50.161131
d9c0cd62-7da2-407f-b24f-c9887c0b8ae6,view,SPRT_021,0.0,2026-08-23T19:36:31.576404
2de07fdd-8b53-4691-a8aa-c355b7716a3e,view,CLTH_002,0.0,2026-08-18 19:06:46.757303
7206f4a1-cf8c-4b3e-8a55-1766c6ad92fa,view,BOOK_022,0.0,2026-08-28 18:06:37.758014
653709fa-a965-4975-9c69-451df40148e0,view,CLTH_026,0.0,2026-08-24T22:59:29.466648
7cecad85-4914-4af5-863e-309987695976,view,CLTH_015,0.0,2026-08-24 22:24:22.220661
ecef0a71-9256-43e0-bf92-91fc8ffffcf4,purchase,CLTH_009,113.46,2026-08-24 19:49:38.044119
06ef8987-2209-4f91-b32e-b826d451f567,view,SPRT_004,0.0,2026-08-24T20:29:23.824359
8b84f738-d1da-49a1-8b35-7f03cd7992a8,view,CLTH_005,0.0,2026-08-16 16:49:29.045327
272d6b5f-aeca-485e-a4ba-1a5689f647ac,view,ELEC_010,0.0,2026-08-24 20:12:09.028108
3317a2b8-8792-434d-9860-2f7644018ce4,view,CLTH_026,0.0,2026-08-20 21:31:41.369572
7e12728f-8e77-4093-b21e-7650a323fb12,view,CLTH_009,0.0,2026-08-24 22:37:04.826960
0518f406-1bcc-4201-9400-4d13c068296b,view,SPRT_001,0.0,2026-08-23T19:57:48.985598
1342dc6b-765d-46f2-b62a-ae0cc1bedb78,view,SPRT_024,0.0,2026-08-24 22:49:28.568614
9ea41e68-c710-4b07-b2ae-6bbf22342547,view,CLTH_007,0.0,2026-08-16 10:42:07.060962
0518f406-1bcc-4201-9400-4d13c068296b,view,ELEC_019,0.0,2026-08-15 19:46:26.185776
51d3a51e-39d5-4fa8-ad25-bc0cc1c2a3a8,view,BOOK_022,0.0,2026-08-20 22:03:15.945386
eedeb7be-443c-4607-a98b-a6928f11d578,purchase,ELEC_017,975.4,2026-08-22 17:44:58.067742
e9af50c7-3916-48bf-9def-f8eae8db79ee,purchase,BOOK_006,73.91,2026-08-24 21:04:48.989740
8648af4d-7a61-4fed-84ea-10895f513822,view,BOOK_019,0.0,2026-08-24T22:34:00.255664
fc18b9b9-0790-45c2-9bd4-39c8c166b7ff,view,FOOD_022,0.0,2026-08-16 10:41:40.494215
af8c3802-1e97-4ac1-a05e-a064dc9a598f,view,CLTH_017,0.0,2026-08-18 18:54:13.378233
16a45d1c-fcb0-44ee-be9c-1c14c693e1c8,cart,FOOD_020,31.5,2026-08-24 20:45:05.158261
65bdd5f8-4652-4a5f-aa90-ed5cbed78e68,view,SPRT_009,0.0,2026-08-28 18:21:50.178511
65c76bd2-c4c5-4ead-bb07-d1518810d424,view,CLTH_015,0.0,2026-08-24 20:01:42.240117
b2494169-7cd1-450a-9a6a-5bd5ce40d2fb,cart,CLTH_018,180.38,2026-08-24 22:50:36.866322
0518f406-1bcc-4201-9400-4d13c068296b,view,BOOK_030,0.0,2026-08-24T19:46:36.241751
15371891-3d67-4bbe-a227-0aa843960503,cart,CLTH_007,54.19,2026-08-24 21:58:51.340614
d06247ce-154f-44d2-a431-0e6def01535f,view,CLTH_007,0.0,2026-08-24 22:21:24.260382
07974040-0d6e-4dd2-a06d-09236cb2f439,view,CLTH_025,0.0,2026-08-24 21:46:18.340205
fb452d33-32d2-4fc8-a50d-278f74455526,view,BOOK_027,0.0,2026-08-22T17:52:47.225127
45be79ad-8040-4559-be25-1a4737d5bdec,view,FOOD_021,0.0,2026-08-24 20:26:50.377935
046701a6-5a53-43dc-aa26-d68a19f6cb9e,purchase,BOOK_022,44.73,2026-08-19T23:26:31.616900
01c8f8b9-4fbf-44a7-8919-178beaceb074,view,ELEC_019,0.0,2026-08-24T22:53:40.369018
204cd583-e18f-4356-afbd-560a95e5e55d,view,CLTH_012,0.0,2026-08-24 21:11:16.408852
5ecfc98a-922a-4821-a19c-74739ea9d49c,purchase,FOOD_010,10.52,2026-08-24 22:41:24.535751
e04bc446-eef1-4a6c-bdd3-722ed841b5b0,view,CLTH_013,0.0,2026-08-24 22:18:03.172972
1342dc6b-765d-46f2-b62a-ae0cc1bedb78,view,SPRT_026,0.0,2026-08-24 22:57:30.073109
838d67a1-4adc-4bef-834d-defa67fe3762,view,FOOD_011,0.0,2026-08-24 22:32:47.621481
ddc313fb-bc63-47e5-ac3f-b9d1d5a703a1,view,SPRT_001,0.0,2026-08-24 21:48:29.702000
79486124-ceb2-4f91-bf0f-378b69ecb64c,view,ELEC_023,0.0,2026-08-22 17:33:30.491787
2123f5ae-14df-4e5d-92db-1157b83c002d,view,SPRT_006,0.0,2026-08-19 23:28:27.171452
204cd583-e18f-4356-afbd-560a95e5e55d,view,CLTH_011,0.0,2026-08-24 19:38:45.534265
d30fc382-e140-48b8-8038-bd17100271c2,view,ELEC_004,0.0,2026-08-22 17:25:58.176228
6c42b183-6d7f-4eed-9a19-89815e3d0919,view,ELEC_029,0.0,2026-08-24 22:46:58.271952
2ca3ba80-c4ea-48a9-9d49-ec547b2177a2,view,CLTH_029,0.0,2026-08-18 19:09:56.406808
a3414eda-0341-4e0d-b3fa-5e873248b36a,view,ELEC_009,0.0,2026-08-16 10:38:43.373338
a9924f59-2d8b-4172-8e44-ae16ad011154,view,FOOD_016,0.0,2026-08-16 10:33:35.275829
17bb18d0-1b6c-4045-9b62-754e463aabd2,cart,CLTH_012,131.05,2026-08-28 18:06:02.321151
fb5c4430-55ab-46c5-9e83-bae524560811,cart,CLTH_006,155.6,2026-08-24T21:07:55.027998
a96f1d3a-763c-4bc2-9e7d-20d3463261d5,view,ELEC_001,0.0,2026-08-15 19:46:35.787363
7e12728f-8e77-4093-b21e-7650a323fb12,purchase,CLTH_023,91.69,2026-08-24 23:15:08.173915
65c76bd2-c4c5-4ead-bb07-d1518810d424,view,CLTH_015,0.0,2026-08-24 21:22:04.725775
ecef0a71-9256-43e0-bf92-91fc8ffffcf4,view,CLTH_001,0.0,2026-08-24 21:17:13.961573
e7011402-63aa-4b75-87a9-67546325bcab,view,ELEC_011,0.0,2026-08-24 21:50:04.293892
8648af4d-7a61-4fed-84ea-10895f513822,view,ELEC_009,0.0,2026-08-20T21:20:54.756312
f40f2fc0-4990-4c42-b190-23976cdaf79f,view,ELEC_001,0.0,2026-08-16 16:47:07.861492
540dfba9-6872-43b1-945d-a3584b72aa30,view,SPRT_026,0.0,2026-08-24T22:57:45.769361
151d1b6b-31e9-4c3a-98ee-7ebc527bc572,view,SPRT_015,0.0,2026-08-22 17:36:28.182613
ddc313fb-bc63-47e5-ac3f-b9d1d5a703a1,view,ELEC_029,0.0,2026-08-24 22:15:22.907711
151d1b6b-31e9-4c3a-98ee-7ebc527bc572,view,CLTH_015,0.0,2026-08-24T22:40:13.294985
ecef0a71-9256-43e0-bf92-91fc8ffffcf4,view,BOOK_016,0.0,2026-08-24 19:59:15.185143
50e381b2-5e82-4228-ba7a-86669f6ade13,cart,ELEC_019,289.56,2026-08-24T20:08:21.164711
1916909e-6c68-4b12-a792-b099fef763bb,view,CLTH_008,0.0,2026-08-16 10:46:25.778647
e04bc446-eef1-4a6c-bdd3-722ed841b5b0,view,CLTH_008,0.0,2026-08-24 21:52:25.827455
559449e8-4daf-4cae-863c-369e59d25d8b,view,CLTH_006,0.0,2026-08-23T19:45:57.486543
a8b5f893-6a56-4f9f-b429-038b5a69def7,view,CLTH_026,0.0,2026-08-24 20:09:57.107787
c9613b65-fafa-42cc-9af8-32f87936384f,cart,CLTH_006,212.71,2026-08-24T20:57:31.799900
e0fd2345-d654-4429-9d48-e2b1544bc0ee,view,SPRT_028,0.0,2026-08-19 23:35:10.458268
838d67a1-4adc-4bef-834d-defa67fe3762,view,FOOD_016,0.0,2026-08-24 23:02:49.509776
ddc313fb-bc63-47e5-ac3f-b9d1d5a703a1,view,CLTH_027,0.0,2026-08-24 21:31:12.293046
fcd6fe57-c144-4e2e-a82f-44cb7df85d3f,view,CLTH_029,0.0,2026-08-20 21:14:52.640549
838d67a1-4adc-4bef-834d-defa67fe3762,view,SPRT_013,0.0,2026-08-24 23:05:43.199660
103b446e-bac3-42b5-96ca-727662d099e1,view,ELEC_009,0.0,2026-08-24T21:46:22.890002
18af9202-01b4-42d9-a7a8-a3fd40d77ea7,view,FOOD_016,0.0,2026-08-24T22:04:14.455045
01c8f8b9-4fbf-44a7-8919-178beaceb074,view,SPRT_001,0.0,2026-08-23 19:45:28.523730
4bcc35c7-0c0f-40c6-81ef-9290c390c8ae,view,CLTH_011,0.0,2026-08-24T22:37:25.851592
204cd583-e18f-4356-afbd-560a95e5e55d,view,CLTH_020,0.0,2026-08-24T21:34:34.526916
9ea41e68-c710-4b07-b2ae-6bbf22342547,view,SPRT_030,0.0,2026-08-24T20:37:03.450326
a96f1d3a-763c-4bc2-9e7d-20d3463261d5,view,ELEC_013,0.0,2026-08-16T10:44:14.338453
5fd25fd1-437c-46b3-9a39-aa545fcef320,purchase,FOOD_026,110.18,2026-08-24 20:15:04.344969
807ffd32-2ef3-4a31-a89a-238c366b264b,view,CLTH_029,0.0,2026-08-24 23:04:25.275751
06ef8987-2209-4f91-b32e-b826d451f567,view,CLTH_029,0.0,2026-08-24T20:39:50.318638
fcdb2a08-2878-4a68-8159-6952bf2ae28f,view,BOOK_023,0.0,2026-08-22 17:46:06.152975
41a5862d-9a23-4007-82f3-890ced6bb4d9,cart,CLTH_013,214.37,2026-08-24T19:42:56.423874
e04bc446-eef1-4a6c-bdd3-722ed841b5b0,view,CLTH_026,0.0,2026-08-24 22:33:02.821742
e04bc446-eef1-4a6c-bdd3-722ed841b5b0,view,CLTH_017,0.0,2026-08-24 22:16:20.109018
13298c19-921e-4ab7-b2fe-45b88f1e8621,view,BOOK_013,0.0,2026-08-23 19:42:59.761238
3fb2fa2a-b4d2-485d-acd8-9cc11c7a142c,purchase,SPRT_001,295.26,2026-08-22T17:05:12.608114
a96f1d3a-763c-4bc2-9e7d-20d3463261d5,view,ELEC_006,0.0,2026-08-15 19:41:11.261388
670c5e97-9826-48dd-b633-24b0d0b347c1,view,FOOD_003,0.0,2026-08-20 22:00:52.232569
7cecad85-4914-4af5-863e-309987695976,view,CLTH_019,0.0,2026-08-24 21:43:14.793286
7cecad85-4914-4af5-863e-309987695976,view,CLTH_003,0.0,2026-08-24 22:25:14.045614
7a84b978-cc6b-49c8-8bba-b1f87d39615a,view,CLTH_024,0.0,2026-08-24 22:04:06.510971
e04bc446-eef1-4a6c-bdd3-722ed841b5b0,view,CLTH_026,0.0,2026-08-24 21:38:26.416130
a9924f59-2d8b-4172-8e44-ae16ad011154,purchase,SPRT_029,325.02,2026-08-16T16:45:58.966512
fbaa2ea2-fc17-4c57-98ac-31d261b20f90,view,BOOK_013,0.0,2026-08-20 21:28:23.235941
80a44646-6c7e-488e-8f96-dda9667f62bf,view,SPRT_029,0.0,2026-08-24 20:36:39.668005
3ad97fa8-650a-449e-819a-7461929db15a,view,FOOD_021,0.0,2026-08-24T21:38:32.055497
d6ea31f0-4a99-43ba-8364-82717218083c,cart,CLTH_004,215.22,2026-08-24T22:15:32.822607
23563557-5b65-4775-84d2-cd11d7916afb,cart,ELEC_006,640.51,2026-08-24T21:33:27.617564
1342dc6b-765d-46f2-b62a-ae0cc1bedb78,cart,SPRT_021,287.37,2026-08-24 21:53:22.086182
c32d47d5-9419-46e9-8af8-3ed6aa710c89,view,SPRT_011,0.0,2026-08-22 17:36:31.293743
559449e8-4daf-4cae-863c-369e59d25d8b,cart,FOOD_015,63.77,2026-08-20T21:10:31.711623
80a44646-6c7e-488e-8f96-dda9667f62bf,view,BOOK_025,0.0,2026-08-24 20:57:26.795962
fad4b01a-17f0-4665-bba4-9d851ec619c6,view,CLTH_003,0.0,2026-08-28 18:05:10.512430
544c32f4-a10e-44ff-a0d5-6f8b523e593a,view,SPRT_006,0.0,2026-08-23T19:57:10.844146
097603f7-ef8e-4380-83ce-337ce6b52a59,purchase,SPRT_009,276.61,2026-08-24 21:53:54.977756
5fd25fd1-437c-46b3-9a39-aa545fcef320,cart,FOOD_025,63.08,2026-08-24 20:33:57.621005
65c76bd2-c4c5-4ead-bb07-d1518810d424,view,CLTH_030,0.0,2026-08-24 20:17:43.552690
b43786c5-4ef6-4017-a344-22b26bcbd3c5,cart,SPRT_010,107.42,2026-08-24 20:52:51.743107
cfbb7b9b-061e-4731-bff1-1ae6f010648a,cart,BOOK_004,9.17,2026-08-24 07:51:55.859381
1342dc6b-765d-46f2-b62a-ae0cc1bedb78,view,SPRT_013,0.0,2026-08-24 22:15:14.209349
a4dbcca0-eaa3-4f6a-91d1-a92bc00a2c19,view,SPRT_013,0.0,2026-08-24 20:54:40.754488
c56998f4-a438-484c-8b0c-b80c399f6fcd,view,BOOK_029,0.0,2026-08-24 20:23:54.683621
41a5862d-9a23-4007-82f3-890ced6bb4d9,view,CLTH_027,0.0,2026-08-24T20:07:41.807618
d06247ce-154f-44d2-a431-0e6def01535f,purchase,CLTH_002,157.4,2026-08-24 21:28:42.808645
fc029a04-be52-486b-8b8f-0f1b173d81fb,view,SPRT_014,0.0,2026-08-18 19:16:47.479065
b2494169-7cd1-450a-9a6a-5bd5ce40d2fb,cart,ELEC_005,484.71,2026-08-24 22:38:13.321080
559449e8-4daf-4cae-863c-369e59d25d8b,view,FOOD_013,0.0,2026-08-24T21:43:37.094342
b3b7ea67-75e4-433b-a906-fd0202ed49b3,view,ELEC_007,0.0,2026-08-20 21:33:50.873624
28dee375-acb0-4efe-91a1-27bd967ca56b,view,CLTH_025,0.0,2026-08-22 17:52:23.959978
8b84f738-d1da-49a1-8b35-7f03cd7992a8,view,ELEC_014,0.0,2026-08-24T21:18:56.778648
acececef-4ab4-44e7-8ba4-dc1b3db1b57b,view,FOOD_005,0.0,2026-08-24T21:48:36.827943
097603f7-ef8e-4380-83ce-337ce6b52a59,cart,BOOK_016,54.92,2026-08-24 22:31:13.252072
fb5c4430-55ab-46c5-9e83-bae524560811,view,FOOD_002,0.0,2026-08-24 19:34:51.218696
17bb18d0-1b6c-4045-9b62-754e463aabd2,view,ELEC_013,0.0,2026-08-28 18:10:51.442874
65c76bd2-c4c5-4ead-bb07-d1518810d424,view,FOOD_007,0.0,2026-08-24 20:40:34.381764
0edab1bf-3255-4636-8c77-d72d54ebaa4a,purchase,BOOK_023,32.16,2026-08-18 19:11:36.202979
37d1bc22-ec4f-4251-96d1-dbe0703942a7,view,BOOK_016,0.0,2026-08-19 23:27:55.983451
0a2f3d10-ae64-4472-a673-478e6650e204,view,FOOD_027,0.0,2026-08-16 16:35:42.652782
9f729b04-6f80-4dae-9824-921396cc0ee2,view,BOOK_014,0.0,2026-08-24 20:30:10.188485
796609d9-7739-4166-ab01-9a72c52c20a7,cart,CLTH_008,144.49,2026-08-24T20:53:42.932252
dd0c2035-e21b-4a2f-aa23-2bb8b37e125d,cart,ELEC_002,807.77,2026-08-23T19:42:50.096238
66f9e642-1674-468a-884b-55c6f9a06472,view,SPRT_023,0.0,2026-08-24T23:21:39.175290
5fd25fd1-437c-46b3-9a39-aa545fcef320,view,ELEC_011,0.0,2026-08-24T21:36:13.915791
d83aca8e-5d41-4fc0-992e-a9dc27732931,view,ELEC_011,0.0,2026-08-24T21:08:35.207504
b92588da-f188-45e0-9358-9c955d88bc5a,view,SPRT_018,0.0,2026-08-20 21:14:50.262668
07e00408-a9f3-4a26-bb10-653e27ee1d69,view,CLTH_001,0.0,2026-08-24 22:53:07.395018
80fc42f8-36e7-494e-ab68-ae41fa2c75c1,cart,BOOK_017,52.89,2026-08-20 21:16:27.925011
af8c3802-1e97-4ac1-a05e-a064dc9a598f,view,SPRT_011,0.0,2026-08-23T19:35:29.020676
c6b1433c-fd3a-4b37-a002-e3213ac67574,view,FOOD_028,0.0,2026-08-24 21:39:51.546774
e2c33043-9769-445e-bba4-3c9295d886e7,view,CLTH_004,0.0,2026-08-24T19:50:15.406746
65c76bd2-c4c5-4ead-bb07-d1518810d424,view,CLTH_014,0.0,2026-08-24 20:25:06.531988
e04bc446-eef1-4a6c-bdd3-722ed841b5b0,view,CLTH_025,0.0,2026-08-24 21:38:26.502894
f0bd94bc-247d-45cf-84f6-c5509dc870cc,view,BOOK_018,0.0,2026-08-28T18:08:05.214881
f11171cf-dcb7-41e6-88b3-5078456085ff,view,BOOK_008,0.0,2026-08-18 18:49:58.548740
ddc313fb-bc63-47e5-ac3f-b9d1d5a703a1,view,CLTH_014,0.0,2026-08-24 23:22:50.215832
a9924f59-2d8b-4172-8e44-ae16ad011154,cart,BOOK_016,10.18,2026-08-16 10:34:29.544518
caf220a7-85eb-4fa4-a33b-8c246570b167,view,BOOK_030,0.0,2026-08-16T16:41:23.570057
97fbfdf2-f064-4feb-aa62-d6344df19395,view,ELEC_006,0.0,2026-08-16 10:35:28.687345
97fbfdf2-f064-4feb-aa62-d6344df19395,view,ELEC_015,0.0,2026-08-16 10:33:00.333084
ecfd2d5f-00a3-4a3d-b1c2-0612a3c54210,view,BOOK_025,0.0,2026-08-28T18:10:22.608325
b8a5374c-c93d-4c0c-83c8-6ecb467838ed,view,ELEC_015,0.0,2026-08-16 16:41:21.896280
b3b7ea67-75e4-433b-a906-fd0202ed49b3,view,ELEC_008,0.0,2026-08-20 21:47:19.736348
28dee375-acb0-4efe-91a1-27bd967ca56b,cart,BOOK_017,17.42,2026-08-24T21:55:54.339211
0499cbb0-f1ab-4ff4-bdac-9b47815a9b3a,view,CLTH_008,0.0,2026-08-23 19:49:26.861016
8afb9663-be21-47d5-b7bf-d549285fa584,view,ELEC_029,0.0,2026-08-16 10:29:18.339212
fc663667-5a7c-4583-8210-a39d89c8784d,cart,CLTH_027,115.16,2026-08-22T17:13:45.282443
b4508ad1-61c3-4913-9b0d-9e62d1e31a6c,view,CLTH_026,0.0,2026-08-16 16:47:20.641204
e04bc446-eef1-4a6c-bdd3-722ed841b5b0,view,ELEC_010,0.0,2026-08-24 21:41:50.091647
77fd67f5-d25c-4143-8bfe-91b94df193e1,view,ELEC_023,0.0,2026-08-18 19:15:08.981816
a8b5f893-6a56-4f9f-b429-038b5a69def7,view,FOOD_019,0.0,2026-08-24T21:46:56.157948
fcdb2a08-2878-4a68-8159-6952bf2ae28f,view,CLTH_010,0.0,2026-08-24T19:55:27.567865
e7011402-63aa-4b75-87a9-67546325bcab,cart,CLTH_021,26.73,2026-08-24 22:15:29.605263
e6b69773-e22a-4015-9c79-bca0c2f25059,view,ELEC_024,0.0,2026-08-28 18:14:49.890448
a169dc99-f3d9-4a6d-be74-c528e84e184c,cart,ELEC_002,556.81,2026-08-22T17:05:15.166685
ddc313fb-bc63-47e5-ac3f-b9d1d5a703a1,view,CLTH_029,0.0,2026-08-24 22:10:13.587588
06ef8987-2209-4f91-b32e-b826d451f567,view,SPRT_022,0.0,2026-08-20T21:18:47.149565
7cecad85-4914-4af5-863e-309987695976,cart,CLTH_024,26.56,2026-08-24 22:24:22.072131
838d67a1-4adc-4bef-834d-defa67fe3762,view,FOOD_009,0.0,2026-08-24 21:45:59.825798
fb5c4430-55ab-46c5-9e83-bae524560811,view,SPRT_029,0.0,2026-08-24T20:28:51.337906
ab5beedd-73b7-43f0-8900-2fda346c8941,view,CLTH_016,0.0,2026-08-24T21:29:39.354814
8de7eb13-8152-4611-a515-17ecfec46828,view,CLTH_024,0.0,2026-08-23T19:34:25.568485
23563557-5b65-4775-84d2-cd11d7916afb,view,FOOD_012,0.0,2026-08-23T19:35:59.902202
65c76bd2-c4c5-4ead-bb07-d1518810d424,cart,ELEC_017,370.9,2026-08-24 21:03:45.279510
7e12728f-8e77-4093-b21e-7650a323fb12,purchase,SPRT_005,459.68,2026-08-24 21:43:19.646115
acececef-4ab4-44e7-8ba4-dc1b3db1b57b,view,CLTH_020,0.0,2026-08-19 23:29:39.224861
e04bc446-eef1-4a6c-bdd3-722ed841b5b0,view,CLTH_015,0.0,2026-08-24 21:28:13.693218
acececef-4ab4-44e7-8ba4-dc1b3db1b57b,view,CLTH_011,0.0,2026-08-19 23:25:25.536223
c4713941-ca5c-48bf-b915-cdf679cdff13,view,FOOD_009,0.0,2026-08-20 21:55:03.694779
79486124-ceb2-4f91-bf0f-378b69ecb64c,view,FOOD_030,0.0,2026-08-24T20:01:43.412841
a8b5f893-6a56-4f9f-b429-038b5a69def7,cart,BOOK_025,15.24,2026-08-24T21:14:43.101803
204cd583-e18f-4356-afbd-560a95e5e55d,view,CLTH_026,0.0,2026-08-24 19:47:35.519113
45be79ad-8040-4559-be25-1a4737d5bdec,view,SPRT_019,0.0,2026-08-24T20:25:00.507343
0d5c42ed-4461-4096-8503-c9de6cbe237f,purchase,CLTH_019,158.69,2026-08-16 16:35:30.926962
66f9e642-1674-468a-884b-55c6f9a06472,view,SPRT_010,0.0,2026-08-23T20:01:33.776289
e9af50c7-3916-48bf-9def-f8eae8db79ee,view,BOOK_007,0.0,2026-08-24 19:49:55.238253
66f9e642-1674-468a-884b-55c6f9a06472,view,ELEC_023,0.0,2026-08-24T21:08:36.867683
8648af4d-7a61-4fed-84ea-10895f513822,view,BOOK_007,0.0,2026-08-22T17:06:23.444323
718814b5-9a30-4643-8cfb-a460a60999ba,purchase,CLTH_003,108.37,2026-08-24 19:58:51.763730
19c40797-1cb3-4b73-8f5c-c71e4d1bd83c,purchase,BOOK_009,24.08,2026-08-24 07:50:13.675744
e04bc446-eef1-4a6c-bdd3-722ed841b5b0,view,BOOK_010,0.0,2026-08-24 21:38:31.143197
ecef0a71-9256-43e0-bf92-91fc8ffffcf4,cart,CLTH_026,71.8,2026-08-24 21:08:43.208340
90d1b635-2c2c-4335-a6a6-3088257c3e28,view,ELEC_021,0.0,2026-08-24T20:32:06.209938
e0cac62b-7a87-44bb-8198-dd96bc7eb6ae,view,FOOD_024,0.0,2026-08-20 21:38:15.637512
18af9202-01b4-42d9-a7a8-a3fd40d77ea7,view,ELEC_015,0.0,2026-08-24T20:32:43.789539
2531c3a7-f6d1-496c-8395-187ec22b1cf3,view,ELEC_011,0.0,2026-08-28T18:18:20.468749
c8dffba8-f979-4950-9e7a-d9a5f39abcf6,view,BOOK_009,0.0,2026-08-23 19:36:54.690145
e3576704-b8db-4482-a571-018fedb94275,view,CLTH_012,0.0,2026-08-18T18:58:46.427759
a6a3df8c-d39a-4527-8306-9fc8f5e2ac32,view,FOOD_010,0.0,2026-08-16 10:36:29.097237
acececef-4ab4-44e7-8ba4-dc1b3db1b57b,view,CLTH_026,0.0,2026-08-19 23:32:19.370147
3eae1b1f-da2f-40b7-883b-ad6d9a3673eb,view,CLTH_015,0.0,2026-08-24 22:38:52.826743
28dee375-acb0-4efe-91a1-27bd967ca56b,view,CLTH_008,0.0,2026-08-22 17:36:18.512093
b42cbda4-175b-43b3-b494-d6e9be8d779f,purchase,ELEC_020,282.78,2026-08-24T21:37:53.847627
e3576704-b8db-4482-a571-018fedb94275,view,CLTH_028,0.0,2026-08-16 16:40:38.167037
53cf9005-c315-44bf-8b90-ee836dc0ab1f,purchase,CLTH_028,61.17,2026-08-23 19:38:25.730500
45be79ad-8040-4559-be25-1a4737d5bdec,view,ELEC_013,0.0,2026-08-24 19:57:06.067833
9f5699e8-c821-4444-b570-668a4eedcb12,cart,SPRT_005,239.94,2026-08-20T21:24:34.911442
9f5699e8-c821-4444-b570-668a4eedcb12,cart,BOOK_011,38.86,2026-08-24T19:45:02.331900
fad4b01a-17f0-4665-bba4-9d851ec619c6,view,CLTH_006,0.0,2026-08-28 18:16:18.873731
aaaa38a6-7d37-4a0f-a0ae-a18daa98f586,view,FOOD_024,0.0,2026-08-22T17:08:33.013375
09abfce0-670c-4c5a-80ae-bc4f39aa0796,view,CLTH_020,0.0,2026-08-28 18:09:27.479324
e7011402-63aa-4b75-87a9-67546325bcab,cart,CLTH_029,77.97,2026-08-24 22:01:10.958678
ecef0a71-9256-43e0-bf92-91fc8ffffcf4,cart,SPRT_023,257.52,2026-08-24 19:58:11.262921
fc663667-5a7c-4583-8210-a39d89c8784d,view,SPRT_020,0.0,2026-08-18 19:05:49.863537
16a45d1c-fcb0-44ee-be9c-1c14c693e1c8,view,CLTH_024,0.0,2026-08-24 20:18:15.760964
7e12728f-8e77-4093-b21e-7650a323fb12,view,CLTH_025,0.0,2026-08-24 23:05:42.866799
8648af4d-7a61-4fed-84ea-10895f513822,view,SPRT_021,0.0,2026-08-24T23:14:03.812395
a9ef0f29-d39b-4e19-9e9d-76779cf2469d,cart,FOOD_029,41.55,2026-08-24T21:11:00.590605
e352f24e-22e8-4012-a195-24367d88715a,cart,CLTH_014,126.01,2026-08-24 20:50:10.256997
b3b7ea67-75e4-433b-a906-fd0202ed49b3,view,SPRT_030,0.0,2026-08-23T19:58:21.034018
0e5061dd-6477-4b0b-baf1-80f9eca14fcd,view,ELEC_005,0.0,2026-08-19 23:35:33.539827
1a57d526-e419-4985-b2c6-65d021f92488,view,CLTH_019,0.0,2026-08-20 21:52:44.549703
d37ca1f9-a758-4fcd-abd0-8a4b28290823,view,ELEC_006,0.0,2026-08-22 17:41:09.674197
526d498e-a082-48f3-8f21-d37077e1d332,cart,CLTH_018,178.31,2026-08-28T18:11:43.834660
28dee375-acb0-4efe-91a1-27bd967ca56b,view,CLTH_023,0.0,2026-08-24T20:46:28.549886
80a44646-6c7e-488e-8f96-dda9667f62bf,view,BOOK_026,0.0,2026-08-24 20:31:22.746093
c6b1433c-fd3a-4b37-a002-e3213ac67574,cart,FOOD_023,92.87,2026-08-24T21:29:39.614574
3c8208eb-982f-4c25-aeb6-1d676d8c95fd,purchase,CLTH_006,190.34,2026-08-20 21:42:26.304683
8c1f2c4f-fcb2-4456-8fb7-b41a9931e230,view,CLTH_029,0.0,2026-08-20 21:11:00.069317
4fbb190d-1568-458c-b8c1-a45d7ea6f67d,cart,FOOD_025,74.76,2026-08-24T21:11:03.259545
204cd583-e18f-4356-afbd-560a95e5e55d,view,CLTH_026,0.0,2026-08-24 19:50:19.626592
7e12728f-8e77-4093-b21e-7650a323fb12,view,SPRT_025,0.0,2026-08-24 21:43:19.545195
796609d9-7739-4166-ab01-9a72c52c20a7,view,BOOK_004,0.0,2026-08-23 19:41:50.968511
07974040-0d6e-4dd2-a06d-09236cb2f439,view,FOOD_015,0.0,2026-08-24 21:45:08.382646
0499cbb0-f1ab-4ff4-bdac-9b47815a9b3a,cart,BOOK_024,49.39,2026-08-24T19:54:25.559696
af8c3802-1e97-4ac1-a05e-a064dc9a598f,view,CLTH_004,0.0,2026-08-18 18:51:08.233514
fc18b9b9-0790-45c2-9bd4-39c8c166b7ff,view,ELEC_005,0.0,2026-08-24T22:09:13.719735
1342dc6b-765d-46f2-b62a-ae0cc1bedb78,view,ELEC_004,0.0,2026-08-24 23:07:44.422361
85a19fd8-54ae-4ace-a4dc-55c4ce3993ce,view,BOOK_018,0.0,2026-08-24 21:29:21.581484
0f4db5c7-beaf-4757-b8cf-f156b73fe4d5,view,SPRT_014,0.0,2026-08-20 21:49:38.362424
ecef0a71-9256-43e0-bf92-91fc8ffffcf4,view,ELEC_002,0.0,2026-08-24 20:05:20.179613
3fb2fa2a-b4d2-485d-acd8-9cc11c7a142c,view,SPRT_002,0.0,2026-08-19 23:33:58.904642
e7011402-63aa-4b75-87a9-67546325bcab,view,CLTH_029,0.0,2026-08-24 22:39:42.609787
838d67a1-4adc-4bef-834d-defa67fe3762,purchase,BOOK_017,74.46,2026-08-24 22:11:03.631311
80a44646-6c7e-488e-8f96-dda9667f62bf,view,BOOK_002,0.0,2026-08-24 20:37:07.004327
db7f8eee-9b64-455b-9ada-7be2b9d2a40c,view,FOOD_030,0.0,2026-08-16T10:37:38.559428
a9924f59-2d8b-4172-8e44-ae16ad011154,view,SPRT_007,0.0,2026-08-24T21:49:12.682693
66f9e642-1674-468a-884b-55c6f9a06472,view,CLTH_002,0.0,2026-08-20T21:42:38.175058
6c42b183-6d7f-4eed-9a19-89815e3d0919,view,FOOD_025,0.0,2026-08-24 23:03:50.393299
c6da6198-1302-4f3b-98d8-59f524206a5a,view,CLTH_009,0.0,2026-08-24 20:27:48.116060
06ef8987-2209-4f91-b32e-b826d451f567,view,SPRT_011,0.0,2026-08-24T22:51:26.273044
2de07fdd-8b53-4691-a8aa-c355b7716a3e,view,CLTH_021,0.0,2026-08-18 18:54:59.334554
e3576704-b8db-4482-a571-018fedb94275,purchase,SPRT_029,267.59,2026-08-20T21:35:31.617911
d37ca1f9-a758-4fcd-abd0-8a4b28290823,purchase,FOOD_015,22.93,2026-08-24T20:10:01.256598
b4a0963f-da4e-401b-b39a-2668f972529c,view,SPRT_003,0.0,2026-08-24 20:37:54.669255
1342dc6b-765d-46f2-b62a-ae0cc1bedb78,view,SPRT_016,0.0,2026-08-24 22:30:23.033936
d06247ce-154f-44d2-a431-0e6def01535f,view,BOOK_030,0.0,2026-08-24 21:33:11.795737
ecef0a71-9256-43e0-bf92-91fc8ffffcf4,view,CLTH_007,0.0,2026-08-24 20:26:06.106749
6c42b183-6d7f-4eed-9a19-89815e3d0919,view,ELEC_027,0.0,2026-08-24 22:06:07.281566
ecb51178-8afe-4ba9-bd61-87e0a416554b,purchase,ELEC_030,486.04,2026-08-18 19:21:16.969491
07e00408-a9f3-4a26-bb10-653e27ee1d69,view,CLTH_012,0.0,2026-08-24 21:40:44.537156
79486124-ceb2-4f91-bf0f-378b69ecb64c,cart,ELEC_011,399.09,2026-08-22 17:25:26.904279
d572cc22-f568-4269-a4ca-75bae22243da,purchase,CLTH_028,245.26,2026-08-20 21:47:31.121383
aaf98546-9399-431c-890b-576fa08abac0,view,FOOD_018,0.0,2026-08-20 21:26:07.344648
3eae1b1f-da2f-40b7-883b-ad6d9a3673eb,view,CLTH_011,0.0,2026-08-24 21:51:53.684310
0e5061dd-6477-4b0b-baf1-80f9eca14fcd,view,SPRT_013,0.0,2026-08-19 23:33:07.017824
6c42b183-6d7f-4eed-9a19-89815e3d0919,view,ELEC_022,0.0,2026-08-24 22:26:00.756885
b8626474-9939-4b22-b12e-52c5f4b4739c,view,ELEC_008,0.0,2026-08-18 19:05:11.573906
b2494169-7cd1-450a-9a6a-5bd5ce40d2fb,cart,BOOK_025,32.19,2026-08-24 22:08:58.950034
8648af4d-7a61-4fed-84ea-10895f513822,view,ELEC_029,0.0,2026-08-20 21:10:23.504479
e0fd2345-d654-4429-9d48-e2b1544bc0ee,view,FOOD_005,0.0,2026-08-19 23:32:23.144294
65c76bd2-c4c5-4ead-bb07-d1518810d424,view,CLTH_024,0.0,2026-08-24 19:43:22.199603
06ef8987-2209-4f91-b32e-b826d451f567,view,CLTH_017,0.0,2026-08-18 19:03:49.649645
e7011402-63aa-4b75-87a9-67546325bcab,view,ELEC_009,0.0,2026-08-28T18:09:13.063657
13298c19-921e-4ab7-b2fe-45b88f1e8621,purchase,ELEC_027,798.51,2026-08-24T20:13:55.075193
8648af4d-7a61-4fed-84ea-10895f513822,view,BOOK_023,0.0,2026-08-24T22:33:26.661007
d572cc22-f568-4269-a4ca-75bae22243da,cart,CLTH_010,141.15,2026-08-20 21:39:39.312389
7cecad85-4914-4af5-863e-309987695976,view,CLTH_002,0.0,2026-08-24 22:33:36.802648
103b446e-bac3-42b5-96ca-727662d099e1,view,BOOK_001,0.0,2026-08-24T21:37:19.653125
c6da6198-1302-4f3b-98d8-59f524206a5a,view,CLTH_027,0.0,2026-08-24T21:04:09.928246
097603f7-ef8e-4380-83ce-337ce6b52a59,view,BOOK_021,0.0,2026-08-24 23:14:07.059941
64e03740-f8e2-4f17-a9d2-9dd1950f9c9f,view,FOOD_003,0.0,2026-08-28 18:10:10.530682
e7011402-63aa-4b75-87a9-67546325bcab,view,ELEC_017,0.0,2026-08-24T22:55:21.966922
e04bc446-eef1-4a6c-bdd3-722ed841b5b0,view,CLTH_002,0.0,2026-08-24 22:24:08.363351
fc18b9b9-0790-45c2-9bd4-39c8c166b7ff,view,BOOK_002,0.0,2026-08-16 10:33:27.706179
2de07fdd-8b53-4691-a8aa-c355b7716a3e,cart,SPRT_021,390.47,2026-08-28T18:08:39.024234
204cd583-e18f-4356-afbd-560a95e5e55d,cart,CLTH_027,102.51,2026-08-24 20:29:11.766162
fb452d33-32d2-4fc8-a50d-278f74455526,view,BOOK_027,0.0,2026-08-24T21:40:18.228993
d30fc382-e140-48b8-8038-bd17100271c2,cart,ELEC_016,252.8,2026-08-22 17:26:09.138537
c6da6198-1302-4f3b-98d8-59f524206a5a,view,CLTH_020,0.0,2026-08-24 20:23:11.147970
27a943f0-74c1-47d4-a697-2bf5d20625d8,cart,ELEC_019,109.73,2026-08-24 19:55:48.448798
c4713941-ca5c-48bf-b915-cdf679cdff13,view,ELEC_030,0.0,2026-08-20 22:01:04.528476
45be79ad-8040-4559-be25-1a4737d5bdec,purchase,FOOD_009,33.06,2026-08-24 20:35:19.109305
d30fc382-e140-48b8-8038-bd17100271c2,cart,CLTH_020,24.63,2026-08-22 17:42:35.233015
1342dc6b-765d-46f2-b62a-ae0cc1bedb78,view,FOOD_030,0.0,2026-08-24 22:38:12.281199
151d1b6b-31e9-4c3a-98ee-7ebc527bc572,cart,CLTH_016,186.18,2026-08-23T19:57:11.762509
61887664-7787-4a05-aa10-f242d15e7b6f,view,SPRT_001,0.0,2026-08-22 17:52:25.109837
d13300b8-b21a-4b42-b229-1237697e4e3f,view,BOOK_019,0.0,2026-08-15 19:46:14.606735
c6da6198-1302-4f3b-98d8-59f524206a5a,view,FOOD_013,0.0,2026-08-28T18:25:32.600884
15371891-3d67-4bbe-a227-0aa843960503,view,CLTH_026,0.0,2026-08-24T23:12:14.562310
c32d47d5-9419-46e9-8af8-3ed6aa710c89,view,SPRT_027,0.0,2026-08-22 18:00:16.072254
b4a0963f-da4e-401b-b39a-2668f972529c,view,SPRT_010,0.0,2026-08-24 20:46:51.198485
50e381b2-5e82-4228-ba7a-86669f6ade13,view,ELEC_016,0.0,2026-08-24T19:45:33.915689
5ecfc98a-922a-4821-a19c-74739ea9d49c,purchase,CLTH_004,213.5,2026-08-24 22:50:10.701062
807ffd32-2ef3-4a31-a89a-238c366b264b,view,CLTH_027,0.0,2026-08-24 22:33:42.197948
911f18bb-7379-4bbe-b85b-b8bf25af64bf,view,CLTH_007,0.0,2026-08-18 19:16:01.322496
a4dbcca0-eaa3-4f6a-91d1-a92bc00a2c19,view,CLTH_006,0.0,2026-08-24 19:48:42.146709
8889c320-1f19-4bac-9c31-b9218acbf5b5,view,ELEC_021,0.0,2026-08-24 21:27:44.968780
2989c566-bd71-49e2-8d10-a60c615ee48b,view,SPRT_026,0.0,2026-08-23 19:42:58.362350
a3414eda-0341-4e0d-b3fa-5e873248b36a,view,ELEC_022,0.0,2026-08-16 10:42:51.084351
eedeb7be-443c-4607-a98b-a6928f11d578,view,BOOK_025,0.0,2026-08-22 17:38:09.193015
e04bc446-eef1-4a6c-bdd3-722ed841b5b0,view,CLTH_020,0.0,2026-08-24 22:55:04.908780
e9af50c7-3916-48bf-9def-f8eae8db79ee,purchase,BOOK_017,41.55,2026-08-24 20:31:26.365223
b92588da-f188-45e0-9358-9c955d88bc5a,view,SPRT_015,0.0,2026-08-20 21:23:45.893982
d8955fd2-ab39-4aaa-aa00-af2f627b88eb,cart,CLTH_013,156.01,2026-08-16T16:40:53.270057
fc18b9b9-0790-45c2-9bd4-39c8c166b7ff,view,ELEC_004,0.0,2026-08-16 10:44:21.230807
2123f5ae-14df-4e5d-92db-1157b83c002d,cart,ELEC_012,537.88,2026-08-24T20:08:17.993984
2ffbf70c-49e4-4889-96a4-7e733e8cf796,view,SPRT_016,0.0,2026-08-24T22:55:57.475008
718814b5-9a30-4643-8cfb-a460a60999ba,view,CLTH_023,0.0,2026-08-24 20:03:15.227793
b4a0963f-da4e-401b-b39a-2668f972529c,cart,SPRT_028,170.3,2026-08-24 20:04:43.835635
d0ee500b-2986-4393-8222-e3a34f6829c5,view,CLTH_026,0.0,2026-08-22 17:50:28.889158
3a163339-db2f-495c-b9bd-a2c97e622b2d,cart,SPRT_014,295.98,2026-08-24 22:02:16.051742
fb452d33-32d2-4fc8-a50d-278f74455526,purchase,ELEC_005,594.25,2026-08-20 21:34:58.735663
8c9bf60c-9d81-434e-9a6f-73c2800925e8,view,BOOK_016,0.0,2026-08-28T18:08:05.206218
acececef-4ab4-44e7-8ba4-dc1b3db1b57b,view,BOOK_024,0.0,2026-08-24T21:31:46.475706
fbc03b87-c84c-4ae3-872c-c3f001033c41,purchase,SPRT_027,157.98,2026-08-24T20:25:02.062752
c6da6198-1302-4f3b-98d8-59f524206a5a,cart,CLTH_010,70.22,2026-08-24 21:21:05.855452
7cbfa99b-31eb-437d-b4e9-d5c1212be9ff,view,CLTH_016,0.0,2026-08-20T21:18:15.621805
45be79ad-8040-4559-be25-1a4737d5bdec,view,FOOD_025,0.0,2026-08-24 21:05:27.641283
fb452d33-32d2-4fc8-a50d-278f74455526,view,FOOD_003,0.0,2026-08-20T21:36:32.746525
07e00408-a9f3-4a26-bb10-653e27ee1d69,purchase,SPRT_026,104.12,2026-08-24 21:48:02.845792
a36f04ce-4f5a-4641-8208-bc26f0f0be59,view,FOOD_013,0.0,2026-08-24T22:10:59.991867
acececef-4ab4-44e7-8ba4-dc1b3db1b57b,view,BOOK_005,0.0,2026-08-19 23:24:37.087553
a3414eda-0341-4e0d-b3fa-5e873248b36a,cart,ELEC_003,326.06,2026-08-16 10:34:04.640749
6faa3f2f-4722-4384-8e2e-1ba697d518a4,view,ELEC_011,0.0,2026-08-18 18:45:31.860959
23563557-5b65-4775-84d2-cd11d7916afb,view,SPRT_027,0.0,2026-08-20 21:13:15.265026
6a581879-1f83-493a-9878-091eb0021ada,purchase,SPRT_013,116.55,2026-08-24 07:51:24.296930
dca944a7-0934-422f-a615-4a2ae9dbac65,view,BOOK_020,0.0,2026-08-18 19:13:45.104145
135f437d-fdab-4c6d-bf9d-2b0db016f5c0,view,CLTH_007,0.0,2026-08-28 18:17:51.107324
46b4a363-670a-4824-bdea-bffd85562f0b,view,BOOK_009,0.0,2026-08-18 19:07:24.368877
79486124-ceb2-4f91-bf0f-378b69ecb64c,view,CLTH_026,0.0,2026-08-24T20:13:20.245322
7cecad85-4914-4af5-863e-309987695976,view,CLTH_015,0.0,2026-08-24 22:23:17.868782
b2b6e8f7-a7a2-4a38-8be3-f154118f5196,cart,ELEC_026,411.72,2026-08-24T21:08:36.907008
f40f2fc0-4990-4c42-b190-23976cdaf79f,view,ELEC_013,0.0,2026-08-16 16:43:10.690100
d9c0cd62-7da2-407f-b24f-c9887c0b8ae6,view,FOOD_010,0.0,2026-08-18T18:50:20.758615
16a45d1c-fcb0-44ee-be9c-1c14c693e1c8,view,CLTH_023,0.0,2026-08-24 19:47:00.467666
aaaa38a6-7d37-4a0f-a0ae-a18daa98f586,view,SPRT_007,0.0,2026-08-16 16:43:43.732765
eba03b4f-7d0a-498d-a823-db63123d559a,view,FOOD_006,0.0,2026-08-19 23:22:46.862462
91ae5c3f-4264-4360-a916-6cbaf031afdf,view,FOOD_027,0.0,2026-08-28 18:11:36.191888
07974040-0d6e-4dd2-a06d-09236cb2f439,cart,FOOD_001,68.23,2026-08-24 22:37:36.736660
a5184ecf-8473-4c68-a33b-f6c956626ce8,cart,BOOK_019,28.75,2026-08-24T19:43:27.876945
3c8208eb-982f-4c25-aeb6-1d676d8c95fd,view,BOOK_023,0.0,2026-08-24T20:54:15.118486
8c9bf60c-9d81-434e-9a6f-73c2800925e8,view,FOOD_009,0.0,2026-08-16 10:41:59.584062
7973f2a9-cd05-4d96-a6a3-b5bcbfe5a807,view,CLTH_030,0.0,2026-08-24 19:42:45.979323
bd22f4c4-5268-45d9-9243-8d72683946f2,view,FOOD_029,0.0,2026-08-28T18:25:35.277763
b43786c5-4ef6-4017-a344-22b26bcbd3c5,purchase,SPRT_011,359.77,2026-08-24 19:34:24.908811
7c876903-8503-4e64-91da-9f12ea161fac,purchase,ELEC_014,259.73,2026-08-24 22:06:40.932472
6c42b183-6d7f-4eed-9a19-89815e3d0919,view,ELEC_003,0.0,2026-08-24 22:28:59.698326
b4a0963f-da4e-401b-b39a-2668f972529c,view,SPRT_017,0.0,2026-08-24 21:18:25.494207
1342dc6b-765d-46f2-b62a-ae0cc1bedb78,view,SPRT_013,0.0,2026-08-24 22:52:44.399325
3ad97fa8-650a-449e-819a-7461929db15a,view,CLTH_027,0.0,2026-08-24T20:11:43.041064
caf220a7-85eb-4fa4-a33b-8c246570b167,view,ELEC_021,0.0,2026-08-18T19:21:31.116177
9ea41e68-c710-4b07-b2ae-6bbf22342547,view,BOOK_014,0.0,2026-08-16 10:42:09.865390
9f729b04-6f80-4dae-9824-921396cc0ee2,view,BOOK_011,0.0,2026-08-24 20:03:06.485085
7533f6a3-2d5e-454c-a7d4-5a213a566a6a,view,FOOD_005,0.0,2026-08-24T20:03:16.594651
18af9202-01b4-42d9-a7a8-a3fd40d77ea7,view,FOOD_029,0.0,2026-08-20T22:03:06.146321
abdf77fe-de5b-4e52-955c-aeb34086fb6c,purchase,FOOD_027,57.52,2026-08-24T22:50:19.437990
204cd583-e18f-4356-afbd-560a95e5e55d,view,CLTH_021,0.0,2026-08-24 19:40:28.491272
14652829-4c93-49cc-ac11-1084b352dbf8,view,SPRT_026,0.0,2026-08-24 22:31:19.455421
c6b1433c-fd3a-4b37-a002-e3213ac67574,view,FOOD_007,0.0,2026-08-24 21:48:47.328099
acececef-4ab4-44e7-8ba4-dc1b3db1b57b,cart,FOOD_015,55.45,2026-08-24T21:11:05.305902
4af16b18-bb80-4ce1-83fd-eeced79f6030,view,FOOD_021,0.0,2026-08-16 16:50:08.561218
a5184ecf-8473-4c68-a33b-f6c956626ce8,view,BOOK_014,0.0,2026-08-22 17:05:28.982241
7a84b978-cc6b-49c8-8bba-b1f87d39615a,view,CLTH_005,0.0,2026-08-24 23:04:57.569224
c8dffba8-f979-4950-9e7a-d9a5f39abcf6,purchase,BOOK_015,56.08,2026-08-23 19:33:31.811627
3cd39961-1811-4043-81ca-ab2b96896334,view,SPRT_022,0.0,2026-08-20T21:43:40.537693
9f729b04-6f80-4dae-9824-921396cc0ee2,view,BOOK_018,0.0,2026-08-24 20:30:10.439688
807ffd32-2ef3-4a31-a89a-238c366b264b,view,CLTH_016,0.0,2026-08-24 22:08:27.171997
a3634e75-35f0-488a-8732-1b93cdcb1099,view,BOOK_014,0.0,2026-08-18 19:01:11.809817
27a943f0-74c1-47d4-a697-2bf5d20625d8,view,CLTH_020,0.0,2026-08-24 20:08:00.932185
559449e8-4daf-4cae-863c-369e59d25d8b,view,ELEC_006,0.0,2026-08-20T21:58:57.994032
06ef8987-2209-4f91-b32e-b826d451f567,view,CLTH_007,0.0,2026-08-28T18:22:40.972300
91f30dc2-d42e-403d-8f92-452cf0c2e83b,view,FOOD_023,0.0,2026-08-24T22:50:19.037962
d0ee500b-2986-4393-8222-e3a34f6829c5,view,ELEC_026,0.0,2026-08-23T19:39:42.952399
0a2f3d10-ae64-4472-a673-478e6650e204,view,ELEC_011,0.0,2026-08-28T18:12:19.618781
4bcc35c7-0c0f-40c6-81ef-9290c390c8ae,purchase,CLTH_022,276.71,2026-08-18 18:46:00.237829
aaaa38a6-7d37-4a0f-a0ae-a18daa98f586,view,ELEC_015,0.0,2026-08-19T23:25:00.087569
fb5c4430-55ab-46c5-9e83-bae524560811,cart,FOOD_026,14.37,2026-08-24T21:48:35.898242
097603f7-ef8e-4380-83ce-337ce6b52a59,view,CLTH_029,0.0,2026-08-24 21:33:31.178829
d114b438-0792-4d73-8753-b9578ba409a3,view,FOOD_010,0.0,2026-08-16 16:40:03.166441
7a84b978-cc6b-49c8-8bba-b1f87d39615a,view,ELEC_029,0.0,2026-08-24 22:11:46.572638
7e12728f-8e77-4093-b21e-7650a323fb12,view,FOOD_018,0.0,2026-08-24 22:57:25.152021
ab5beedd-73b7-43f0-8900-2fda346c8941,view,FOOD_019,0.0,2026-08-24T22:15:32.241820
c6b1433c-fd3a-4b37-a002-e3213ac67574,cart,FOOD_026,37.69,2026-08-24 21:30:12.427454
1363fff9-d076-4436-83e3-9a6449cff1e2,view,CLTH_027,0.0,2026-08-24T21:56:29.090215
ddc313fb-bc63-47e5-ac3f-b9d1d5a703a1,view,CLTH_001,0.0,2026-08-24 22:33:12.269283
97fbfdf2-f064-4feb-aa62-d6344df19395,view,ELEC_018,0.0,2026-08-16 10:33:46.127481
7a84b978-cc6b-49c8-8bba-b1f87d39615a,view,BOOK_010,0.0,2026-08-24T22:12:08.542069
3c8208eb-982f-4c25-aeb6-1d676d8c95fd,view,ELEC_014,0.0,2026-08-20 21:42:22.065749
0a2f3d10-ae64-4472-a673-478e6650e204,cart,CLTH_020,42.73,2026-08-24T20:03:49.378550
c77bbe8e-c4e4-45cf-8110-985d1be43d91,view,CLTH_009,0.0,2026-08-18 19:18:58.707096
a4dbcca0-eaa3-4f6a-91d1-a92bc00a2c19,cart,CLTH_025,99.21,2026-08-24 20:44:08.760012
90d1b635-2c2c-4335-a6a6-3088257c3e28,view,FOOD_020,0.0,2026-08-24T21:14:41.750971
14652829-4c93-49cc-ac11-1084b352dbf8,view,BOOK_001,0.0,2026-08-24 23:01:05.629594
a3414eda-0341-4e0d-b3fa-5e873248b36a,view,ELEC_015,0.0,2026-08-16 10:29:43.872427
3cb83936-10c1-45ed-8b78-b82ea2727b7a,view,BOOK_026,0.0,2026-08-22 17:00:14.310848
4bcc35c7-0c0f-40c6-81ef-9290c390c8ae,view,CLTH_027,0.0,2026-08-24T22:39:05.864347
7973f2a9-cd05-4d96-a6a3-b5bcbfe5a807,view,CLTH_027,0.0,2026-08-24 19:46:38.267930
d37ca1f9-a758-4fcd-abd0-8a4b28290823,view,SPRT_006,0.0,2026-08-22 17:55:33.858519
66f9e642-1674-468a-884b-55c6f9a06472,cart,ELEC_015,743.49,2026-08-18 18:46:43.856188
ca8a018c-1d30-4a4d-9da7-20f5ae4514e1,purchase,BOOK_020,65.06,2026-08-22 17:59:44.526291
17bb18d0-1b6c-4045-9b62-754e463aabd2,cart,ELEC_009,277.85,2026-08-28 18:10:51.470682
15371891-3d67-4bbe-a227-0aa843960503,view,CLTH_014,0.0,2026-08-24 22:53:18.161525
fbc03b87-c84c-4ae3-872c-c3f001033c41,view,CLTH_025,0.0,2026-08-18T19:03:29.555032
7cbfa99b-31eb-437d-b4e9-d5c1212be9ff,purchase,BOOK_020,28.65,2026-08-22T17:30:37.577702
7533f6a3-2d5e-454c-a7d4-5a213a566a6a,cart,ELEC_023,584.1,2026-08-23T19:37:34.675276
a6a3df8c-d39a-4527-8306-9fc8f5e2ac32,view,FOOD_010,0.0,2026-08-20T21:17:43.633596
b1143e5d-1e1f-426c-aaa8-ab647f0ea967,view,SPRT_016,0.0,2026-08-24T22:55:58.606421
ca8a018c-1d30-4a4d-9da7-20f5ae4514e1,purchase,SPRT_020,293.63,2026-08-24T22:58:20.889956
d13300b8-b21a-4b42-b229-1237697e4e3f,view,BOOK_019,0.0,2026-08-20T21:13:35.032687
7c2e1788-86da-4c9e-8f5a-63e49fc287ed,purchase,FOOD_022,36.87,2026-08-19 23:22:32.760130
6c42b183-6d7f-4eed-9a19-89815e3d0919,view,SPRT_016,0.0,2026-08-24 22:57:15.816674
6c42b183-6d7f-4eed-9a19-89815e3d0919,view,ELEC_017,0.0,2026-08-24 22:34:11.569131
151d1b6b-31e9-4c3a-98ee-7ebc527bc572,view,CLTH_012,0.0,2026-08-24T20:36:30.683128
65c76bd2-c4c5-4ead-bb07-d1518810d424,view,CLTH_002,0.0,2026-08-24 21:05:04.492396
718814b5-9a30-4643-8cfb-a460a60999ba,view,CLTH_029,0.0,2026-08-24 19:38:36.404722
aaaa38a6-7d37-4a0f-a0ae-a18daa98f586,view,CLTH_022,0.0,2026-08-18T19:06:02.032872
a9924f59-2d8b-4172-8e44-ae16ad011154,cart,SPRT_004,33.57,2026-08-22T17:50:41.884785
16a45d1c-fcb0-44ee-be9c-1c14c693e1c8,purchase,CLTH_009,89.75,2026-08-24 19:43:02.001644
9b7e7aee-079a-4bab-8c71-badadf83bdcd,view,SPRT_004,0.0,2026-08-20 21:25:39.270742
151d1b6b-31e9-4c3a-98ee-7ebc527bc572,cart,SPRT_029,303.11,2026-08-24T23:01:13.678851
097603f7-ef8e-4380-83ce-337ce6b52a59,view,BOOK_005,0.0,2026-08-24 22:47:40.290918
1342dc6b-765d-46f2-b62a-ae0cc1bedb78,view,SPRT_023,0.0,2026-08-24 21:58:54.899098
3298c361-8531-49e3-8652-5f10ff038a49,view,SPRT_018,0.0,2026-08-16 10:36:03.330097
07974040-0d6e-4dd2-a06d-09236cb2f439,view,FOOD_011,0.0,2026-08-24 21:56:35.472983
540dfba9-6872-43b1-945d-a3584b72aa30,view,SPRT_021,0.0,2026-08-24T22:04:14.324970
8648af4d-7a61-4fed-84ea-10895f513822,view,ELEC_021,0.0,2026-08-20 21:20:39.217219
204cd583-e18f-4356-afbd-560a95e5e55d,cart,CLTH_023,156.96,2026-08-24 21:19:32.891690
b8626474-9939-4b22-b12e-52c5f4b4739c,cart,ELEC_012,176.45,2026-08-18 19:05:07.242199
e7011402-63aa-4b75-87a9-67546325bcab,view,CLTH_024,0.0,2026-08-24 22:41:57.317436
37d1bc22-ec4f-4251-96d1-dbe0703942a7,view,BOOK_002,0.0,2026-08-19 23:27:55.879338
c6b1433c-fd3a-4b37-a002-e3213ac67574,cart,FOOD_012,64.93,2026-08-24 21:28:46.820089
28dee375-acb0-4efe-91a1-27bd967ca56b,cart,FOOD_016,69.55,2026-08-24T20:49:50.896864
3c8208eb-982f-4c25-aeb6-1d676d8c95fd,view,CLTH_021,0.0,2026-08-20 21:42:26.365340
b3b7ea67-75e4-433b-a906-fd0202ed49b3,view,BOOK_020,0.0,2026-08-24T23:17:33.249082
f11171cf-dcb7-41e6-88b3-5078456085ff,view,BOOK_019,0.0,2026-08-18 18:47:48.053474
3ae7f361-dd3c-4d91-9325-4b4e1a15b0bf,view,BOOK_003,0.0,2026-08-15 19:42:03.508515
b568b56b-df03-4a6f-ae89-4908c2685971,purchase,ELEC_020,762.99,2026-08-20 21:42:22.894214
292aa98d-2159-46e5-86b7-ebb3da08accd,view,BOOK_006,0.0,2026-08-22 17:37:53.607503
559449e8-4daf-4cae-863c-369e59d25d8b,view,ELEC_028,0.0,2026-08-22T17:14:17.810432
b43786c5-4ef6-4017-a344-22b26bcbd3c5,cart,SPRT_007,265.29,2026-08-24 19:47:47.225984
b4508ad1-61c3-4913-9b0d-9e62d1e31a6c,view,CLTH_011,0.0,2026-08-16 16:49:27.826700
a169dc99-f3d9-4a6d-be74-c528e84e184c,view,SPRT_018,0.0,2026-08-18 19:02:45.168549
3317a2b8-8792-434d-9860-2f7644018ce4,purchase,SPRT_015,154.76,2026-08-24T19:51:19.202564
ff8790c1-759e-4f9e-bb08-6f9a3d420448,cart,FOOD_007,56.14,2026-08-15 19:42:10.627758
85a19fd8-54ae-4ace-a4dc-55c4ce3993ce,cart,BOOK_022,50.53,2026-08-24 22:16:44.324240
adcabb5a-9294-4e06-91d7-d5fb55987582,cart,FOOD_020,24.99,2026-08-24T20:16:49.294716
71f55371-9f14-4e13-9e69-9f92146c5f85,view,SPRT_008,0.0,2026-08-23T19:36:00.227688
fbc03b87-c84c-4ae3-872c-c3f001033c41,view,FOOD_008,0.0,2026-08-18T19:14:08.544647
07974040-0d6e-4dd2-a06d-09236cb2f439,view,FOOD_013,0.0,2026-08-24 21:34:46.464863
b92588da-f188-45e0-9358-9c955d88bc5a,cart,SPRT_007,213.81,2026-08-20 21:24:06.455254
a3634e75-35f0-488a-8732-1b93cdcb1099,view,BOOK_021,0.0,2026-08-18 18:44:50.443752
84411659-75b7-4910-9038-ff90e88caadf,view,CLTH_005,0.0,2026-08-23 19:47:21.527978
65c76bd2-c4c5-4ead-bb07-d1518810d424,view,CLTH_030,0.0,2026-08-24 20:36:02.399193
6c42b183-6d7f-4eed-9a19-89815e3d0919,view,ELEC_010,0.0,2026-08-24 22:31:33.124616
27a943f0-74c1-47d4-a697-2bf5d20625d8,purchase,CLTH_003,224.75,2026-08-24 21:17:26.617163
653709fa-a965-4975-9c69-451df40148e0,view,SPRT_005,0.0,2026-08-22T17:11:40.173101
fc18b9b9-0790-45c2-9bd4-39c8c166b7ff,view,ELEC_002,0.0,2026-08-16 10:44:21.265897
d13300b8-b21a-4b42-b229-1237697e4e3f,cart,ELEC_014,62.2,2026-08-15 19:47:26.313244
e0cac62b-7a87-44bb-8198-dd96bc7eb6ae,cart,FOOD_002,47.02,2026-08-20 21:35:16.153473
82a1487d-2323-45c1-9468-a6f88d47a779,view,FOOD_025,0.0,2026-08-24 20:36:52.998103
c6b1433c-fd3a-4b37-a002-e3213ac67574,view,FOOD_017,0.0,2026-08-24 22:46:22.170158
d06247ce-154f-44d2-a431-0e6def01535f,view,BOOK_021,0.0,2026-08-24 22:16:56.436555
4bcc35c7-0c0f-40c6-81ef-9290c390c8ae,view,SPRT_029,0.0,2026-08-19T23:29:34.717447
5ecfc98a-922a-4821-a19c-74739ea9d49c,view,CLTH_004,0.0,2026-08-24 22:02:23.187116
a8b5f893-6a56-4f9f-b429-038b5a69def7,view,SPRT_005,0.0,2026-08-24T20:48:10.952893
f45f43f0-f972-4f1b-bef3-8f2297f88dfc,view,SPRT_018,0.0,2026-08-19 23:33:50.397088
b3b7ea67-75e4-433b-a906-fd0202ed49b3,view,SPRT_024,0.0,2026-08-24T20:16:46.452433
a9ef0f29-d39b-4e19-9e9d-76779cf2469d,view,SPRT_017,0.0,2026-08-22T17:10:06.351596
395e36e8-c321-48f4-9ed8-88acf120a760,view,ELEC_024,0.0,2026-08-24T21:30:11.346470
7973f2a9-cd05-4d96-a6a3-b5bcbfe5a807,view,CLTH_023,0.0,2026-08-24 20:26:00.006218
f0990893-bc9c-4914-b4e9-26579efdae9c,view,CLTH_026,0.0,2026-08-18 19:15:34.002243
204cd583-e18f-4356-afbd-560a95e5e55d,view,CLTH_015,0.0,2026-08-24 20:23:10.636052
fb5c4430-55ab-46c5-9e83-bae524560811,cart,SPRT_020,366.42,2026-08-24 19:38:17.680774
4eca1658-9c92-4d94-98cf-ac4413183c56,purchase,BOOK_024,23.39,2026-08-20T21:14:37.235312
543ac2a0-bac7-4614-b90f-a2421cc42c64,purchase,CLTH_025,268.97,2026-08-23T19:36:31.504508
807ffd32-2ef3-4a31-a89a-238c366b264b,cart,BOOK_010,53.84,2026-08-24 21:48:44.900086
65c76bd2-c4c5-4ead-bb07-d1518810d424,view,CLTH_014,0.0,2026-08-24 20:08:48.424018
ecb51178-8afe-4ba9-bd61-87e0a416554b,view,ELEC_028,0.0,2026-08-18 19:14:37.641599
8c9bf60c-9d81-434e-9a6f-73c2800925e8,view,FOOD_008,0.0,2026-08-16 10:41:57.336430
85a19fd8-54ae-4ace-a4dc-55c4ce3993ce,cart,BOOK_019,46.15,2026-08-24 22:13:41.087628
39916c2e-f0f0-4c72-b753-c93c5f6c48e5,view,CLTH_028,0.0,2026-08-20T21:18:14.449007
272d6b5f-aeca-485e-a4ba-1a5689f647ac,view,FOOD_005,0.0,2026-08-24 20:05:48.492891
80a44646-6c7e-488e-8f96-dda9667f62bf,view,BOOK_026,0.0,2026-08-24 20:24:56.060269
fb5c4430-55ab-46c5-9e83-bae524560811,view,FOOD_015,0.0,2026-08-24 19:45:46.576179
85a19fd8-54ae-4ace-a4dc-55c4ce3993ce,view,BOOK_009,0.0,2026-08-24 22:22:33.927526
18af9202-01b4-42d9-a7a8-a3fd40d77ea7,view,ELEC_021,0.0,2026-08-23T19:48:38.270909
d06247ce-154f-44d2-a431-0e6def01535f,view,CLTH_012,0.0,2026-08-24 22:01:22.216883
c56998f4-a438-484c-8b0c-b80c399f6fcd,purchase,BOOK_019,14.27,2026-08-24 19:39:26.662270
37d1bc22-ec4f-4251-96d1-dbe0703942a7,view,ELEC_018,0.0,2026-08-19 23:30:56.515793
c6b1433c-fd3a-4b37-a002-e3213ac67574,view,FOOD_020,0.0,2026-08-24 21:57:08.784686
15371891-3d67-4bbe-a227-0aa843960503,cart,CLTH_015,40.47,2026-08-24 22:25:56.081464
a8b5f893-6a56-4f9f-b429-038b5a69def7,view,CLTH_002,0.0,2026-08-24 20:12:34.040680
e6b69773-e22a-4015-9c79-bca0c2f25059,view,ELEC_030,0.0,2026-08-28 18:09:03.154907
65c76bd2-c4c5-4ead-bb07-d1518810d424,view,CLTH_027,0.0,2026-08-24 21:07:30.362775
204cd583-e18f-4356-afbd-560a95e5e55d,cart,CLTH_002,132.4,2026-08-24 20:00:17.419661
14652829-4c93-49cc-ac11-1084b352dbf8,cart,BOOK_014,13.0,2026-08-24 22:51:44.538604
65c76bd2-c4c5-4ead-bb07-d1518810d424,view,CLTH_013,0.0,2026-08-24 20:08:43.241618
7cecad85-4914-4af5-863e-309987695976,view,ELEC_008,0.0,2026-08-24T21:30:43.426675
7a84b978-cc6b-49c8-8bba-b1f87d39615a,purchase,CLTH_010,168.96,2026-08-24 23:16:44.131869
a6a3df8c-d39a-4527-8306-9fc8f5e2ac32,purchase,ELEC_030,487.02,2026-08-16T16:42:24.467935
06ef8987-2209-4f91-b32e-b826d451f567,view,ELEC_008,0.0,2026-08-24T22:49:08.546427
50e381b2-5e82-4228-ba7a-86669f6ade13,view,CLTH_029,0.0,2026-08-18 18:59:09.250151
9b70e162-3f36-46cd-87f4-65153d82f93c,view,CLTH_007,0.0,2026-08-19 23:34:41.698313
3317a2b8-8792-434d-9860-2f7644018ce4,view,CLTH_023,0.0,2026-08-20 21:31:41.343268
b4a0963f-da4e-401b-b39a-2668f972529c,cart,SPRT_028,281.75,2026-08-24 21:04:12.720451
eedeb7be-443c-4607-a98b-a6928f11d578,view,ELEC_021,0.0,2026-08-22 17:57:52.344514
d572cc22-f568-4269-a4ca-75bae22243da,cart,FOOD_012,39.88,2026-08-28T18:10:22.080154
8c9bf60c-9d81-434e-9a6f-73c2800925e8,cart,ELEC_004,305.73,2026-08-22T17:45:50.204785
06ef8987-2209-4f91-b32e-b826d451f567,purchase,CLTH_025,236.68,2026-08-18 18:59:57.183575
1342dc6b-765d-46f2-b62a-ae0cc1bedb78,view,BOOK_013,0.0,2026-08-24 23:00:43.827543
41a5862d-9a23-4007-82f3-890ced6bb4d9,cart,SPRT_019,350.52,2026-08-22 17:49:10.896116
50e381b2-5e82-4228-ba7a-86669f6ade13,cart,CLTH_001,157.26,2026-08-18 18:48:55.957568
2989c566-bd71-49e2-8d10-a60c615ee48b,view,SPRT_016,0.0,2026-08-23 19:42:34.552992
3298c361-8531-49e3-8652-5f10ff038a49,view,SPRT_015,0.0,2026-08-16 10:36:00.209110
3c8208eb-982f-4c25-aeb6-1d676d8c95fd,view,ELEC_012,0.0,2026-08-24T20:16:46.126287
9ea41e68-c710-4b07-b2ae-6bbf22342547,cart,BOOK_018,12.8,2026-08-24T21:14:41.953722
16a45d1c-fcb0-44ee-be9c-1c14c693e1c8,view,CLTH_025,0.0,2026-08-24 20:12:12.406113
e04bc446-eef1-4a6c-bdd3-722ed841b5b0,view,ELEC_001,0.0,2026-08-24 23:03:53.867135
097603f7-ef8e-4380-83ce-337ce6b52a59,view,BOOK_026,0.0,2026-08-24 23:07:07.424718
fbc03b87-c84c-4ae3-872c-c3f001033c41,view,SPRT_001,0.0,2026-08-18 18:50:05.887818
1fae450e-c559-4b3b-b193-0e83995bc876,purchase,FOOD_005,42.8,2026-08-18 19:13:50.376400
c9613b65-fafa-42cc-9af8-32f87936384f,view,FOOD_021,0.0,2026-08-18 18:59:25.218445
d0ee500b-2986-4393-8222-e3a34f6829c5,view,CLTH_021,0.0,2026-08-24T20:11:40.527862
af8c3802-1e97-4ac1-a05e-a064dc9a598f,view,SPRT_010,0.0,2026-08-23T19:35:29.020676
b43786c5-4ef6-4017-a344-22b26bcbd3c5,purchase,SPRT_003,139.68,2026-08-24 20:01:13.853601
e04bc446-eef1-4a6c-bdd3-722ed841b5b0,cart,CLTH_004,164.22,2026-08-24 23:23:38.815293
5ecfc98a-922a-4821-a19c-74739ea9d49c,view,CLTH_017,0.0,2026-08-24 21:47:02.462822
6c42b183-6d7f-4eed-9a19-89815e3d0919,view,BOOK_025,0.0,2026-08-24 22:56:15.079405
8c1f2c4f-fcb2-4456-8fb7-b41a9931e230,view,CLTH_024,0.0,2026-08-20 21:25:30.774535
fc029a04-be52-486b-8b8f-0f1b173d81fb,view,CLTH_024,0.0,2026-08-18 19:15:47.772547
1344b28a-61ef-4a23-9d78-756fce943fce,purchase,ELEC_019,823.31,2026-08-24T19:47:38.604330
3fb2fa2a-b4d2-485d-acd8-9cc11c7a142c,cart,CLTH_026,178.46,2026-08-24T20:07:42.399648
b43786c5-4ef6-4017-a344-22b26bcbd3c5,view,SPRT_011,0.0,2026-08-24 21:17:58.707752
395e36e8-c321-48f4-9ed8-88acf120a760,cart,BOOK_017,9.17,2026-08-24T19:58:05.440740
3c8208eb-982f-4c25-aeb6-1d676d8c95fd,view,BOOK_029,0.0,2026-08-23T19:42:49.847875
f11171cf-dcb7-41e6-88b3-5078456085ff,view,CLTH_006,0.0,2026-08-19T23:33:43.370907
b4a0963f-da4e-401b-b39a-2668f972529c,view,ELEC_027,0.0,2026-08-24 20:59:36.160866
7c53ddd0-71fe-4919-a4fe-86d633a58eee,view,BOOK_002,0.0,2026-08-20T21:55:54.759976
8648af4d-7a61-4fed-84ea-10895f513822,view,SPRT_012,0.0,2026-08-24T22:58:21.225111
ecef0a71-9256-43e0-bf92-91fc8ffffcf4,view,ELEC_014,0.0,2026-08-24 20:07:30.649705
5fd25fd1-437c-46b3-9a39-aa545fcef320,purchase,FOOD_028,24.6,2026-08-24 20:47:27.731737
5bedf809-4324-42d3-a225-67543e46f70a,purchase,BOOK_005,13.3,2026-08-24T23:17:33.691079
85a19fd8-54ae-4ace-a4dc-55c4ce3993ce,view,SPRT_016,0.0,2026-08-24 22:58:36.182130
5fd25fd1-437c-46b3-9a39-aa545fcef320,cart,CLTH_016,102.37,2026-08-24 19:42:08.701394
07e00408-a9f3-4a26-bb10-653e27ee1d69,view,CLTH_030,0.0,2026-08-24 22:14:36.418295
8648af4d-7a61-4fed-84ea-10895f513822,view,BOOK_027,0.0,2026-08-20T21:16:41.068074
0edab1bf-3255-4636-8c77-d72d54ebaa4a,view,ELEC_009,0.0,2026-08-24T20:32:07.258382
b43786c5-4ef6-4017-a344-22b26bcbd3c5,view,SPRT_030,0.0,2026-08-24 19:40:44.118496
8c9bf60c-9d81-434e-9a6f-73c2800925e8,view,FOOD_011,0.0,2026-08-16 10:35:03.340894
2ca3ba80-c4ea-48a9-9d49-ec547b2177a2,purchase,SPRT_026,236.37,2026-08-24T20:47:02.096810
c4713941-ca5c-48bf-b915-cdf679cdff13,view,ELEC_001,0.0,2026-08-20 21:53:22.245224
204cd583-e18f-4356-afbd-560a95e5e55d,view,CLTH_004,0.0,2026-08-24 20:40:32.780389
d572cc22-f568-4269-a4ca-75bae22243da,view,CLTH_019,0.0,2026-08-20 21:39:39.262877
b69f6df3-4ae7-4861-8236-88b969e91529,view,CLTH_027,0.0,2026-08-22T17:10:06.393570
e04bc446-eef1-4a6c-bdd3-722ed841b5b0,view,CLTH_018,0.0,2026-08-24 22:26:04.153887
f45f43f0-f972-4f1b-bef3-8f2297f88dfc,view,CLTH_024,0.0,2026-08-28T18:24:01.066832
b43786c5-4ef6-4017-a344-22b26bcbd3c5,view,FOOD_020,0.0,2026-08-24 19:36:56.383695
4eca1658-9c92-4d94-98cf-ac4413183c56,purchase,SPRT_027,56.68,2026-08-24T23:21:04.143410
7973f2a9-cd05-4d96-a6a3-b5bcbfe5a807,cart,CLTH_006,36.54,2026-08-24 21:01:56.025461
8648af4d-7a61-4fed-84ea-10895f513822,view,CLTH_013,0.0,2026-08-24T23:12:16.155868
80a44646-6c7e-488e-8f96-dda9667f62bf,view,BOOK_018,0.0,2026-08-24 20:37:06.954209
90d1b635-2c2c-4335-a6a6-3088257c3e28,view,CLTH_026,0.0,2026-08-23 19:35:57.004430
911f18bb-7379-4bbe-b85b-b8bf25af64bf,cart,CLTH_017,112.96,2026-08-18 19:12:20.972866
b4508ad1-61c3-4913-9b0d-9e62d1e31a6c,view,FOOD_008,0.0,2026-08-24T20:44:16.051393
ddc313fb-bc63-47e5-ac3f-b9d1d5a703a1,view,CLTH_018,0.0,2026-08-24 22:57:33.218607
8c1f2c4f-fcb2-4456-8fb7-b41a9931e230,view,CLTH_027,0.0,2026-08-20 21:26:16.716706
16a45d1c-fcb0-44ee-be9c-1c14c693e1c8,view,ELEC_019,0.0,2026-08-24T21:52:31.257187
06ef8987-2209-4f91-b32e-b826d451f567,view,CLTH_018,0.0,2026-08-18 18:50:13.283372
3ae7f361-dd3c-4d91-9325-4b4e1a15b0bf,purchase,CLTH_027,89.86,2026-08-24T23:12:16.014750
e352f24e-22e8-4012-a195-24367d88715a,view,FOOD_005,0.0,2026-08-24 20:25:48.133114
1342dc6b-765d-46f2-b62a-ae0cc1bedb78,view,SPRT_020,0.0,2026-08-24 21:56:20.307810
7a84b978-cc6b-49c8-8bba-b1f87d39615a,view,ELEC_026,0.0,2026-08-24T22:40:46.590853
7a84b978-cc6b-49c8-8bba-b1f87d39615a,view,CLTH_030,0.0,2026-08-24 21:39:52.273963
3317a2b8-8792-434d-9860-2f7644018ce4,view,FOOD_016,0.0,2026-08-24T22:10:59.396755
1342dc6b-765d-46f2-b62a-ae0cc1bedb78,view,CLTH_015,0.0,2026-08-24 21:34:16.095440
27a943f0-74c1-47d4-a697-2bf5d20625d8,view,CLTH_029,0.0,2026-08-24 20:53:03.675775
ab5beedd-73b7-43f0-8900-2fda346c8941,view,CLTH_012,0.0,2026-08-20 21:19:03.524423
3c8208eb-982f-4c25-aeb6-1d676d8c95fd,view,FOOD_010,0.0,2026-08-24T19:59:39.741540
65c76bd2-c4c5-4ead-bb07-d1518810d424,view,CLTH_005,0.0,2026-08-24 21:05:04.583907
06ef8987-2209-4f91-b32e-b826d451f567,purchase,CLTH_009,97.88,2026-08-18 18:48:10.567957
b4508ad1-61c3-4913-9b0d-9e62d1e31a6c,view,CLTH_024,0.0,2026-08-16 16:38:04.955354
9f5699e8-c821-4444-b570-668a4eedcb12,view,FOOD_028,0.0,2026-08-19 23:35:36.401428
7e12728f-8e77-4093-b21e-7650a323fb12,purchase,CLTH_021,251.63,2026-08-24 22:44:30.351214
7cecad85-4914-4af5-863e-309987695976,view,CLTH_016,0.0,2026-08-24 22:36:41.217983
80a44646-6c7e-488e-8f96-dda9667f62bf,view,BOOK_012,0.0,2026-08-24 19:59:14.934897
7e12728f-8e77-4093-b21e-7650a323fb12,view,CLTH_022,0.0,2026-08-24 22:57:55.288246
3eae1b1f-da2f-40b7-883b-ad6d9a3673eb,cart,SPRT_004,53.01,2026-08-24T22:58:21.691942
292aa98d-2159-46e5-86b7-ebb3da08accd,view,SPRT_001,0.0,2026-08-22 17:48:25.842957
d0ee500b-2986-4393-8222-e3a34f6829c5,view,CLTH_013,0.0,2026-08-22 17:50:12.851596
7a84b978-cc6b-49c8-8bba-b1f87d39615a,cart,CLTH_024,180.17,2026-08-24 22:21:22.188767
dd0c2035-e21b-4a2f-aa23-2bb8b37e125d,view,FOOD_028,0.0,2026-08-22 17:11:04.386837
23e6833c-1e9f-4546-9ca2-5392b29eeb0c,view,BOOK_014,0.0,2026-08-22 17:26:04.763011
e04bc446-eef1-4a6c-bdd3-722ed841b5b0,cart,CLTH_013,21.94,2026-08-24 22:02:49.799034
ddc313fb-bc63-47e5-ac3f-b9d1d5a703a1,view,CLTH_026,0.0,2026-08-24 21:34:39.231594
097603f7-ef8e-4380-83ce-337ce6b52a59,cart,BOOK_009,12.25,2026-08-24 22:07:14.402318
2531c3a7-f6d1-496c-8395-187ec22b1cf3,view,BOOK_027,0.0,2026-08-18 19:18:50.881690
1342dc6b-765d-46f2-b62a-ae0cc1bedb78,view,SPRT_027,0.0,2026-08-24 22:11:59.349870
23563557-5b65-4775-84d2-cd11d7916afb,purchase,SPRT_015,556.26,2026-08-20 21:10:11.358645
fb5c4430-55ab-46c5-9e83-bae524560811,view,FOOD_024,0.0,2026-08-24 20:00:50.218629
3fb2fa2a-b4d2-485d-acd8-9cc11c7a142c,view,SPRT_001,0.0,2026-08-19 23:27:33.404209
9ea41e68-c710-4b07-b2ae-6bbf22342547,view,CLTH_023,0.0,2026-08-16 10:42:07.086660
ecef0a71-9256-43e0-bf92-91fc8ffffcf4,view,CLTH_023,0.0,2026-08-24 20:26:23.458260
84411659-75b7-4910-9038-ff90e88caadf,purchase,CLTH_007,245.96,2026-08-23 19:47:21.434562
14652829-4c93-49cc-ac11-1084b352dbf8,view,CLTH_014,0.0,2026-08-24 22:30:12.516196
a169dc99-f3d9-4a6d-be74-c528e84e184c,view,ELEC_030,0.0,2026-08-23T19:48:36.673638
19c40797-1cb3-4b73-8f5c-c71e4d1bd83c,view,ELEC_002,0.0,2026-08-28T18:17:09.264468
90d1b635-2c2c-4335-a6a6-3088257c3e28,view,CLTH_020,0.0,2026-08-23 19:35:53.110059
395e36e8-c321-48f4-9ed8-88acf120a760,cart,CLTH_007,242.71,2026-08-18T19:17:47.740282
ddc313fb-bc63-47e5-ac3f-b9d1d5a703a1,view,CLTH_018,0.0,2026-08-24 23:10:44.691958
796609d9-7739-4166-ab01-9a72c52c20a7,view,BOOK_002,0.0,2026-08-24T19:45:33.556242
7c876903-8503-4e64-91da-9f12ea161fac,cart,ELEC_022,151.27,2026-08-24 21:41:25.225727
b43786c5-4ef6-4017-a344-22b26bcbd3c5,view,FOOD_030,0.0,2026-08-24 20:05:47.630221
272d6b5f-aeca-485e-a4ba-1a5689f647ac,view,ELEC_025,0.0,2026-08-24 20:21:33.577007
85a19fd8-54ae-4ace-a4dc-55c4ce3993ce,purchase,BOOK_003,40.62,2026-08-24 23:18:44.130726
c6da6198-1302-4f3b-98d8-59f524206a5a,view,CLTH_009,0.0,2026-08-28T18:08:38.339912
b35b2819-9d3c-4808-af34-8b96e9513eec,view,CLTH_005,0.0,2026-08-28T18:10:58.539297
abdf77fe-de5b-4e52-955c-aeb34086fb6c,view,ELEC_023,0.0,2026-08-24T20:13:56.116430
ecfd2d5f-00a3-4a3d-b1c2-0612a3c54210,view,CLTH_015,0.0,2026-08-24T21:39:09.803439
7cecad85-4914-4af5-863e-309987695976,view,CLTH_011,0.0,2026-08-24 22:24:22.008325
16a45d1c-fcb0-44ee-be9c-1c14c693e1c8,purchase,CLTH_002,223.33,2026-08-24 19:43:31.334856
51d3a51e-39d5-4fa8-ad25-bc0cc1c2a3a8,purchase,BOOK_003,13.27,2026-08-24T20:38:09.261725
79486124-ceb2-4f91-bf0f-378b69ecb64c,view,ELEC_026,0.0,2026-08-22 17:46:18.495559
5ecfc98a-922a-4821-a19c-74739ea9d49c,view,FOOD_004,0.0,2026-08-24 22:41:24.733100
8c1f2c4f-fcb2-4456-8fb7-b41a9931e230,view,CLTH_018,0.0,2026-08-20 21:10:12.377542
27ab56fc-882d-4198-a735-9f9394cf678a,cart,ELEC_030,503.43,2026-08-24T20:32:09.052656
fb5c4430-55ab-46c5-9e83-bae524560811,purchase,FOOD_005,87.43,2026-08-24 20:20:21.034234
0499cbb0-f1ab-4ff4-bdac-9b47815a9b3a,view,CLTH_018,0.0,2026-08-23 19:34:43.283298
a8b5f893-6a56-4f9f-b429-038b5a69def7,view,CLTH_008,0.0,2026-08-24 20:16:07.942100
0d5c42ed-4461-4096-8503-c9de6cbe237f,view,BOOK_028,0.0,2026-08-23T19:37:02.786319
ddc313fb-bc63-47e5-ac3f-b9d1d5a703a1,view,CLTH_017,0.0,2026-08-24 22:57:33.373114
d6ea31f0-4a99-43ba-8364-82717218083c,view,SPRT_013,0.0,2026-08-16 16:45:33.995218
838d67a1-4adc-4bef-834d-defa67fe3762,view,FOOD_021,0.0,2026-08-24 23:16:51.336857
9f729b04-6f80-4dae-9824-921396cc0ee2,view,CLTH_016,0.0,2026-08-24 21:01:16.131001
272d6b5f-aeca-485e-a4ba-1a5689f647ac,view,FOOD_016,0.0,2026-08-24 20:56:16.098413
5ecfc98a-922a-4821-a19c-74739ea9d49c,view,CLTH_018,0.0,2026-08-24 21:47:19.147093
d8955fd2-ab39-4aaa-aa00-af2f627b88eb,view,ELEC_027,0.0,2026-08-24T19:46:05.003462
9d82dbcc-f68b-4045-b84a-79b4d7103eeb,cart,FOOD_018,69.19,2026-08-28T18:24:43.947099
a6a3df8c-d39a-4527-8306-9fc8f5e2ac32,purchase,BOOK_007,30.5,2026-08-23T19:37:02.959604
80a44646-6c7e-488e-8f96-dda9667f62bf,view,BOOK_015,0.0,2026-08-24 19:36:04.574687
90d1b635-2c2c-4335-a6a6-3088257c3e28,view,BOOK_030,0.0,2026-08-28T18:08:38.651510
07e00408-a9f3-4a26-bb10-653e27ee1d69,view,CLTH_028,0.0,2026-08-24 22:53:27.528162
e9af50c7-3916-48bf-9def-f8eae8db79ee,view,BOOK_017,0.0,2026-08-24 20:03:02.541348
7cecad85-4914-4af5-863e-309987695976,view,CLTH_012,0.0,2026-08-24 22:54:22.596931
b43786c5-4ef6-4017-a344-22b26bcbd3c5,view,SPRT_023,0.0,2026-08-24 20:37:31.315727
6c42b183-6d7f-4eed-9a19-89815e3d0919,view,ELEC_022,0.0,2026-08-24 22:27:39.687795
f45f43f0-f972-4f1b-bef3-8f2297f88dfc,cart,SPRT_029,115.11,2026-08-19 23:30:32.482805
d8955fd2-ab39-4aaa-aa00-af2f627b88eb,cart,CLTH_006,130.23,2026-08-18T18:53:26.589744
23563557-5b65-4775-84d2-cd11d7916afb,view,BOOK_001,0.0,2026-08-22T17:07:31.537848
84411659-75b7-4910-9038-ff90e88caadf,view,CLTH_004,0.0,2026-08-23 19:53:34.829495
b4a0963f-da4e-401b-b39a-2668f972529c,cart,FOOD_009,25.26,2026-08-24 21:11:13.145221
59b41456-0c0c-46d0-9f3c-5fd6fe62f88a,view,BOOK_029,0.0,2026-08-28T18:08:38.627004
2123f5ae-14df-4e5d-92db-1157b83c002d,view,ELEC_028,0.0,2026-08-23T19:48:37.376906
c6ad3b1a-879f-46e9-b4df-c61479de62ea,view,SPRT_022,0.0,2026-08-20T21:34:00.210880
eedeb7be-443c-4607-a98b-a6928f11d578,view,ELEC_002,0.0,2026-08-22 17:57:52.278090
5ecfc98a-922a-4821-a19c-74739ea9d49c,view,CLTH_010,0.0,2026-08-24 22:35:12.697757
097603f7-ef8e-4380-83ce-337ce6b52a59,view,CLTH_012,0.0,2026-08-24 21:33:31.158087
14652829-4c93-49cc-ac11-1084b352dbf8,view,BOOK_007,0.0,2026-08-24 22:29:43.075498
3a163339-db2f-495c-b9bd-a2c97e622b2d,view,FOOD_024,0.0,2026-08-24 21:32:05.354913
fc18b9b9-0790-45c2-9bd4-39c8c166b7ff,view,ELEC_024,0.0,2026-08-16 10:28:39.058208
45be79ad-8040-4559-be25-1a4737d5bdec,view,BOOK_020,0.0,2026-08-24T21:40:51.715756
c6da6198-1302-4f3b-98d8-59f524206a5a,view,CLTH_025,0.0,2026-08-24 20:51:17.477107
800f664d-f662-49db-9420-27bde33160de,purchase,BOOK_006,17.63,2026-08-16T10:30:34.813232
272d6b5f-aeca-485e-a4ba-1a5689f647ac,view,ELEC_015,0.0,2026-08-24 20:49:05.711023
2989c566-bd71-49e2-8d10-a60c615ee48b,view,SPRT_008,0.0,2026-08-23 19:42:34.408510
0f4db5c7-beaf-4757-b8cf-f156b73fe4d5,view,SPRT_009,0.0,2026-08-20 21:56:43.216370
7cecad85-4914-4af5-863e-309987695976,view,SPRT_003,0.0,2026-08-24 23:07:45.052437
3eae1b1f-da2f-40b7-883b-ad6d9a3673eb,view,CLTH_025,0.0,2026-08-24 23:14:05.755189
8c1f2c4f-fcb2-4456-8fb7-b41a9931e230,view,CLTH_010,0.0,2026-08-20 21:20:38.611091
526d498e-a082-48f3-8f21-d37077e1d332,view,FOOD_014,0.0,2026-08-23 19:47:35.631210
66f9e642-1674-468a-884b-55c6f9a06472,view,CLTH_028,0.0,2026-08-24T22:54:13.880721
71f3d5de-38b0-4ad5-ad46-2524000b3c16,view,BOOK_025,0.0,2026-08-19 23:32:47.080172
fcd6fe57-c144-4e2e-a82f-44cb7df85d3f,view,ELEC_008,0.0,2026-08-24T20:56:58.865377
14652829-4c93-49cc-ac11-1084b352dbf8,view,CLTH_019,0.0,2026-08-24 22:02:59.464702
e7011402-63aa-4b75-87a9-67546325bcab,cart,BOOK_018,19.5,2026-08-24 22:37:21.985334
53cf9005-c315-44bf-8b90-ee836dc0ab1f,view,CLTH_001,0.0,2026-08-23 19:45:00.755710
d06247ce-154f-44d2-a431-0e6def01535f,cart,CLTH_010,114.74,2026-08-24 22:10:48.464277
acececef-4ab4-44e7-8ba4-dc1b3db1b57b,cart,CLTH_009,120.59,2026-08-19 23:28:42.432245
07e00408-a9f3-4a26-bb10-653e27ee1d69,view,CLTH_001,0.0,2026-08-24 21:42:37.597131
a8b5f893-6a56-4f9f-b429-038b5a69def7,cart,CLTH_030,134.13,2026-08-24 20:49:53.518385
d06247ce-154f-44d2-a431-0e6def01535f,view,ELEC_004,0.0,2026-08-24T22:07:00.896164
292aa98d-2159-46e5-86b7-ebb3da08accd,view,SPRT_009,0.0,2026-08-22 18:00:21.935960
ecb51178-8afe-4ba9-bd61-87e0a416554b,view,ELEC_017,0.0,2026-08-18 19:15:06.030547
980e4d69-7354-43f4-bc44-99fc0146226f,view,SPRT_004,0.0,2026-08-16 10:29:39.249905
a169dc99-f3d9-4a6d-be74-c528e84e184c,view,CLTH_013,0.0,2026-08-18T19:03:28.612700
53cf9005-c315-44bf-8b90-ee836dc0ab1f,view,CLTH_022,0.0,2026-08-23 19:33:35.683601
c32d47d5-9419-46e9-8af8-3ed6aa710c89,view,SPRT_001,0.0,2026-08-22 17:33:42.770448
53cf9005-c315-44bf-8b90-ee836dc0ab1f,view,SPRT_011,0.0,2026-08-23 19:54:26.645797
dfcc5694-8acb-4c2d-b506-2b27c83b45a2,view,FOOD_019,0.0,2026-08-20 21:17:55.140852
b3b7ea67-75e4-433b-a906-fd0202ed49b3,purchase,BOOK_030,16.6,2026-08-23T19:36:00.463519
7973f2a9-cd05-4d96-a6a3-b5bcbfe5a807,view,CLTH_027,0.0,2026-08-24 19:46:38.172924
a9ef0f29-d39b-4e19-9e9d-76779cf2469d,view,BOOK_007,0.0,2026-08-23T19:39:10.485193
1a8dde1b-a845-4523-9888-92a7f05ae954,cart,CLTH_029,200.25,2026-08-24T21:56:28.519443
fcd6fe57-c144-4e2e-a82f-44cb7df85d3f,view,CLTH_009,0.0,2026-08-20 21:19:46.759521
5fd25fd1-437c-46b3-9a39-aa545fcef320,view,FOOD_019,0.0,2026-08-24 20:23:09.695772
540dfba9-6872-43b1-945d-a3584b72aa30,view,CLTH_016,0.0,2026-08-24T19:55:27.406962
3cd39961-1811-4043-81ca-ab2b96896334,view,ELEC_014,0.0,2026-08-20T22:02:03.030634
65c76bd2-c4c5-4ead-bb07-d1518810d424,view,CLTH_023,0.0,2026-08-24T23:11:39.340544
d30fc382-e140-48b8-8038-bd17100271c2,view,CLTH_018,0.0,2026-08-22 17:28:43.186150
7c876903-8503-4e64-91da-9f12ea161fac,view,ELEC_003,0.0,2026-08-24 23:00:59.636264
4f3b1ab5-91ca-43a2-a8bb-715dd0866ccb,purchase,CLTH_002,55.65,2026-08-23T19:38:06.815807
9f729b04-6f80-4dae-9824-921396cc0ee2,view,FOOD_028,0.0,2026-08-24 21:22:17.296660
e2c33043-9769-445e-bba4-3c9295d886e7,view,SPRT_009,0.0,2026-08-20 21:29:59.881705
5ecfc98a-922a-4821-a19c-74739ea9d49c,view,FOOD_029,0.0,2026-08-24 22:07:38.903459
7973f2a9-cd05-4d96-a6a3-b5bcbfe5a807,view,CLTH_002,0.0,2026-08-24 21:10:13.860990
fc663667-5a7c-4583-8210-a39d89c8784d,cart,SPRT_003,326.2,2026-08-18 19:05:50.075519
82d633b4-757d-4728-bde5-8b3fde30c280,cart,SPRT_008,186.68,2026-08-24T20:25:01.949451
85a19fd8-54ae-4ace-a4dc-55c4ce3993ce,view,BOOK_017,0.0,2026-08-24 23:02:06.312699
f11171cf-dcb7-41e6-88b3-5078456085ff,cart,BOOK_002,22.93,2026-08-18 18:49:08.122926
b8a5374c-c93d-4c0c-83c8-6ecb467838ed,view,CLTH_016,0.0,2026-08-22T17:14:16.284546
1db8f590-d54c-4124-ae91-abc457daf2ef,view,ELEC_026,0.0,2026-08-22T17:17:29.100185
71f3d5de-38b0-4ad5-ad46-2524000b3c16,view,CLTH_025,0.0,2026-08-22T17:15:54.155600
fb5c4430-55ab-46c5-9e83-bae524560811,cart,FOOD_004,17.27,2026-08-24 19:38:58.387876
aaaa38a6-7d37-4a0f-a0ae-a18daa98f586,view,SPRT_023,0.0,2026-08-20T21:16:09.887877
807ffd32-2ef3-4a31-a89a-238c366b264b,view,CLTH_010,0.0,2026-08-24 21:55:10.378258
7c876903-8503-4e64-91da-9f12ea161fac,view,ELEC_027,0.0,2026-08-24 23:15:38.497805
d83aca8e-5d41-4fc0-992e-a9dc27732931,cart,BOOK_001,28.92,2026-08-24T23:10:22.784654
38c90e9e-a827-4bae-9a22-50c3d3ae002c,cart,FOOD_026,39.13,2026-08-20 21:08:02.970060
b4a0963f-da4e-401b-b39a-2668f972529c,view,SPRT_028,0.0,2026-08-24 19:39:59.197969
d6ea31f0-4a99-43ba-8364-82717218083c,purchase,ELEC_021,384.12,2026-08-22T17:11:07.994717
ff8790c1-759e-4f9e-bb08-6f9a3d420448,view,BOOK_013,0.0,2026-08-18T18:53:58.384745
544c32f4-a10e-44ff-a0d5-6f8b523e593a,view,ELEC_018,0.0,2026-08-23T20:00:28.978404
ca8a018c-1d30-4a4d-9da7-20f5ae4514e1,view,BOOK_011,0.0,2026-08-22 17:57:17.809776
65c76bd2-c4c5-4ead-bb07-d1518810d424,cart,CLTH_019,44.49,2026-08-24 20:15:54.884016
7533f6a3-2d5e-454c-a7d4-5a213a566a6a,view,ELEC_013,0.0,2026-08-23T19:49:09.999380
7c876903-8503-4e64-91da-9f12ea161fac,view,ELEC_022,0.0,2026-08-24 21:34:19.872200
b43786c5-4ef6-4017-a344-22b26bcbd3c5,cart,SPRT_008,233.46,2026-08-24 20:19:50.449312
c6ad3b1a-879f-46e9-b4df-c61479de62ea,cart,CLTH_005,194.61,2026-08-18 18:54:03.449343
d30fc382-e140-48b8-8038-bd17100271c2,view,ELEC_021,0.0,2026-08-22 17:35:54.962659
85a19fd8-54ae-4ace-a4dc-55c4ce3993ce,view,BOOK_014,0.0,2026-08-24 22:05:44.094154
ecef0a71-9256-43e0-bf92-91fc8ffffcf4,view,BOOK_002,0.0,2026-08-24T21:36:46.820268
d9c0cd62-7da2-407f-b24f-c9887c0b8ae6,view,SPRT_024,0.0,2026-08-22T17:14:16.244509
3fb2fa2a-b4d2-485d-acd8-9cc11c7a142c,view,BOOK_023,0.0,2026-08-19 23:31:10.096025
18af9202-01b4-42d9-a7a8-a3fd40d77ea7,cart,SPRT_010,94.25,2026-08-18 19:15:31.006806
980e4d69-7354-43f4-bc44-99fc0146226f,view,ELEC_008,0.0,2026-08-22T17:14:16.548881
57f7b243-2a8f-4476-ab9a-b9ddbf63c54b,cart,FOOD_003,19.26,2026-08-28 18:16:35.143086
2123f5ae-14df-4e5d-92db-1157b83c002d,cart,CLTH_015,83.29,2026-08-19 23:27:35.254122
8648af4d-7a61-4fed-84ea-10895f513822,cart,ELEC_008,694.27,2026-08-20 21:21:32.077778
c6ad3b1a-879f-46e9-b4df-c61479de62ea,purchase,CLTH_028,134.37,2026-08-18T18:55:36.052830
91f30dc2-d42e-403d-8f92-452cf0c2e83b,view,FOOD_012,0.0,2026-08-19T23:25:30.416457
b3b7ea67-75e4-433b-a906-fd0202ed49b3,view,ELEC_030,0.0,2026-08-20 21:30:13.706377
9f5699e8-c821-4444-b570-668a4eedcb12,view,CLTH_011,0.0,2026-08-19 23:35:47.644778
3ae7f361-dd3c-4d91-9325-4b4e1a15b0bf,view,CLTH_016,0.0,2026-08-23T19:36:31.276969
1342dc6b-765d-46f2-b62a-ae0cc1bedb78,view,FOOD_024,0.0,2026-08-24 22:21:23.311853
c6da6198-1302-4f3b-98d8-59f524206a5a,view,CLTH_007,0.0,2026-08-24 20:03:35.006123
b8626474-9939-4b22-b12e-52c5f4b4739c,view,ELEC_023,0.0,2026-08-18 19:05:07.281248
7cecad85-4914-4af5-863e-309987695976,view,CLTH_002,0.0,2026-08-24 22:11:07.276889
c6da6198-1302-4f3b-98d8-59f524206a5a,view,CLTH_008,0.0,2026-08-24 19:52:52.818227
fb5c4430-55ab-46c5-9e83-bae524560811,view,FOOD_016,0.0,2026-08-24 20:02:14.916636
194d41b2-19c9-4faa-8a3b-c33649c1679f,view,ELEC_017,0.0,2026-08-24T19:43:28.144716
3eae1b1f-da2f-40b7-883b-ad6d9a3673eb,view,CLTH_028,0.0,2026-08-24 22:30:58.239159
9f6791f7-ecb4-48c0-8d76-b8e55d160f4b,view,SPRT_007,0.0,2026-08-20 21:44:19.386406
85a19fd8-54ae-4ace-a4dc-55c4ce3993ce,view,BOOK_025,0.0,2026-08-24 23:07:09.834012
15371891-3d67-4bbe-a227-0aa843960503,view,BOOK_001,0.0,2026-08-28T18:15:56.926330
292aa98d-2159-46e5-86b7-ebb3da08accd,view,CLTH_030,0.0,2026-08-22 17:57:28.727487
8cdacff9-37d6-4442-84bc-6ae90cf25759,view,FOOD_018,0.0,2026-08-23 19:36:42.929172
fcd6fe57-c144-4e2e-a82f-44cb7df85d3f,cart,BOOK_004,56.93,2026-08-20 21:17:00.612315
11da9648-ae79-4fa4-b84c-689819c0f684,purchase,CLTH_011,211.49,2026-08-24T23:12:18.698969
b4a0963f-da4e-401b-b39a-2668f972529c,view,SPRT_004,0.0,2026-08-24 19:51:40.065168
77765993-45c5-4be1-9161-1885f032fc20,view,ELEC_009,0.0,2026-08-22 17:48:56.988937
93a77f89-bfd1-4c5d-9caf-af8b44e15eb1,purchase,SPRT_021,171.91,2026-08-22T17:11:08.695860
7a84b978-cc6b-49c8-8bba-b1f87d39615a,view,FOOD_025,0.0,2026-08-24T22:31:46.366029
8de7eb13-8152-4611-a515-17ecfec46828,cart,SPRT_027,405.36,2026-08-22T17:11:08.762827
e0fd2345-d654-4429-9d48-e2b1544bc0ee,view,CLTH_001,0.0,2026-08-19 23:23:35.836178
b8626474-9939-4b22-b12e-52c5f4b4739c,cart,CLTH_029,170.56,2026-08-24T20:11:40.850300
718814b5-9a30-4643-8cfb-a460a60999ba,view,CLTH_015,0.0,2026-08-24 19:58:51.671465
9b7e7aee-079a-4bab-8c71-badadf83bdcd,view,SPRT_003,0.0,2026-08-20 21:27:36.773425
9f729b04-6f80-4dae-9824-921396cc0ee2,view,BOOK_008,0.0,2026-08-24 20:15:08.538893
1683fa13-caae-47d0-876d-5cd63161b109,view,BOOK_015,0.0,2026-08-24T19:48:09.925881
0499cbb0-f1ab-4ff4-bdac-9b47815a9b3a,cart,CLTH_027,56.32,2026-08-23 19:49:26.648108
a4dbcca0-eaa3-4f6a-91d1-a92bc00a2c19,view,BOOK_011,0.0,2026-08-24T20:19:00.567766
9f729b04-6f80-4dae-9824-921396cc0ee2,view,BOOK_007,0.0,2026-08-24 20:15:41.889867
d2393a76-e7aa-4917-8d1a-eaea77151dd0,view,CLTH_010,0.0,2026-08-20 21:26:54.620593
1342dc6b-765d-46f2-b62a-ae0cc1bedb78,view,SPRT_009,0.0,2026-08-24 22:59:34.313375
af8c3802-1e97-4ac1-a05e-a064dc9a598f,view,CLTH_019,0.0,2026-08-18 18:57:24.843232
0e5061dd-6477-4b0b-baf1-80f9eca14fcd,view,SPRT_012,0.0,2026-08-19 23:27:33.033780
d06247ce-154f-44d2-a431-0e6def01535f,view,FOOD_026,0.0,2026-08-28T18:14:45.206510
838d67a1-4adc-4bef-834d-defa67fe3762,view,FOOD_013,0.0,2026-08-24 22:42:10.327369
659ae273-f90a-4d3d-8e25-4ce44740dbc3,view,SPRT_023,0.0,2026-08-22T17:05:48.673204
53cf9005-c315-44bf-8b90-ee836dc0ab1f,cart,CLTH_009,75.79,2026-08-24T19:47:07.435404
14652829-4c93-49cc-ac11-1084b352dbf8,view,BOOK_022,0.0,2026-08-24 23:01:05.683116
abdf77fe-de5b-4e52-955c-aeb34086fb6c,view,CLTH_028,0.0,2026-08-20 21:43:01.619898
85a19fd8-54ae-4ace-a4dc-55c4ce3993ce,view,BOOK_025,0.0,2026-08-24 22:18:27.341572
0a2f3d10-ae64-4472-a673-478e6650e204,view,CLTH_014,0.0,2026-08-20T21:16:10.328949
d2393a76-e7aa-4917-8d1a-eaea77151dd0,view,SPRT_020,0.0,2026-08-24T23:21:00.104912
c56998f4-a438-484c-8b0c-b80c399f6fcd,purchase,FOOD_017,116.98,2026-08-24 19:53:15.211795
d13300b8-b21a-4b42-b229-1237697e4e3f,view,FOOD_022,0.0,2026-08-18T18:51:53.131442
7c876903-8503-4e64-91da-9f12ea161fac,purchase,SPRT_002,147.85,2026-08-24 21:34:29.976148
7973f2a9-cd05-4d96-a6a3-b5bcbfe5a807,view,CLTH_023,0.0,2026-08-24 20:57:59.838420
38c90e9e-a827-4bae-9a22-50c3d3ae002c,view,FOOD_004,0.0,2026-08-20 21:15:26.129466
b43786c5-4ef6-4017-a344-22b26bcbd3c5,view,SPRT_011,0.0,2026-08-24 20:09:32.662905
14652829-4c93-49cc-ac11-1084b352dbf8,cart,BOOK_012,33.34,2026-08-24 21:55:59.102599
135a78d8-b64e-42f3-b81e-06a99da1379a,view,FOOD_006,0.0,2026-08-22 17:10:59.610556
07e00408-a9f3-4a26-bb10-653e27ee1d69,view,CLTH_004,0.0,2026-08-24 21:42:37.703321
dca944a7-0934-422f-a615-4a2ae9dbac65,purchase,FOOD_030,17.42,2026-08-22T17:04:40.324436
e3576704-b8db-4482-a571-018fedb94275,view,CLTH_013,0.0,2026-08-16 16:40:38.254861
93a77f89-bfd1-4c5d-9caf-af8b44e15eb1,view,SPRT_003,0.0,2026-08-24T19:52:52.508483
16a45d1c-fcb0-44ee-be9c-1c14c693e1c8,purchase,CLTH_008,242.35,2026-08-24 21:15:05.894723
e2d48b75-546c-497a-95bd-14034b8f808a,cart,ELEC_012,580.85,2026-08-24T19:57:02.819566
07e00408-a9f3-4a26-bb10-653e27ee1d69,view,ELEC_011,0.0,2026-08-24T23:11:02.283749
a9924f59-2d8b-4172-8e44-ae16ad011154,cart,FOOD_003,71.26,2026-08-16 10:28:10.598169
db7f8eee-9b64-455b-9ada-7be2b9d2a40c,purchase,BOOK_017,62.84,2026-08-15 19:40:48.764833
b4a0963f-da4e-401b-b39a-2668f972529c,view,SPRT_017,0.0,2026-08-24 20:49:33.226901
800f664d-f662-49db-9420-27bde33160de,view,CLTH_010,0.0,2026-08-23T19:45:57.164690
1c40c716-3e21-417f-a735-1300abafdc59,cart,FOOD_009,58.34,2026-08-18T18:57:42.803656
64e03740-f8e2-4f17-a9d2-9dd1950f9c9f,view,SPRT_026,0.0,2026-08-28 18:15:24.759127
16a45d1c-fcb0-44ee-be9c-1c14c693e1c8,purchase,CLTH_003,70.37,2026-08-24 20:07:39.250894
07974040-0d6e-4dd2-a06d-09236cb2f439,view,ELEC_007,0.0,2026-08-24 21:33:42.623109
b1143e5d-1e1f-426c-aaa8-ab647f0ea967,view,CLTH_013,0.0,2026-08-22T17:33:45.049927
fad4b01a-17f0-4665-bba4-9d851ec619c6,view,CLTH_007,0.0,2026-08-28 18:05:10.550617
a9ef0f29-d39b-4e19-9e9d-76779cf2469d,cart,SPRT_028,297.48,2026-08-20 21:54:35.640406
39916c2e-f0f0-4c72-b753-c93c5f6c48e5,cart,ELEC_023,76.04,2026-08-24T19:45:02.120708
85a19fd8-54ae-4ace-a4dc-55c4ce3993ce,view,FOOD_030,0.0,2026-08-24 21:54:03.122786
b568b56b-df03-4a6f-ae89-4908c2685971,view,BOOK_011,0.0,2026-08-20 21:34:23.031385
559449e8-4daf-4cae-863c-369e59d25d8b,purchase,SPRT_005,202.21,2026-08-23T19:36:00.160769
559449e8-4daf-4cae-863c-369e59d25d8b,view,FOOD_021,0.0,2026-08-24T22:41:19.811853
b4a0963f-da4e-401b-b39a-2668f972529c,view,SPRT_020,0.0,2026-08-24 20:07:02.997201
3cb83936-10c1-45ed-8b78-b82ea2727b7a,view,BOOK_015,0.0,2026-08-22 17:13:28.185643
1f1fb1c5-8a0f-4b64-8261-f51ffc33db1f,view,FOOD_022,0.0,2026-08-22T17:31:08.763227
3eae1b1f-da2f-40b7-883b-ad6d9a3673eb,cart,CLTH_007,36.73,2026-08-24 22:51:12.935299
85a19fd8-54ae-4ace-a4dc-55c4ce3993ce,view,BOOK_029,0.0,2026-08-24 22:15:41.888134
aaaa38a6-7d37-4a0f-a0ae-a18daa98f586,view,CLTH_027,0.0,2026-08-24T21:07:53.724138
3cd39961-1811-4043-81ca-ab2b96896334,view,FOOD_012,0.0,2026-08-22T17:10:37.022661
85a19fd8-54ae-4ace-a4dc-55c4ce3993ce,cart,BOOK_003,43.88,2026-08-24 22:22:34.047042
8889c320-1f19-4bac-9c31-b9218acbf5b5,view,ELEC_024,0.0,2026-08-24 23:02:04.913445
80a44646-6c7e-488e-8f96-dda9667f62bf,view,BOOK_024,0.0,2026-08-24 20:15:38.745680
151d1b6b-31e9-4c3a-98ee-7ebc527bc572,view,SPRT_015,0.0,2026-08-22 17:41:15.438070
acececef-4ab4-44e7-8ba4-dc1b3db1b57b,view,CLTH_017,0.0,2026-08-19 23:32:19.283241
9ea41e68-c710-4b07-b2ae-6bbf22342547,view,SPRT_011,0.0,2026-08-24T20:45:23.989955
b4a0963f-da4e-401b-b39a-2668f972529c,view,SPRT_021,0.0,2026-08-24 20:00:59.662655
e04bc446-eef1-4a6c-bdd3-722ed841b5b0,view,CLTH_025,0.0,2026-08-24 23:10:06.489097
ecb51178-8afe-4ba9-bd61-87e0a416554b,view,CLTH_001,0.0,2026-08-24T22:13:15.382797
559449e8-4daf-4cae-863c-369e59d25d8b,view,BOOK_011,0.0,2026-08-24T21:04:10.718916
c6da6198-1302-4f3b-98d8-59f524206a5a,view,CLTH_005,0.0,2026-08-24 20:18:45.996462
6c42b183-6d7f-4eed-9a19-89815e3d0919,view,ELEC_026,0.0,2026-08-24 22:06:06.929364
53cf9005-c315-44bf-8b90-ee836dc0ab1f,view,ELEC_007,0.0,2026-08-24T20:32:10.197453
272d6b5f-aeca-485e-a4ba-1a5689f647ac,cart,ELEC_006,168.17,2026-08-24 19:41:52.200250
54dbe932-4af2-4f72-a46d-126eccaec63d,view,BOOK_002,0.0,2026-08-22T17:46:53.915230
a36f04ce-4f5a-4641-8208-bc26f0f0be59,cart,BOOK_018,63.09,2026-08-22T17:55:53.866747
1342dc6b-765d-46f2-b62a-ae0cc1bedb78,view,SPRT_027,0.0,2026-08-24 23:11:56.757603
d37ca1f9-a758-4fcd-abd0-8a4b28290823,view,CLTH_006,0.0,2026-08-22 17:27:24.171499
292aa98d-2159-46e5-86b7-ebb3da08accd,view,SPRT_011,0.0,2026-08-23T19:57:11.097944
acececef-4ab4-44e7-8ba4-dc1b3db1b57b,cart,CLTH_005,72.44,2026-08-19 23:31:28.619867
e9af50c7-3916-48bf-9def-f8eae8db79ee,view,BOOK_024,0.0,2026-08-24 20:12:17.626145
7973f2a9-cd05-4d96-a6a3-b5bcbfe5a807,cart,BOOK_012,23.7,2026-08-24 19:49:37.647645
e3576704-b8db-4482-a571-018fedb94275,view,CLTH_012,0.0,2026-08-16 16:45:15.851544
3eae1b1f-da2f-40b7-883b-ad6d9a3673eb,view,CLTH_010,0.0,2026-08-24 23:03:09.154196
07e00408-a9f3-4a26-bb10-653e27ee1d69,view,CLTH_013,0.0,2026-08-24 21:42:37.476342
28dee375-acb0-4efe-91a1-27bd967ca56b,view,BOOK_018,0.0,2026-08-24T21:30:10.640684
0f4db5c7-beaf-4757-b8cf-f156b73fe4d5,view,SPRT_030,0.0,2026-08-20 21:54:10.569967
e04bc446-eef1-4a6c-bdd3-722ed841b5b0,view,CLTH_007,0.0,2026-08-24 23:13:36.132384
5ecfc98a-922a-4821-a19c-74739ea9d49c,purchase,CLTH_025,252.51,2026-08-24 22:18:58.994514
292aa98d-2159-46e5-86b7-ebb3da08accd,view,FOOD_017,0.0,2026-08-22 17:51:24.810336
1342dc6b-765d-46f2-b62a-ae0cc1bedb78,view,SPRT_028,0.0,2026-08-24 23:11:56.892933
7a84b978-cc6b-49c8-8bba-b1f87d39615a,view,ELEC_004,0.0,2026-08-24 22:28:12.195789
6c42b183-6d7f-4eed-9a19-89815e3d0919,cart,ELEC_005,761.11,2026-08-24 21:50:20.587649
9d82dbcc-f68b-4045-b84a-79b4d7103eeb,view,FOOD_025,0.0,2026-08-23T19:52:56.282854
9f5699e8-c821-4444-b570-668a4eedcb12,view,FOOD_023,0.0,2026-08-19 23:31:50.489713
8cdacff9-37d6-4442-84bc-6ae90cf25759,view,FOOD_009,0.0,2026-08-23 19:39:22.880105
e3576704-b8db-4482-a571-018fedb94275,cart,ELEC_017,296.69,2026-08-24T22:56:36.057694
b43786c5-4ef6-4017-a344-22b26bcbd3c5,view,ELEC_023,0.0,2026-08-24T21:19:29.988208
0d5c42ed-4461-4096-8503-c9de6cbe237f,cart,ELEC_026,675.22,2026-08-20T21:15:07.796761
5fd25fd1-437c-46b3-9a39-aa545fcef320,view,ELEC_025,0.0,2026-08-24T23:24:01.196631
5ecfc98a-922a-4821-a19c-74739ea9d49c,view,CLTH_020,0.0,2026-08-24 21:52:39.933299
adcabb5a-9294-4e06-91d7-d5fb55987582,view,BOOK_021,0.0,2026-08-18 18:59:03.911562
07974040-0d6e-4dd2-a06d-09236cb2f439,view,BOOK_011,0.0,2026-08-24 22:18:30.276400
e04bc446-eef1-4a6c-bdd3-722ed841b5b0,view,CLTH_014,0.0,2026-08-24 22:05:28.477012
06ef8987-2209-4f91-b32e-b826d451f567,view,FOOD_017,0.0,2026-08-18T19:06:02.057419
3eae1b1f-da2f-40b7-883b-ad6d9a3673eb,purchase,CLTH_025,150.97,2026-08-24 22:51:29.229841
e6b69773-e22a-4015-9c79-bca0c2f25059,view,ELEC_017,0.0,2026-08-28 18:09:03.096316
60fa3dee-9722-469f-9ede-8581e64a5dc8,view,CLTH_015,0.0,2026-08-20 21:27:41.962675
27a943f0-74c1-47d4-a697-2bf5d20625d8,cart,CLTH_012,40.7,2026-08-24 20:10:16.298306
8de7eb13-8152-4611-a515-17ecfec46828,view,BOOK_024,0.0,2026-08-22 17:11:37.921985
80a44646-6c7e-488e-8f96-dda9667f62bf,view,BOOK_020,0.0,2026-08-24 19:48:49.416286
91f30dc2-d42e-403d-8f92-452cf0c2e83b,view,SPRT_002,0.0,2026-08-16 16:45:01.586344
8c9bf60c-9d81-434e-9a6f-73c2800925e8,purchase,FOOD_029,15.95,2026-08-24T22:13:50.723199
91f30dc2-d42e-403d-8f92-452cf0c2e83b,view,ELEC_016,0.0,2026-08-24T19:51:50.507227
800f664d-f662-49db-9420-27bde33160de,view,CLTH_004,0.0,2026-08-16 10:33:19.294063
fb5c4430-55ab-46c5-9e83-bae524560811,view,FOOD_018,0.0,2026-08-24 19:38:58.235273
653709fa-a965-4975-9c69-451df40148e0,view,SPRT_007,0.0,2026-08-24T20:27:14.189715
5ecfc98a-922a-4821-a19c-74739ea9d49c,view,FOOD_021,0.0,2026-08-24 22:07:38.946837
e7011402-63aa-4b75-87a9-67546325bcab,view,CLTH_028,0.0,2026-08-24 22:20:58.215615
d0ee500b-2986-4393-8222-e3a34f6829c5,view,CLTH_011,0.0,2026-08-22 17:46:35.624116
e17430b1-f78e-48ab-b1f9-1432b3b7be18,cart,CLTH_012,186.67,2026-08-28 18:11:47.141132
e6b69773-e22a-4015-9c79-bca0c2f25059,view,ELEC_022,0.0,2026-08-28 18:15:02.895845
caf220a7-85eb-4fa4-a33b-8c246570b167,view,ELEC_021,0.0,2026-08-22T17:36:21.595868
e941fe3b-e99f-4add-bed3-5b4394d2ddc3,view,ELEC_006,0.0,2026-08-28 18:21:47.351492
fc18b9b9-0790-45c2-9bd4-39c8c166b7ff,view,FOOD_007,0.0,2026-08-20T21:24:03.700437
a5184ecf-8473-4c68-a33b-f6c956626ce8,view,FOOD_015,0.0,2026-08-22 17:10:15.147509
7adce7be-64d4-4802-b5f9-067f8cf870b9,view,CLTH_030,0.0,2026-08-28 18:13:48.747598
16a45d1c-fcb0-44ee-be9c-1c14c693e1c8,view,CLTH_023,0.0,2026-08-24 20:58:15.465514
653709fa-a965-4975-9c69-451df40148e0,view,CLTH_012,0.0,2026-08-22T18:00:34.890726
54dbe932-4af2-4f72-a46d-126eccaec63d,cart,CLTH_011,118.09,2026-08-16 10:45:24.972426
3cd39961-1811-4043-81ca-ab2b96896334,view,ELEC_027,0.0,2026-08-22T17:45:48.903963
99e329dd-777c-4afe-bc50-366ecd0bd177,view,CLTH_029,0.0,2026-08-22 17:52:11.343622
b92588da-f188-45e0-9358-9c955d88bc5a,view,ELEC_013,0.0,2026-08-20 21:10:20.212293
7a84b978-cc6b-49c8-8bba-b1f87d39615a,purchase,ELEC_013,963.77,2026-08-24 21:39:51.821489
d06247ce-154f-44d2-a431-0e6def01535f,view,CLTH_015,0.0,2026-08-24 21:48:12.562609
a4dbcca0-eaa3-4f6a-91d1-a92bc00a2c19,view,CLTH_004,0.0,2026-08-24 20:09:14.511431
e3576704-b8db-4482-a571-018fedb94275,view,CLTH_020,0.0,2026-08-16 16:40:38.380561
77765993-45c5-4be1-9161-1885f032fc20,view,ELEC_024,0.0,2026-08-22 17:48:56.752454
e04bc446-eef1-4a6c-bdd3-722ed841b5b0,view,CLTH_027,0.0,2026-08-24 23:13:36.012930
3cd39961-1811-4043-81ca-ab2b96896334,view,CLTH_023,0.0,2026-08-23T19:45:58.193371
1a57d526-e419-4985-b2c6-65d021f92488,view,CLTH_016,0.0,2026-08-20 22:02:14.022331
9f6791f7-ecb4-48c0-8d76-b8e55d160f4b,view,BOOK_015,0.0,2026-08-22T17:05:12.853396
85a19fd8-54ae-4ace-a4dc-55c4ce3993ce,cart,BOOK_013,33.02,2026-08-24 22:17:29.242097
27a943f0-74c1-47d4-a697-2bf5d20625d8,view,BOOK_002,0.0,2026-08-24 20:52:35.002680
27a943f0-74c1-47d4-a697-2bf5d20625d8,view,CLTH_017,0.0,2026-08-24 20:17:38.861663
3ad97fa8-650a-449e-819a-7461929db15a,view,FOOD_025,0.0,2026-08-20 22:02:46.160316
3a163339-db2f-495c-b9bd-a2c97e622b2d,view,CLTH_020,0.0,2026-08-24 21:55:35.660896
b1143e5d-1e1f-426c-aaa8-ab647f0ea967,view,FOOD_007,0.0,2026-08-20 21:59:26.078855
d06247ce-154f-44d2-a431-0e6def01535f,cart,CLTH_009,137.06,2026-08-24 22:01:22.022774
ddc313fb-bc63-47e5-ac3f-b9d1d5a703a1,view,SPRT_022,0.0,2026-08-24 22:16:08.043884
1683fa13-caae-47d0-876d-5cd63161b109,cart,FOOD_017,48.92,2026-08-24T20:44:15.901687
82a1487d-2323-45c1-9468-a6f88d47a779,view,FOOD_020,0.0,2026-08-24 21:23:47.337862
c6b1433c-fd3a-4b37-a002-e3213ac67574,cart,FOOD_013,45.55,2026-08-24 22:22:39.456324
2ca3ba80-c4ea-48a9-9d49-ec547b2177a2,view,BOOK_011,0.0,2026-08-28T18:25:35.103020
65bdd5f8-4652-4a5f-aa90-ed5cbed78e68,view,ELEC_017,0.0,2026-08-28 18:17:19.489971
7973f2a9-cd05-4d96-a6a3-b5bcbfe5a807,view,CLTH_023,0.0,2026-08-24 21:10:39.464938
9f729b04-6f80-4dae-9824-921396cc0ee2,cart,BOOK_002,23.59,2026-08-24 21:01:08.771665
135a78d8-b64e-42f3-b81e-06a99da1379a,purchase,CLTH_019,138.8,2026-08-24T23:12:17.001268
b2494169-7cd1-450a-9a6a-5bd5ce40d2fb,cart,BOOK_015,16.31,2026-08-24 21:46:50.201513
ecef0a71-9256-43e0-bf92-91fc8ffffcf4,view,CLTH_014,0.0,2026-08-24 19:44:22.757381
adcabb5a-9294-4e06-91d7-d5fb55987582,view,BOOK_010,0.0,2026-08-18 18:48:55.561948
15371891-3d67-4bbe-a227-0aa843960503,cart,CLTH_019,158.84,2026-08-24 22:54:18.165089
653709fa-a965-4975-9c69-451df40148e0,view,CLTH_029,0.0,2026-08-24T19:44:30.498104
ddc313fb-bc63-47e5-ac3f-b9d1d5a703a1,view,CLTH_018,0.0,2026-08-24 21:27:59.962496
d2393a76-e7aa-4917-8d1a-eaea77151dd0,view,FOOD_018,0.0,2026-08-24T21:48:36.899436
796609d9-7739-4166-ab01-9a72c52c20a7,view,SPRT_018,0.0,2026-08-23 19:46:53.659366
8648af4d-7a61-4fed-84ea-10895f513822,view,ELEC_025,0.0,2026-08-20 21:10:23.724102
32d60b7b-0ecd-4d77-ad93-8db6a14c6708,view,SPRT_011,0.0,2026-08-24T19:52:52.554258
8889c320-1f19-4bac-9c31-b9218acbf5b5,view,ELEC_030,0.0,2026-08-24 21:27:44.925372
77fd67f5-d25c-4143-8bfe-91b94df193e1,view,ELEC_004,0.0,2026-08-18 19:15:08.937062
48fdb41c-6451-4813-9e73-3326f54170f7,view,CLTH_003,0.0,2026-08-19T23:25:30.386149
66f9e642-1674-468a-884b-55c6f9a06472,cart,FOOD_012,39.75,2026-08-20T21:10:31.118390
d06247ce-154f-44d2-a431-0e6def01535f,purchase,CLTH_009,273.32,2026-08-24 22:55:47.668192
653709fa-a965-4975-9c69-451df40148e0,view,ELEC_006,0.0,2026-08-20 21:14:55.512482
6faa3f2f-4722-4384-8e2e-1ba697d518a4,view,FOOD_028,0.0,2026-08-24T19:42:55.923243
151d1b6b-31e9-4c3a-98ee-7ebc527bc572,purchase,ELEC_002,546.45,2026-08-22 17:43:49.524088
b2494169-7cd1-450a-9a6a-5bd5ce40d2fb,view,CLTH_029,0.0,2026-08-24 22:10:46.787988
fb452d33-32d2-4fc8-a50d-278f74455526,cart,CLTH_022,227.89,2026-08-24T19:45:02.509554
7a84b978-cc6b-49c8-8bba-b1f87d39615a,cart,BOOK_021,32.07,2026-08-24 21:36:51.759188
15371891-3d67-4bbe-a227-0aa843960503,purchase,FOOD_014,17.01,2026-08-24 23:01:32.926424
d30fc382-e140-48b8-8038-bd17100271c2,view,FOOD_026,0.0,2026-08-24T22:08:07.345803
0499cbb0-f1ab-4ff4-bdac-9b47815a9b3a,view,CLTH_016,0.0,2026-08-23 19:49:26.771203
d2393a76-e7aa-4917-8d1a-eaea77151dd0,view,ELEC_017,0.0,2026-08-24T20:14:29.652297
e04bc446-eef1-4a6c-bdd3-722ed841b5b0,view,CLTH_029,0.0,2026-08-24 21:34:52.648621
59b41456-0c0c-46d0-9f3c-5fd6fe62f88a,view,BOOK_026,0.0,2026-08-23 19:40:06.277589
8cb1b203-1ae6-415f-a049-61e42090ef5e,view,CLTH_016,0.0,2026-08-23T19:45:57.925325
807ffd32-2ef3-4a31-a89a-238c366b264b,cart,CLTH_024,78.73,2026-08-24 22:03:19.684501
d9fedd6d-d50d-4109-9721-1cd2ce886f31,cart,FOOD_030,65.62,2026-08-24T20:58:46.069565
af8c3802-1e97-4ac1-a05e-a064dc9a598f,view,SPRT_030,0.0,2026-08-20T21:13:35.108032
06ef8987-2209-4f91-b32e-b826d451f567,cart,SPRT_026,187.96,2026-08-24T20:15:35.892293
45be79ad-8040-4559-be25-1a4737d5bdec,view,FOOD_011,0.0,2026-08-24 19:38:12.677940
c8e0f50d-4298-44da-ac25-229ba2271015,view,ELEC_019,0.0,2026-08-19T23:32:39.892814
85a19fd8-54ae-4ace-a4dc-55c4ce3993ce,view,SPRT_003,0.0,2026-08-24 22:58:36.045130
9ea41e68-c710-4b07-b2ae-6bbf22342547,cart,SPRT_020,528.55,2026-08-16T10:35:06.106228
b4a0963f-da4e-401b-b39a-2668f972529c,view,SPRT_017,0.0,2026-08-24 19:51:40.129201
fb5c4430-55ab-46c5-9e83-bae524560811,view,FOOD_012,0.0,2026-08-24 19:34:32.505294
838d67a1-4adc-4bef-834d-defa67fe3762,view,FOOD_010,0.0,2026-08-24 23:18:26.476446
807ffd32-2ef3-4a31-a89a-238c366b264b,view,CLTH_020,0.0,2026-08-24 21:35:27.660612
194d41b2-19c9-4faa-8a3b-c33649c1679f,purchase,FOOD_009,30.98,2026-08-20 21:32:31.745466
ddc313fb-bc63-47e5-ac3f-b9d1d5a703a1,view,CLTH_020,0.0,2026-08-24 22:36:29.007355
9f729b04-6f80-4dae-9824-921396cc0ee2,purchase,BOOK_022,12.35,2026-08-24 20:31:44.822295
23563557-5b65-4775-84d2-cd11d7916afb,view,SPRT_014,0.0,2026-08-20T21:35:31.671872
85a19fd8-54ae-4ace-a4dc-55c4ce3993ce,cart,BOOK_018,15.92,2026-08-24 23:08:46.692509
7c876903-8503-4e64-91da-9f12ea161fac,cart,ELEC_026,793.94,2026-08-24 22:07:35.101291
c56998f4-a438-484c-8b0c-b80c399f6fcd,purchase,BOOK_010,45.22,2026-08-24 20:46:05.841539
1c40c716-3e21-417f-a735-1300abafdc59,view,FOOD_001,0.0,2026-08-15 19:43:26.030404
16a45d1c-fcb0-44ee-be9c-1c14c693e1c8,purchase,CLTH_009,151.73,2026-08-24 20:22:06.553301
800f664d-f662-49db-9420-27bde33160de,view,FOOD_017,0.0,2026-08-24T19:50:47.438617
b2b6e8f7-a7a2-4a38-8be3-f154118f5196,purchase,BOOK_021,19.99,2026-08-23T19:37:03.530032
0bbfa7f7-fdca-4164-bc87-12ea9a76d7ed,view,SPRT_023,0.0,2026-08-20T21:21:59.112900
e04bc446-eef1-4a6c-bdd3-722ed841b5b0,view,CLTH_001,0.0,2026-08-24 21:56:13.357465
46b4a363-670a-4824-bdea-bffd85562f0b,cart,CLTH_011,29.87,2026-08-18 18:52:36.900277
9f729b04-6f80-4dae-9824-921396cc0ee2,purchase,BOOK_016,18.36,2026-08-24 20:12:53.132370
e04bc446-eef1-4a6c-bdd3-722ed841b5b0,view,CLTH_002,0.0,2026-08-24 21:36:59.398051
80a44646-6c7e-488e-8f96-dda9667f62bf,view,BOOK_016,0.0,2026-08-24 20:55:26.841861
14652829-4c93-49cc-ac11-1084b352dbf8,view,BOOK_017,0.0,2026-08-24 22:00:50.101329
718814b5-9a30-4643-8cfb-a460a60999ba,view,CLTH_008,0.0,2026-08-24 20:40:42.739728
b4a0963f-da4e-401b-b39a-2668f972529c,view,SPRT_007,0.0,2026-08-24 20:46:50.992665
45be79ad-8040-4559-be25-1a4737d5bdec,view,FOOD_019,0.0,2026-08-24 20:15:18.188592
9f5699e8-c821-4444-b570-668a4eedcb12,view,BOOK_029,0.0,2026-08-19T23:24:29.526817
3c8208eb-982f-4c25-aeb6-1d676d8c95fd,view,ELEC_009,0.0,2026-08-24T23:11:01.587035
c56998f4-a438-484c-8b0c-b80c399f6fcd,cart,BOOK_006,42.28,2026-08-24 20:22:41.633461
807ffd32-2ef3-4a31-a89a-238c366b264b,cart,CLTH_005,192.09,2026-08-24 21:30:13.466731
f40f2fc0-4990-4c42-b190-23976cdaf79f,view,ELEC_017,0.0,2026-08-22T17:13:13.987850
b4a0963f-da4e-401b-b39a-2668f972529c,view,SPRT_014,0.0,2026-08-24 20:21:15.873057
c6ad3b1a-879f-46e9-b4df-c61479de62ea,view,CLTH_009,0.0,2026-08-18T19:06:33.205831
204cd583-e18f-4356-afbd-560a95e5e55d,purchase,CLTH_022,123.68,2026-08-24 20:48:43.483919
07e00408-a9f3-4a26-bb10-653e27ee1d69,cart,CLTH_026,90.33,2026-08-24 22:35:52.282159
9f5699e8-c821-4444-b570-668a4eedcb12,view,FOOD_018,0.0,2026-08-19 23:31:50.677927
07e00408-a9f3-4a26-bb10-653e27ee1d69,view,CLTH_013,0.0,2026-08-24 21:45:51.816113
9f729b04-6f80-4dae-9824-921396cc0ee2,view,BOOK_021,0.0,2026-08-24 20:12:53.073062
a3414eda-0341-4e0d-b3fa-5e873248b36a,view,ELEC_030,0.0,2026-08-16 10:42:50.622645
aaf98546-9399-431c-890b-576fa08abac0,cart,SPRT_005,33.4,2026-08-23T19:38:06.951594
28dee375-acb0-4efe-91a1-27bd967ca56b,view,BOOK_028,0.0,2026-08-24T20:55:53.266774
097603f7-ef8e-4380-83ce-337ce6b52a59,view,BOOK_026,0.0,2026-08-24 22:31:09.435862
1342dc6b-765d-46f2-b62a-ae0cc1bedb78,view,FOOD_023,0.0,2026-08-24 22:21:23.143833
fc18b9b9-0790-45c2-9bd4-39c8c166b7ff,view,BOOK_002,0.0,2026-08-24T19:45:01.997321
4bcc35c7-0c0f-40c6-81ef-9290c390c8ae,view,FOOD_005,0.0,2026-08-24T22:37:59.217282
17bb18d0-1b6c-4045-9b62-754e463aabd2,view,ELEC_002,0.0,2026-08-28 18:10:51.598699
4bcc35c7-0c0f-40c6-81ef-9290c390c8ae,cart,BOOK_026,45.81,2026-08-22T17:04:40.640147
670c5e97-9826-48dd-b633-24b0d0b347c1,cart,BOOK_007,13.97,2026-08-20 21:50:34.939945
5fd25fd1-437c-46b3-9a39-aa545fcef320,view,FOOD_028,0.0,2026-08-24 20:15:29.163996
b4a0963f-da4e-401b-b39a-2668f972529c,view,SPRT_020,0.0,2026-08-24 20:23:32.817524
559449e8-4daf-4cae-863c-369e59d25d8b,view,SPRT_011,0.0,2026-08-20T21:27:11.881646
00f663e7-4a3e-49a4-a200-c3c06ef5259a,purchase,FOOD_013,113.76,2026-08-22 17:02:45.796955
a169dc99-f3d9-4a6d-be74-c528e84e184c,view,CLTH_029,0.0,2026-08-18 18:47:54.217487
1363fff9-d076-4436-83e3-9a6449cff1e2,view,CLTH_026,0.0,2026-08-23T19:45:57.350873
00f663e7-4a3e-49a4-a200-c3c06ef5259a,purchase,FOOD_006,44.76,2026-08-22T17:06:58.744225
49d7c508-82b8-424a-9f56-f23225a308fb,view,FOOD_013,0.0,2026-08-23 19:50:53.291865
c6da6198-1302-4f3b-98d8-59f524206a5a,view,BOOK_008,0.0,2026-08-24 19:45:30.693264
8889c320-1f19-4bac-9c31-b9218acbf5b5,view,ELEC_020,0.0,2026-08-24 21:55:33.445249
292aa98d-2159-46e5-86b7-ebb3da08accd,view,SPRT_025,0.0,2026-08-22 17:47:38.851642
85a19fd8-54ae-4ace-a4dc-55c4ce3993ce,view,BOOK_019,0.0,2026-08-24 23:01:40.228717
097603f7-ef8e-4380-83ce-337ce6b52a59,view,SPRT_008,0.0,2026-08-24 21:53:46.588490
a5184ecf-8473-4c68-a33b-f6c956626ce8,purchase,CLTH_030,279.01,2026-08-22 17:03:49.511636
69ac5a58-9bcc-4f4b-bdd5-baea8549f46e,view,ELEC_019,0.0,2026-08-22T17:45:50.715409
2531c3a7-f6d1-496c-8395-187ec22b1cf3,view,FOOD_010,0.0,2026-08-19T23:29:04.301216
19c40797-1cb3-4b73-8f5c-c71e4d1bd83c,view,SPRT_003,0.0,2026-08-24 07:50:01.363014
6c42b183-6d7f-4eed-9a19-89815e3d0919,view,SPRT_009,0.0,2026-08-24 22:57:15.641956
7c2e1788-86da-4c9e-8f5a-63e49fc287ed,cart,CLTH_010,132.39,2026-08-24T20:57:34.265647
ff8790c1-759e-4f9e-bb08-6f9a3d420448,view,CLTH_023,0.0,2026-08-16T16:42:24.446214
a96f1d3a-763c-4bc2-9e7d-20d3463261d5,view,ELEC_023,0.0,2026-08-15 19:46:36.038917
097603f7-ef8e-4380-83ce-337ce6b52a59,view,BOOK_003,0.0,2026-08-24 23:03:58.385417
8e8f1a72-9d02-4f7f-812e-28ab52b05f20,purchase,BOOK_012,17.19,2026-08-24T20:04:21.648183
272d6b5f-aeca-485e-a4ba-1a5689f647ac,view,FOOD_027,0.0,2026-08-24 20:56:16.350328
1a57d526-e419-4985-b2c6-65d021f92488,view,CLTH_015,0.0,2026-08-20 22:04:42.024213
e15893a3-618b-454c-8f35-eef896e6f74e,cart,BOOK_003,37.11,2026-08-24T19:48:41.781684
d30fc382-e140-48b8-8038-bd17100271c2,view,FOOD_017,0.0,2026-08-24T21:57:03.990469
1f1fb1c5-8a0f-4b64-8261-f51ffc33db1f,view,FOOD_004,0.0,2026-08-18 19:16:17.376027
b8626474-9939-4b22-b12e-52c5f4b4739c,cart,CLTH_012,134.86,2026-08-23T19:45:57.846619
911f18bb-7379-4bbe-b85b-b8bf25af64bf,view,CLTH_016,0.0,2026-08-18 19:16:01.262827
b3b7ea67-75e4-433b-a906-fd0202ed49b3,view,FOOD_015,0.0,2026-08-22T17:38:26.865761
bd22f4c4-5268-45d9-9243-8d72683946f2,view,CLTH_006,0.0,2026-08-23 19:39:01.892161
e04bc446-eef1-4a6c-bdd3-722ed841b5b0,view,BOOK_020,0.0,2026-08-24 22:20:53.270368
9ea41e68-c710-4b07-b2ae-6bbf22342547,view,BOOK_029,0.0,2026-08-24T19:57:33.718277
272d6b5f-aeca-485e-a4ba-1a5689f647ac,view,ELEC_002,0.0,2026-08-24 21:19:47.889605
9b7e7aee-079a-4bab-8c71-badadf83bdcd,view,SPRT_022,0.0,2026-08-20 21:20:36.752466
fb5c4430-55ab-46c5-9e83-bae524560811,view,FOOD_025,0.0,2026-08-24 21:15:34.983152
2de07fdd-8b53-4691-a8aa-c355b7716a3e,view,SPRT_026,0.0,2026-08-28T18:08:39.024234
1342dc6b-765d-46f2-b62a-ae0cc1bedb78,view,SPRT_023,0.0,2026-08-24 22:14:34.826405
d9fedd6d-d50d-4109-9721-1cd2ce886f31,view,ELEC_017,0.0,2026-08-24T19:46:36.293641
a96f1d3a-763c-4bc2-9e7d-20d3463261d5,view,ELEC_024,0.0,2026-08-15 19:42:41.577821
9f729b04-6f80-4dae-9824-921396cc0ee2,view,BOOK_012,0.0,2026-08-24 20:31:44.786376
3cd39961-1811-4043-81ca-ab2b96896334,view,SPRT_001,0.0,2026-08-15 19:34:37.986174
a4dbcca0-eaa3-4f6a-91d1-a92bc00a2c19,view,CLTH_007,0.0,2026-08-24 20:16:35.361414
c6da6198-1302-4f3b-98d8-59f524206a5a,view,CLTH_028,0.0,2026-08-24 21:12:24.223052
82a1487d-2323-45c1-9468-a6f88d47a779,view,FOOD_006,0.0,2026-08-24 21:02:24.216781
d30fc382-e140-48b8-8038-bd17100271c2,view,ELEC_016,0.0,2026-08-22 17:48:41.872617
0edab1bf-3255-4636-8c77-d72d54ebaa4a,view,BOOK_025,0.0,2026-08-18 19:11:28.861035
d13300b8-b21a-4b42-b229-1237697e4e3f,view,ELEC_019,0.0,2026-08-24T20:08:16.293764
07e00408-a9f3-4a26-bb10-653e27ee1d69,view,CLTH_017,0.0,2026-08-24 22:32:53.945844
0499cbb0-f1ab-4ff4-bdac-9b47815a9b3a,cart,CLTH_022,141.16,2026-08-23 19:33:44.403763
7a84b978-cc6b-49c8-8bba-b1f87d39615a,view,ELEC_004,0.0,2026-08-24 21:40:59.877866
3a163339-db2f-495c-b9bd-a2c97e622b2d,view,FOOD_013,0.0,2026-08-24 21:32:46.682105
07974040-0d6e-4dd2-a06d-09236cb2f439,view,ELEC_013,0.0,2026-08-28T18:18:20.013003
d0ee500b-2986-4393-8222-e3a34f6829c5,view,CLTH_015,0.0,2026-08-22 17:35:51.123726
38c90e9e-a827-4bae-9a22-50c3d3ae002c,cart,CLTH_022,213.54,2026-08-24T21:07:53.578318
3fb2fa2a-b4d2-485d-acd8-9cc11c7a142c,view,SPRT_020,0.0,2026-08-22T17:05:12.608114
71f55371-9f14-4e13-9e69-9f92146c5f85,cart,SPRT_029,167.16,2026-08-24T19:51:19.373108
90d1b635-2c2c-4335-a6a6-3088257c3e28,view,BOOK_004,0.0,2026-08-24T20:40:56.038985
c32d47d5-9419-46e9-8af8-3ed6aa710c89,view,SPRT_015,0.0,2026-08-22 17:46:51.697538
a4dbcca0-eaa3-4f6a-91d1-a92bc00a2c19,view,CLTH_025,0.0,2026-08-24 19:58:07.211476
e04bc446-eef1-4a6c-bdd3-722ed841b5b0,cart,ELEC_018,615.57,2026-08-24 21:51:29.812708
7c53ddd0-71fe-4919-a4fe-86d633a58eee,view,ELEC_011,0.0,2026-08-24T22:14:59.329553
8c1f2c4f-fcb2-4456-8fb7-b41a9931e230,view,SPRT_011,0.0,2026-08-28T18:09:49.110598
3ae7f361-dd3c-4d91-9325-4b4e1a15b0bf,view,BOOK_018,0.0,2026-08-15 19:38:48.920706
e04bc446-eef1-4a6c-bdd3-722ed841b5b0,view,CLTH_003,0.0,2026-08-24 22:02:49.817961
3eae1b1f-da2f-40b7-883b-ad6d9a3673eb,view,CLTH_009,0.0,2026-08-24 22:25:42.677027
718814b5-9a30-4643-8cfb-a460a60999ba,view,CLTH_022,0.0,2026-08-24 20:11:21.188948
77765993-45c5-4be1-9161-1885f032fc20,view,FOOD_022,0.0,2026-08-23T19:38:06.855932
e9af50c7-3916-48bf-9def-f8eae8db79ee,cart,BOOK_011,17.23,2026-08-24 20:39:33.026699
d06247ce-154f-44d2-a431-0e6def01535f,view,CLTH_021,0.0,2026-08-24 23:22:29.767912
61887664-7787-4a05-aa10-f242d15e7b6f,cart,SPRT_017,453.06,2026-08-24T19:51:19.225923
7cecad85-4914-4af5-863e-309987695976,view,CLTH_025,0.0,2026-08-24 23:18:49.882726
5fd25fd1-437c-46b3-9a39-aa545fcef320,view,ELEC_021,0.0,2026-08-24T19:56:30.391497
fb5c4430-55ab-46c5-9e83-bae524560811,view,FOOD_026,0.0,2026-08-24 21:11:28.235283
91f30dc2-d42e-403d-8f92-452cf0c2e83b,purchase,SPRT_007,351.49,2026-08-16 16:45:01.635192
a169dc99-f3d9-4a6d-be74-c528e84e184c,view,CLTH_009,0.0,2026-08-18 18:58:58.646958
3eae1b1f-da2f-40b7-883b-ad6d9a3673eb,view,CLTH_023,0.0,2026-08-24 22:25:42.556318
7c876903-8503-4e64-91da-9f12ea161fac,cart,ELEC_018,588.5,2026-08-24 22:12:58.631445
e04bc446-eef1-4a6c-bdd3-722ed841b5b0,view,FOOD_006,0.0,2026-08-24 22:11:49.917167
8889c320-1f19-4bac-9c31-b9218acbf5b5,view,FOOD_025,0.0,2026-08-24T21:58:10.123847
e04bc446-eef1-4a6c-bdd3-722ed841b5b0,view,CLTH_007,0.0,2026-08-24 22:33:02.717397
e04bc446-eef1-4a6c-bdd3-722ed841b5b0,view,CLTH_002,0.0,2026-08-24 21:44:31.406062
800f664d-f662-49db-9420-27bde33160de,view,CLTH_007,0.0,2026-08-16 10:36:02.979283
53cf9005-c315-44bf-8b90-ee836dc0ab1f,view,CLTH_017,0.0,2026-08-23 19:33:25.071648
9ea41e68-c710-4b07-b2ae-6bbf22342547,view,BOOK_016,0.0,2026-08-22T17:46:53.548503
a3414eda-0341-4e0d-b3fa-5e873248b36a,view,CLTH_020,0.0,2026-08-20T21:10:31.162135
f3af5df4-61dc-4244-8833-1ec5806b8ea1,cart,ELEC_013,642.55,2026-08-19T23:34:46.290419
b568b56b-df03-4a6f-ae89-4908c2685971,view,BOOK_017,0.0,2026-08-22T17:05:11.908629
670c5e97-9826-48dd-b633-24b0d0b347c1,view,SPRT_003,0.0,2026-08-24T23:21:01.903614
33cba815-f157-4c79-818d-2ebbda04e88a,view,FOOD_016,0.0,2026-08-24T22:10:57.774107
e04bc446-eef1-4a6c-bdd3-722ed841b5b0,view,CLTH_027,0.0,2026-08-24 22:57:31.036778
272d6b5f-aeca-485e-a4ba-1a5689f647ac,view,FOOD_015,0.0,2026-08-24 20:23:43.892383
07974040-0d6e-4dd2-a06d-09236cb2f439,cart,CLTH_011,191.63,2026-08-24T21:39:08.991280
e9af50c7-3916-48bf-9def-f8eae8db79ee,purchase,BOOK_009,77.57,2026-08-24 21:21:20.525456
3c8208eb-982f-4c25-aeb6-1d676d8c95fd,view,CLTH_008,0.0,2026-08-20 21:42:26.346646
544c32f4-a10e-44ff-a0d5-6f8b523e593a,cart,ELEC_007,58.0,2026-08-15 19:41:31.350050
272d6b5f-aeca-485e-a4ba-1a5689f647ac,view,ELEC_029,0.0,2026-08-24 19:52:57.834078
28dee375-acb0-4efe-91a1-27bd967ca56b,view,CLTH_018,0.0,2026-08-22 17:52:24.021715
7533f6a3-2d5e-454c-a7d4-5a213a566a6a,view,BOOK_023,0.0,2026-08-20 21:44:25.577277
6c42b183-6d7f-4eed-9a19-89815e3d0919,view,SPRT_019,0.0,2026-08-24 22:17:28.030058
543ac2a0-bac7-4614-b90f-a2421cc42c64,purchase,FOOD_019,84.98,2026-08-20 21:37:49.598759
b2b6e8f7-a7a2-4a38-8be3-f154118f5196,cart,BOOK_003,36.37,2026-08-22 17:40:06.793464
718814b5-9a30-4643-8cfb-a460a60999ba,view,CLTH_013,0.0,2026-08-24 20:21:28.849564
dcd98015-a110-4e4e-bffd-2db821ce770a,view,ELEC_006,0.0,2026-08-28T18:15:21.726645
9f729b04-6f80-4dae-9824-921396cc0ee2,view,BOOK_017,0.0,2026-08-24 21:04:37.326664
0499cbb0-f1ab-4ff4-bdac-9b47815a9b3a,view,SPRT_014,0.0,2026-08-23 19:42:22.956188
07e00408-a9f3-4a26-bb10-653e27ee1d69,view,CLTH_025,0.0,2026-08-24 22:53:07.350156
5ecfc98a-922a-4821-a19c-74739ea9d49c,cart,CLTH_005,37.16,2026-08-24 22:13:07.724437
f11171cf-dcb7-41e6-88b3-5078456085ff,purchase,BOOK_018,64.23,2026-08-18 18:49:58.606102
7c876903-8503-4e64-91da-9f12ea161fac,purchase,ELEC_011,218.62,2026-08-24 23:12:08.038812
b69f6df3-4ae7-4861-8236-88b969e91529,cart,CLTH_030,62.84,2026-08-20 21:28:33.324788
d30fc382-e140-48b8-8038-bd17100271c2,view,ELEC_021,0.0,2026-08-22 17:48:42.015854
79486124-ceb2-4f91-bf0f-378b69ecb64c,view,ELEC_026,0.0,2026-08-22 17:52:38.614503
5390b8bd-cc43-4b61-8922-cc2d2033104f,cart,ELEC_030,459.76,2026-08-24T20:08:19.952914
9f729b04-6f80-4dae-9824-921396cc0ee2,view,BOOK_002,0.0,2026-08-24 20:31:44.850778
abdf77fe-de5b-4e52-955c-aeb34086fb6c,cart,BOOK_025,17.68,2026-08-24T20:42:33.846546
f0bd94bc-247d-45cf-84f6-c5509dc870cc,view,ELEC_028,0.0,2026-08-24T21:18:56.228360
fc029a04-be52-486b-8b8f-0f1b173d81fb,view,CLTH_013,0.0,2026-08-18 19:10:18.880800
c6da6198-1302-4f3b-98d8-59f524206a5a,view,CLTH_025,0.0,2026-08-24 20:18:45.850403
7c53ddd0-71fe-4919-a4fe-86d633a58eee,view,ELEC_004,0.0,2026-08-20T21:57:56.767015
ab5beedd-73b7-43f0-8900-2fda346c8941,view,SPRT_029,0.0,2026-08-22T17:46:22.150770
b43786c5-4ef6-4017-a344-22b26bcbd3c5,view,BOOK_011,0.0,2026-08-24T21:53:04.381778
a169dc99-f3d9-4a6d-be74-c528e84e184c,view,BOOK_015,0.0,2026-08-18 18:47:19.496124
1a8dde1b-a845-4523-9888-92a7f05ae954,view,SPRT_011,0.0,2026-08-24T20:15:36.317981
7cbfa99b-31eb-437d-b4e9-d5c1212be9ff,cart,BOOK_003,54.06,2026-08-18T19:17:13.539618
eba03b4f-7d0a-498d-a823-db63123d559a,view,CLTH_011,0.0,2026-08-19 23:34:40.535396
b42cbda4-175b-43b3-b494-d6e9be8d779f,view,SPRT_023,0.0,2026-08-16T16:48:33.565310
2531c3a7-f6d1-496c-8395-187ec22b1cf3,cart,SPRT_017,124.04,2026-08-23T20:01:34.630633
bd22f4c4-5268-45d9-9243-8d72683946f2,view,CLTH_030,0.0,2026-08-23 19:52:14.575392
5bedf809-4324-42d3-a225-67543e46f70a,purchase,CLTH_011,310.82,2026-08-22T17:32:42.041263
9b7e7aee-079a-4bab-8c71-badadf83bdcd,view,SPRT_017,0.0,2026-08-20 21:19:53.252321
b43786c5-4ef6-4017-a344-22b26bcbd3c5,purchase,SPRT_025,497.49,2026-08-24 19:45:46.200492
204cd583-e18f-4356-afbd-560a95e5e55d,view,CLTH_014,0.0,2026-08-24 19:46:34.147312
9f729b04-6f80-4dae-9824-921396cc0ee2,cart,CLTH_022,78.02,2026-08-24 21:01:16.168357
b42cbda4-175b-43b3-b494-d6e9be8d779f,view,BOOK_023,0.0,2026-08-24T19:58:05.563698
45be79ad-8040-4559-be25-1a4737d5bdec,view,FOOD_005,0.0,2026-08-24 20:53:35.852989
7206f4a1-cf8c-4b3e-8a55-1766c6ad92fa,purchase,BOOK_010,24.64,2026-08-28 18:05:35.754127
abdf77fe-de5b-4e52-955c-aeb34086fb6c,purchase,CLTH_014,289.31,2026-08-20 21:36:58.199882
2989c566-bd71-49e2-8d10-a60c615ee48b,view,SPRT_025,0.0,2026-08-23 19:39:12.417103
a9924f59-2d8b-4172-8e44-ae16ad011154,view,FOOD_016,0.0,2026-08-16 10:28:10.539033
800f664d-f662-49db-9420-27bde33160de,view,CLTH_022,0.0,2026-08-16 10:33:48.734918
2989c566-bd71-49e2-8d10-a60c615ee48b,view,SPRT_005,0.0,2026-08-23 19:48:08.612544
194d41b2-19c9-4faa-8a3b-c33649c1679f,view,CLTH_019,0.0,2026-08-20 21:35:58.535922
d83aca8e-5d41-4fc0-992e-a9dc27732931,view,FOOD_024,0.0,2026-08-28T18:08:04.401067
5ecfc98a-922a-4821-a19c-74739ea9d49c,cart,CLTH_020,50.19,2026-08-24 22:08:44.733936
5fd25fd1-437c-46b3-9a39-aa545fcef320,cart,FOOD_011,41.78,2026-08-24 21:12:11.633626
93a77f89-bfd1-4c5d-9caf-af8b44e15eb1,view,FOOD_025,0.0,2026-08-20 21:37:34.581735
097603f7-ef8e-4380-83ce-337ce6b52a59,purchase,BOOK_007,28.14,2026-08-24 22:52:36.734236
8889c320-1f19-4bac-9c31-b9218acbf5b5,purchase,ELEC_017,1180.32,2026-08-24 23:22:21.635009
272d6b5f-aeca-485e-a4ba-1a5689f647ac,view,CLTH_028,0.0,2026-08-24 19:52:10.826515
99e329dd-777c-4afe-bc50-366ecd0bd177,cart,SPRT_003,367.26,2026-08-24T23:01:14.682840
82a1487d-2323-45c1-9468-a6f88d47a779,cart,FOOD_003,34.58,2026-08-24 20:56:41.490011
1d21b537-35e3-49e4-ad04-fb64e3a6b0d7,purchase,BOOK_003,57.31,2026-08-22T17:55:53.582501
13298c19-921e-4ab7-b2fe-45b88f1e8621,view,CLTH_019,0.0,2026-08-24T23:12:17.028053
7c876903-8503-4e64-91da-9f12ea161fac,view,ELEC_021,0.0,2026-08-24 22:34:12.546853
8e8f1a72-9d02-4f7f-812e-28ab52b05f20,view,ELEC_013,0.0,2026-08-20 21:25:42.538573
82a1487d-2323-45c1-9468-a6f88d47a779,cart,FOOD_001,19.08,2026-08-24T21:38:31.601231
e7011402-63aa-4b75-87a9-67546325bcab,view,BOOK_016,0.0,2026-08-24 22:37:21.882741
54dbe932-4af2-4f72-a46d-126eccaec63d,view,SPRT_016,0.0,2026-08-22T17:12:42.243201
07974040-0d6e-4dd2-a06d-09236cb2f439,view,FOOD_007,0.0,2026-08-24 21:27:23.531880
1a57d526-e419-4985-b2c6-65d021f92488,view,CLTH_002,0.0,2026-08-20 21:56:13.697130
e04bc446-eef1-4a6c-bdd3-722ed841b5b0,view,CLTH_010,0.0,2026-08-24 23:13:36.110887
800f664d-f662-49db-9420-27bde33160de,cart,CLTH_028,198.54,2026-08-16 10:44:05.461285
65c76bd2-c4c5-4ead-bb07-d1518810d424,view,CLTH_026,0.0,2026-08-24 20:50:48.490202
fb5c4430-55ab-46c5-9e83-bae524560811,cart,FOOD_022,57.19,2026-08-24 20:38:38.748021
a169dc99-f3d9-4a6d-be74-c528e84e184c,view,ELEC_006,0.0,2026-08-18 18:51:21.933397
ecb51178-8afe-4ba9-bd61-87e0a416554b,view,ELEC_022,0.0,2026-08-18 19:15:06.249324
151d1b6b-31e9-4c3a-98ee-7ebc527bc572,view,CLTH_021,0.0,2026-08-24T22:07:01.120398
5fd25fd1-437c-46b3-9a39-aa545fcef320,view,FOOD_005,0.0,2026-08-24 20:04:33.870200
718814b5-9a30-4643-8cfb-a460a60999ba,purchase,FOOD_011,23.24,2026-08-24 21:10:25.438148
5f70c5ad-79e7-42be-a108-76a2aa328993,view,SPRT_025,0.0,2026-08-24T19:56:29.840746
1de6f679-4161-4b5c-bd73-1f6f9760878f,view,ELEC_015,0.0,2026-08-20T21:12:03.520391
60fa3dee-9722-469f-9ede-8581e64a5dc8,view,ELEC_016,0.0,2026-08-24T20:06:04.040912
d30fc382-e140-48b8-8038-bd17100271c2,view,CLTH_029,0.0,2026-08-22 17:45:41.069467
1a57d526-e419-4985-b2c6-65d021f92488,view,CLTH_003,0.0,2026-08-20 22:00:11.484870
7c53ddd0-71fe-4919-a4fe-86d633a58eee,view,SPRT_011,0.0,2026-08-24T21:02:25.242867
2b7a7e25-b43d-4e89-885b-98379448cec0,view,SPRT_014,0.0,2026-08-24 07:51:49.080561
66f9e642-1674-468a-884b-55c6f9a06472,view,ELEC_017,0.0,2026-08-18 18:46:03.848023
1342dc6b-765d-46f2-b62a-ae0cc1bedb78,view,SPRT_008,0.0,2026-08-24 22:49:28.185472
a4dbcca0-eaa3-4f6a-91d1-a92bc00a2c19,cart,SPRT_017,285.52,2026-08-28T18:11:01.002466
589c5997-fc90-4737-b2a5-e4271fdf4a9d,view,BOOK_008,0.0,2026-08-24T19:49:44.142409
b4a0963f-da4e-401b-b39a-2668f972529c,view,SPRT_020,0.0,2026-08-24 19:33:57.142131
af8c3802-1e97-4ac1-a05e-a064dc9a598f,view,CLTH_020,0.0,2026-08-22T17:34:16.515873
37d1bc22-ec4f-4251-96d1-dbe0703942a7,view,SPRT_026,0.0,2026-08-24T23:01:14.165429
f40f2fc0-4990-4c42-b190-23976cdaf79f,cart,CLTH_019,170.78,2026-08-24T22:55:55.962142
7973f2a9-cd05-4d96-a6a3-b5bcbfe5a807,purchase,CLTH_024,139.95,2026-08-24 19:59:21.646697
2989c566-bd71-49e2-8d10-a60c615ee48b,view,SPRT_003,0.0,2026-08-23 19:42:34.192543
8889c320-1f19-4bac-9c31-b9218acbf5b5,cart,SPRT_021,323.33,2026-08-24 21:54:09.624970
540dfba9-6872-43b1-945d-a3584b72aa30,purchase,ELEC_027,257.35,2026-08-24T19:49:12.925460
8afb9663-be21-47d5-b7bf-d549285fa584,view,SPRT_001,0.0,2026-08-24T22:55:56.684878
e7011402-63aa-4b75-87a9-67546325bcab,view,CLTH_002,0.0,2026-08-24 22:01:10.827266
eedeb7be-443c-4607-a98b-a6928f11d578,cart,ELEC_013,195.49,2026-08-22 17:39:07.823447
65c76bd2-c4c5-4ead-bb07-d1518810d424,view,CLTH_011,0.0,2026-08-24 20:08:43.191993
27a943f0-74c1-47d4-a697-2bf5d20625d8,view,CLTH_013,0.0,2026-08-24 20:07:10.710367
097603f7-ef8e-4380-83ce-337ce6b52a59,view,SPRT_014,0.0,2026-08-24 21:54:18.849635
a5184ecf-8473-4c68-a33b-f6c956626ce8,view,ELEC_023,0.0,2026-08-22 17:06:40.050807
d13300b8-b21a-4b42-b229-1237697e4e3f,view,BOOK_009,0.0,2026-08-16T16:38:21.235991
569b2543-6e9b-4b3a-b8c1-7862801d2712,cart,ELEC_027,109.47,2026-08-20 21:19:15.877139
f0990893-bc9c-4914-b4e9-26579efdae9c,purchase,CLTH_006,69.13,2026-08-18 19:14:00.862290
1342dc6b-765d-46f2-b62a-ae0cc1bedb78,view,SPRT_001,0.0,2026-08-24 23:08:27.433037
5fd25fd1-437c-46b3-9a39-aa545fcef320,view,SPRT_002,0.0,2026-08-24T21:07:49.845005
fad4b01a-17f0-4665-bba4-9d851ec619c6,view,CLTH_030,0.0,2026-08-28 18:16:18.932889
e9af50c7-3916-48bf-9def-f8eae8db79ee,purchase,BOOK_011,27.22,2026-08-24 21:13:15.248019
ecb51178-8afe-4ba9-bd61-87e0a416554b,view,ELEC_001,0.0,2026-08-18 19:21:06.775976
82d633b4-757d-4728-bde5-8b3fde30c280,view,SPRT_016,0.0,2026-08-24T20:25:01.949451
66f9e642-1674-468a-884b-55c6f9a06472,purchase,FOOD_002,8.67,2026-08-24T21:11:08.455306
2123f5ae-14df-4e5d-92db-1157b83c002d,cart,BOOK_025,55.63,2026-08-22T17:12:42.466270
e04bc446-eef1-4a6c-bdd3-722ed841b5b0,view,CLTH_001,0.0,2026-08-24 21:56:13.214709
bd22f4c4-5268-45d9-9243-8d72683946f2,view,CLTH_007,0.0,2026-08-23 19:52:14.857751
7c876903-8503-4e64-91da-9f12ea161fac,view,ELEC_024,0.0,2026-08-24 22:44:51.414199
01c8f8b9-4fbf-44a7-8919-178beaceb074,purchase,SPRT_025,254.88,2026-08-23 19:43:15.627254
4fbb190d-1568-458c-b8c1-a45d7ea6f67d,view,CLTH_028,0.0,2026-08-23 19:49:27.567086
6c42b183-6d7f-4eed-9a19-89815e3d0919,view,ELEC_012,0.0,2026-08-24 21:29:23.401108
d114b438-0792-4d73-8753-b9578ba409a3,cart,SPRT_009,305.06,2026-08-28T18:11:05.843611
653709fa-a965-4975-9c69-451df40148e0,cart,ELEC_008,326.72,2026-08-20 21:11:53.454077
97fbfdf2-f064-4feb-aa62-d6344df19395,view,ELEC_013,0.0,2026-08-16 10:41:42.599284
c6ad3b1a-879f-46e9-b4df-c61479de62ea,view,CLTH_015,0.0,2026-08-18T18:55:36.052830
e7011402-63aa-4b75-87a9-67546325bcab,view,CLTH_002,0.0,2026-08-24 22:34:53.874817
80a44646-6c7e-488e-8f96-dda9667f62bf,view,BOOK_010,0.0,2026-08-24 20:17:43.891658
5ecfc98a-922a-4821-a19c-74739ea9d49c,cart,FOOD_017,19.54,2026-08-24 21:33:34.905667
bd22f4c4-5268-45d9-9243-8d72683946f2,view,FOOD_002,0.0,2026-08-23 19:38:59.709276
807ffd32-2ef3-4a31-a89a-238c366b264b,view,CLTH_005,0.0,2026-08-24 23:15:49.066197
79486124-ceb2-4f91-bf0f-378b69ecb64c,view,ELEC_017,0.0,2026-08-22 17:54:35.310128
8648af4d-7a61-4fed-84ea-10895f513822,cart,ELEC_006,345.53,2026-08-20 21:21:31.968804
a3414eda-0341-4e0d-b3fa-5e873248b36a,cart,ELEC_007,558.53,2026-08-16 10:42:50.820708
eedeb7be-443c-4607-a98b-a6928f11d578,view,ELEC_025,0.0,2026-08-22 17:50:57.996865
3eae1b1f-da2f-40b7-883b-ad6d9a3673eb,view,CLTH_020,0.0,2026-08-24 21:44:01.258585
cfbb7b9b-061e-4731-bff1-1ae6f010648a,view,BOOK_018,0.0,2026-08-24 07:51:55.816270
b69f6df3-4ae7-4861-8236-88b969e91529,cart,SPRT_022,49.8,2026-08-22T17:50:41.866854
11da9648-ae79-4fa4-b84c-689819c0f684,view,CLTH_021,0.0,2026-08-22T18:04:19.201115
ecb51178-8afe-4ba9-bd61-87e0a416554b,view,CLTH_012,0.0,2026-08-24T22:53:40.775826
ff8790c1-759e-4f9e-bb08-6f9a3d420448,view,CLTH_012,0.0,2026-08-16T10:39:39.636069
caf220a7-85eb-4fa4-a33b-8c246570b167,view,CLTH_020,0.0,2026-08-24T23:13:29.490373
d06247ce-154f-44d2-a431-0e6def01535f,purchase,CLTH_026,265.73,2026-08-24 21:41:30.298214
d572cc22-f568-4269-a4ca-75bae22243da,view,FOOD_022,0.0,2026-08-20 21:35:57.334843
3ad97fa8-650a-449e-819a-7461929db15a,view,FOOD_023,0.0,2026-08-20 21:51:09.756461
9f729b04-6f80-4dae-9824-921396cc0ee2,view,BOOK_025,0.0,2026-08-24 21:08:10.000785
e520f38d-6d20-43be-ac04-26f7b8d044bb,view,FOOD_021,0.0,2026-08-18 19:20:57.923735
41a5862d-9a23-4007-82f3-890ced6bb4d9,view,SPRT_002,0.0,2026-08-22 17:49:10.733939
5bedf809-4324-42d3-a225-67543e46f70a,view,SPRT_030,0.0,2026-08-24T20:00:41.661501
ddc313fb-bc63-47e5-ac3f-b9d1d5a703a1,view,CLTH_006,0.0,2026-08-24 22:14:06.219311
ddc313fb-bc63-47e5-ac3f-b9d1d5a703a1,view,CLTH_007,0.0,2026-08-24 23:21:19.488471
66f9e642-1674-468a-884b-55c6f9a06472,view,CLTH_007,0.0,2026-08-18 18:47:01.332704
59b41456-0c0c-46d0-9f3c-5fd6fe62f88a,cart,SPRT_023,384.44,2026-08-24T19:44:31.256059
aaaa38a6-7d37-4a0f-a0ae-a18daa98f586,view,ELEC_030,0.0,2026-08-20T21:20:55.829887
66f9e642-1674-468a-884b-55c6f9a06472,view,CLTH_016,0.0,2026-08-24T21:07:07.819941
14652829-4c93-49cc-ac11-1084b352dbf8,purchase,BOOK_007,56.11,2026-08-24 22:36:59.898065
838d67a1-4adc-4bef-834d-defa67fe3762,view,FOOD_017,0.0,2026-08-24 22:47:19.657198
e0fd2345-d654-4429-9d48-e2b1544bc0ee,view,CLTH_026,0.0,2026-08-19 23:28:35.308892
41a5862d-9a23-4007-82f3-890ced6bb4d9,view,SPRT_022,0.0,2026-08-22 17:29:34.254145
d0083a3b-3cf2-48a7-b1a4-f12398d8bd7f,cart,BOOK_026,7.25,2026-08-23T19:39:11.660423
d30fc382-e140-48b8-8038-bd17100271c2,view,CLTH_002,0.0,2026-08-24T20:30:28.803467
3a163339-db2f-495c-b9bd-a2c97e622b2d,view,FOOD_025,0.0,2026-08-24 22:32:57.438623
3eae1b1f-da2f-40b7-883b-ad6d9a3673eb,view,CLTH_019,0.0,2026-08-24 23:12:06.027455
7a84b978-cc6b-49c8-8bba-b1f87d39615a,view,CLTH_007,0.0,2026-08-24 23:16:44.100806
b4a0963f-da4e-401b-b39a-2668f972529c,view,SPRT_008,0.0,2026-08-24 21:23:29.837573
1fae450e-c559-4b3b-b193-0e83995bc876,view,BOOK_015,0.0,2026-08-24T20:01:43.481659
7c876903-8503-4e64-91da-9f12ea161fac,view,ELEC_002,0.0,2026-08-24 23:09:25.288989
204cd583-e18f-4356-afbd-560a95e5e55d,view,CLTH_027,0.0,2026-08-24 19:40:28.629955
911f18bb-7379-4bbe-b85b-b8bf25af64bf,view,CLTH_018,0.0,2026-08-24T21:07:56.814317
28dee375-acb0-4efe-91a1-27bd967ca56b,view,FOOD_026,0.0,2026-08-24T23:22:17.472103
2de07fdd-8b53-4691-a8aa-c355b7716a3e,view,FOOD_024,0.0,2026-08-18 18:45:03.492746
0f4db5c7-beaf-4757-b8cf-f156b73fe4d5,view,CLTH_024,0.0,2026-08-20 21:51:51.844292
d2393a76-e7aa-4917-8d1a-eaea77151dd0,view,SPRT_006,0.0,2026-08-24T23:10:24.082065
d37ca1f9-a758-4fcd-abd0-8a4b28290823,view,ELEC_029,0.0,2026-08-22 17:46:43.257306
b43786c5-4ef6-4017-a344-22b26bcbd3c5,purchase,ELEC_027,849.8,2026-08-24 21:12:21.894440
1a8dde1b-a845-4523-9888-92a7f05ae954,view,ELEC_021,0.0,2026-08-19T23:28:03.335462
b92588da-f188-45e0-9358-9c955d88bc5a,view,ELEC_026,0.0,2026-08-20 21:20:58.596080
8c1f2c4f-fcb2-4456-8fb7-b41a9931e230,view,CLTH_011,0.0,2026-08-20 21:10:59.881337
97fbfdf2-f064-4feb-aa62-d6344df19395,view,CLTH_020,0.0,2026-08-16 10:38:52.178737
e3576704-b8db-4482-a571-018fedb94275,view,CLTH_006,0.0,2026-08-16 16:49:45.030876
e3576704-b8db-4482-a571-018fedb94275,cart,BOOK_002,17.28,2026-08-24T20:38:11.621006
1fae450e-c559-4b3b-b193-0e83995bc876,view,ELEC_029,0.0,2026-08-18 19:10:08.172876
b2494169-7cd1-450a-9a6a-5bd5ce40d2fb,cart,BOOK_005,44.58,2026-08-24 23:17:43.748555
c56998f4-a438-484c-8b0c-b80c399f6fcd,purchase,CLTH_010,156.69,2026-08-24 21:08:09.170173
b2494169-7cd1-450a-9a6a-5bd5ce40d2fb,cart,BOOK_022,30.69,2026-08-24 21:31:49.068966
33dc141b-1bf5-4e95-b23e-a53981073bd2,view,BOOK_013,0.0,2026-08-24T22:05:21.527636
b4a0963f-da4e-401b-b39a-2668f972529c,view,SPRT_023,0.0,2026-08-28T18:11:04.828256
33dc141b-1bf5-4e95-b23e-a53981073bd2,purchase,SPRT_023,259.52,2026-08-24T22:55:59.839944
9ea41e68-c710-4b07-b2ae-6bbf22342547,view,ELEC_028,0.0,2026-08-16 10:45:50.990446
b4508ad1-61c3-4913-9b0d-9e62d1e31a6c,view,ELEC_025,0.0,2026-08-24T19:48:10.164321
27a943f0-74c1-47d4-a697-2bf5d20625d8,view,BOOK_025,0.0,2026-08-24 20:55:37.525218
e9af50c7-3916-48bf-9def-f8eae8db79ee,cart,FOOD_021,56.03,2026-08-24T20:25:36.001649
c6b1433c-fd3a-4b37-a002-e3213ac67574,cart,CLTH_011,157.58,2026-08-24 22:59:48.177970
3c8208eb-982f-4c25-aeb6-1d676d8c95fd,view,FOOD_013,0.0,2026-08-23T19:47:00.349262
3c8208eb-982f-4c25-aeb6-1d676d8c95fd,view,CLTH_005,0.0,2026-08-20 21:33:32.297964
4bcc35c7-0c0f-40c6-81ef-9290c390c8ae,view,CLTH_029,0.0,2026-08-23T19:35:59.747043
6c3c15bf-f979-4e58-b0fd-6ec9f2b75027,view,CLTH_018,0.0,2026-08-23T20:00:29.070014
9d82dbcc-f68b-4045-b84a-79b4d7103eeb,purchase,BOOK_025,33.12,2026-08-22 17:43:37.591902
65c76bd2-c4c5-4ead-bb07-d1518810d424,view,BOOK_010,0.0,2026-08-24T22:07:34.067293
39916c2e-f0f0-4c72-b753-c93c5f6c48e5,view,CLTH_028,0.0,2026-08-16 10:38:28.589940
4bcc35c7-0c0f-40c6-81ef-9290c390c8ae,view,FOOD_009,0.0,2026-08-22T17:35:18.030677
65c76bd2-c4c5-4ead-bb07-d1518810d424,view,CLTH_019,0.0,2026-08-24 20:18:30.798116
6c42b183-6d7f-4eed-9a19-89815e3d0919,view,ELEC_022,0.0,2026-08-24 23:23:06.840891
8d2e8c22-0f58-489e-84d3-59c68d8c63a5,view,CLTH_023,0.0,2026-08-23T19:40:15.013492
b4a0963f-da4e-401b-b39a-2668f972529c,view,BOOK_016,0.0,2026-08-24 20:22:17.591233
d13300b8-b21a-4b42-b229-1237697e4e3f,view,CLTH_005,0.0,2026-08-18T18:50:51.356464
9ea41e68-c710-4b07-b2ae-6bbf22342547,view,FOOD_005,0.0,2026-08-24T22:36:52.189076
3fb2fa2a-b4d2-485d-acd8-9cc11c7a142c,view,SPRT_001,0.0,2026-08-19 23:23:17.125771
c6da6198-1302-4f3b-98d8-59f524206a5a,view,CLTH_029,0.0,2026-08-24 20:27:47.922767
17bb18d0-1b6c-4045-9b62-754e463aabd2,view,ELEC_015,0.0,2026-08-28 18:06:11.210724
718814b5-9a30-4643-8cfb-a460a60999ba,view,CLTH_030,0.0,2026-08-24 20:38:28.986194
b8a5374c-c93d-4c0c-83c8-6ecb467838ed,view,CLTH_024,0.0,2026-08-24T21:56:28.042883
ddc313fb-bc63-47e5-ac3f-b9d1d5a703a1,view,CLTH_022,0.0,2026-08-24 21:40:01.651284
80a44646-6c7e-488e-8f96-dda9667f62bf,purchase,BOOK_018,36.17,2026-08-24 19:39:14.563098
a4dbcca0-eaa3-4f6a-91d1-a92bc00a2c19,view,CLTH_017,0.0,2026-08-24 19:41:05.187811
14652829-4c93-49cc-ac11-1084b352dbf8,view,BOOK_004,0.0,2026-08-24 22:04:50.154974
0a2f3d10-ae64-4472-a673-478e6650e204,cart,BOOK_009,61.18,2026-08-24T20:38:13.043386
569b2543-6e9b-4b3a-b8c1-7862801d2712,view,ELEC_030,0.0,2026-08-20 21:19:15.830590
a169dc99-f3d9-4a6d-be74-c528e84e184c,view,SPRT_008,0.0,2026-08-18 18:45:27.138560
b4a0963f-da4e-401b-b39a-2668f972529c,view,SPRT_007,0.0,2026-08-24 20:49:33.206257
39916c2e-f0f0-4c72-b753-c93c5f6c48e5,cart,SPRT_009,329.17,2026-08-28T18:11:05.474449
27a943f0-74c1-47d4-a697-2bf5d20625d8,view,CLTH_011,0.0,2026-08-24 19:52:31.574020
e941fe3b-e99f-4add-bed3-5b4394d2ddc3,view,ELEC_029,0.0,2026-08-28 18:12:45.893443
aaaa38a6-7d37-4a0f-a0ae-a18daa98f586,view,SPRT_030,0.0,2026-08-16 16:43:43.906740
e2d48b75-546c-497a-95bd-14034b8f808a,view,ELEC_008,0.0,2026-08-24T21:30:11.786209
06ef8987-2209-4f91-b32e-b826d451f567,purchase,CLTH_014,104.04,2026-08-18 18:51:44.337596
b69f6df3-4ae7-4861-8236-88b969e91529,view,CLTH_022,0.0,2026-08-20 21:17:56.161769
8c1f2c4f-fcb2-4456-8fb7-b41a9931e230,view,CLTH_006,0.0,2026-08-20 21:06:56.163898
ecb51178-8afe-4ba9-bd61-87e0a416554b,view,ELEC_008,0.0,2026-08-24T22:06:27.581145
7e12728f-8e77-4093-b21e-7650a323fb12,view,CLTH_026,0.0,2026-08-24 23:10:51.993255
b92588da-f188-45e0-9358-9c955d88bc5a,purchase,FOOD_030,77.71,2026-08-20 21:09:37.847665
7c53ddd0-71fe-4919-a4fe-86d633a58eee,purchase,SPRT_005,591.09,2026-08-20 21:17:50.398179
e6b69773-e22a-4015-9c79-bca0c2f25059,view,ELEC_018,0.0,2026-08-28 18:14:50.112639
50e381b2-5e82-4228-ba7a-86669f6ade13,view,CLTH_002,0.0,2026-08-18 18:54:23.761698
f40f2fc0-4990-4c42-b190-23976cdaf79f,view,BOOK_027,0.0,2026-08-16 16:41:01.371908
4af16b18-bb80-4ce1-83fd-eeced79f6030,view,CLTH_008,0.0,2026-08-22T17:11:40.402721
589c5997-fc90-4737-b2a5-e4271fdf4a9d,view,BOOK_027,0.0,2026-08-24T19:49:44.142409
653709fa-a965-4975-9c69-451df40148e0,view,ELEC_020,0.0,2026-08-20 21:14:20.071200
0f4db5c7-beaf-4757-b8cf-f156b73fe4d5,view,CLTH_019,0.0,2026-08-22T17:05:47.795508
82a1487d-2323-45c1-9468-a6f88d47a779,view,FOOD_006,0.0,2026-08-24 20:20:15.172034
79486124-ceb2-4f91-bf0f-378b69ecb64c,view,ELEC_028,0.0,2026-08-22 17:57:57.068639
3eae1b1f-da2f-40b7-883b-ad6d9a3673eb,view,CLTH_001,0.0,2026-08-24 22:38:52.901005
3298c361-8531-49e3-8652-5f10ff038a49,view,ELEC_015,0.0,2026-08-28T18:17:45.247927
fbc03b87-c84c-4ae3-872c-c3f001033c41,view,SPRT_012,0.0,2026-08-18 19:00:40.418015
15371891-3d67-4bbe-a227-0aa843960503,view,ELEC_001,0.0,2026-08-24T22:50:52.950360
ecef0a71-9256-43e0-bf92-91fc8ffffcf4,view,CLTH_016,0.0,2026-08-24 20:35:46.194181
b2494169-7cd1-450a-9a6a-5bd5ce40d2fb,cart,CLTH_022,124.69,2026-08-24 21:52:28.158346
1a8dde1b-a845-4523-9888-92a7f05ae954,view,SPRT_011,0.0,2026-08-18T18:49:49.082078
0499cbb0-f1ab-4ff4-bdac-9b47815a9b3a,view,CLTH_007,0.0,2026-08-23 19:36:04.074010
2ca3ba80-c4ea-48a9-9d49-ec547b2177a2,cart,CLTH_028,144.48,2026-08-18 19:17:26.656293
8889c320-1f19-4bac-9c31-b9218acbf5b5,cart,BOOK_005,20.59,2026-08-24 23:01:03.563118
e6b69773-e22a-4015-9c79-bca0c2f25059,view,ELEC_003,0.0,2026-08-28 18:13:14.330054
66f9e642-1674-468a-884b-55c6f9a06472,view,ELEC_008,0.0,2026-08-22T17:10:06.333802
69ac5a58-9bcc-4f4b-bdd5-baea8549f46e,view,CLTH_009,0.0,2026-08-18 18:55:37.882725
544c32f4-a10e-44ff-a0d5-6f8b523e593a,purchase,ELEC_028,654.33,2026-08-15 19:43:11.213736
71f3d5de-38b0-4ad5-ad46-2524000b3c16,view,CLTH_003,0.0,2026-08-22T17:15:54.155600
b43786c5-4ef6-4017-a344-22b26bcbd3c5,purchase,SPRT_028,133.22,2026-08-24 19:55:48.844417
49d7c508-82b8-424a-9f56-f23225a308fb,view,BOOK_028,0.0,2026-08-24T20:38:10.261250
b3b7ea67-75e4-433b-a906-fd0202ed49b3,cart,FOOD_012,67.54,2026-08-24T21:38:30.580051
670c5e97-9826-48dd-b633-24b0d0b347c1,cart,SPRT_011,160.84,2026-08-24T20:25:01.340664
a8b5f893-6a56-4f9f-b429-038b5a69def7,view,CLTH_006,0.0,2026-08-24 20:44:40.994481
b8626474-9939-4b22-b12e-52c5f4b4739c,view,CLTH_019,0.0,2026-08-23T19:45:57.846619
2d7c90c3-0788-41c8-b160-06e19f4406f6,view,FOOD_017,0.0,2026-08-24 21:59:38.372910
9f729b04-6f80-4dae-9824-921396cc0ee2,cart,BOOK_004,43.4,2026-08-24 20:15:08.501944
800f664d-f662-49db-9420-27bde33160de,view,CLTH_011,0.0,2026-08-16 10:33:48.629785
204cd583-e18f-4356-afbd-560a95e5e55d,view,SPRT_012,0.0,2026-08-24 20:40:30.514651
807ffd32-2ef3-4a31-a89a-238c366b264b,cart,BOOK_030,44.06,2026-08-24 22:55:04.382852
097603f7-ef8e-4380-83ce-337ce6b52a59,view,BOOK_029,0.0,2026-08-24 23:05:28.999177
151d1b6b-31e9-4c3a-98ee-7ebc527bc572,view,CLTH_009,0.0,2026-08-24T19:43:58.998189
c6da6198-1302-4f3b-98d8-59f524206a5a,view,SPRT_010,0.0,2026-08-24 20:18:22.653004
69ac5a58-9bcc-4f4b-bdd5-baea8549f46e,view,CLTH_029,0.0,2026-08-18 18:49:31.027126
0d5c42ed-4461-4096-8503-c9de6cbe237f,cart,CLTH_006,162.59,2026-08-24T20:07:41.831631
e2c33043-9769-445e-bba4-3c9295d886e7,view,SPRT_015,0.0,2026-08-20 21:33:40.687591
acececef-4ab4-44e7-8ba4-dc1b3db1b57b,cart,CLTH_027,156.71,2026-08-19 23:29:39.113509
acececef-4ab4-44e7-8ba4-dc1b3db1b57b,view,BOOK_015,0.0,2026-08-19 23:24:36.675082
f3af5df4-61dc-4244-8833-1ec5806b8ea1,cart,FOOD_013,66.7,2026-08-24T22:10:59.996170
07974040-0d6e-4dd2-a06d-09236cb2f439,view,FOOD_030,0.0,2026-08-24T23:21:00.409278
fbc03b87-c84c-4ae3-872c-c3f001033c41,view,SPRT_013,0.0,2026-08-18 18:50:05.827886
dd0c2035-e21b-4a2f-aa23-2bb8b37e125d,view,ELEC_011,0.0,2026-08-22 17:15:14.186975
e7011402-63aa-4b75-87a9-67546325bcab,view,CLTH_025,0.0,2026-08-24 22:34:53.796851
b2b6e8f7-a7a2-4a38-8be3-f154118f5196,view,BOOK_021,0.0,2026-08-22 17:39:01.162434
16a45d1c-fcb0-44ee-be9c-1c14c693e1c8,purchase,FOOD_029,95.16,2026-08-24 19:54:54.034494
b8a5374c-c93d-4c0c-83c8-6ecb467838ed,view,ELEC_010,0.0,2026-08-16 16:47:59.490658
1363fff9-d076-4436-83e3-9a6449cff1e2,view,SPRT_008,0.0,2026-08-28T18:11:00.359631
80fc42f8-36e7-494e-ab68-ae41fa2c75c1,view,BOOK_030,0.0,2026-08-20 21:18:22.329746
df6ef7b8-0a49-4e99-b1d7-860b83fad018,view,BOOK_006,0.0,2026-08-23T19:37:03.075162
b92588da-f188-45e0-9358-9c955d88bc5a,cart,SPRT_001,217.25,2026-08-20 21:24:06.603509
1916909e-6c68-4b12-a792-b099fef763bb,view,CLTH_014,0.0,2026-08-16 10:35:31.524793
90d1b635-2c2c-4335-a6a6-3088257c3e28,view,ELEC_010,0.0,2026-08-24T19:59:39.630315
b4508ad1-61c3-4913-9b0d-9e62d1e31a6c,view,ELEC_023,0.0,2026-08-24T19:48:10.164321
c6ad3b1a-879f-46e9-b4df-c61479de62ea,cart,CLTH_029,132.78,2026-08-18 18:46:38.396198
e17430b1-f78e-48ab-b1f9-1432b3b7be18,view,CLTH_012,0.0,2026-08-28 18:07:27.732432
b8a5374c-c93d-4c0c-83c8-6ecb467838ed,view,ELEC_010,0.0,2026-08-16 16:41:22.158101
61887664-7787-4a05-aa10-f242d15e7b6f,view,SPRT_027,0.0,2026-08-22 17:49:13.969415
27a943f0-74c1-47d4-a697-2bf5d20625d8,view,CLTH_023,0.0,2026-08-24 21:12:59.251539
7973f2a9-cd05-4d96-a6a3-b5bcbfe5a807,purchase,CLTH_021,225.95,2026-08-24 19:35:04.016819
ca8a018c-1d30-4a4d-9da7-20f5ae4514e1,view,CLTH_025,0.0,2026-08-22 17:55:38.900440
28dee375-acb0-4efe-91a1-27bd967ca56b,cart,CLTH_024,70.88,2026-08-22 17:54:07.116042
c43f920e-ad55-4f24-936b-9cbd31f69e37,purchase,BOOK_012,10.98,2026-08-24T19:58:04.937858
99e329dd-777c-4afe-bc50-366ecd0bd177,view,FOOD_003,0.0,2026-08-22 17:53:15.620462
ddc313fb-bc63-47e5-ac3f-b9d1d5a703a1,view,CLTH_009,0.0,2026-08-24 23:21:19.412975
4bcc35c7-0c0f-40c6-81ef-9290c390c8ae,view,SPRT_016,0.0,2026-08-19T23:29:34.717447
d9c0cd62-7da2-407f-b24f-c9887c0b8ae6,view,BOOK_009,0.0,2026-08-18T18:55:35.119576
79486124-ceb2-4f91-bf0f-378b69ecb64c,cart,ELEC_023,516.46,2026-08-22 17:41:22.739725
db7f8eee-9b64-455b-9ada-7be2b9d2a40c,cart,BOOK_001,21.4,2026-08-20T21:18:47.422066
b43786c5-4ef6-4017-a344-22b26bcbd3c5,view,FOOD_030,0.0,2026-08-24 19:36:56.459425
5ecfc98a-922a-4821-a19c-74739ea9d49c,view,FOOD_008,0.0,2026-08-24 22:07:38.811370
ecef0a71-9256-43e0-bf92-91fc8ffffcf4,purchase,CLTH_004,212.57,2026-08-24 20:57:04.296242
fb5c4430-55ab-46c5-9e83-bae524560811,purchase,BOOK_006,77.9,2026-08-28T18:10:59.492656
af8c3802-1e97-4ac1-a05e-a064dc9a598f,view,ELEC_006,0.0,2026-08-18 18:58:05.838774
90d1b635-2c2c-4335-a6a6-3088257c3e28,view,SPRT_030,0.0,2026-08-24T21:57:03.581406
204cd583-e18f-4356-afbd-560a95e5e55d,view,CLTH_001,0.0,2026-08-24 20:40:32.871280
0e5061dd-6477-4b0b-baf1-80f9eca14fcd,view,BOOK_030,0.0,2026-08-19 23:24:35.136840
c3a42c72-fedb-4267-9e12-4a4cf7defb1e,view,FOOD_001,0.0,2026-08-28 18:09:55.568466
526d498e-a082-48f3-8f21-d37077e1d332,view,CLTH_003,0.0,2026-08-28T18:11:43.834660
7a84b978-cc6b-49c8-8bba-b1f87d39615a,view,CLTH_008,0.0,2026-08-24 22:11:10.477672
667c54aa-2a15-439e-9d2b-29339b87e1b4,cart,FOOD_002,29.78,2026-08-18 19:22:20.721969
84411659-75b7-4910-9038-ff90e88caadf,purchase,CLTH_005,270.29,2026-08-23 19:50:54.837593
a6a3df8c-d39a-4527-8306-9fc8f5e2ac32,cart,CLTH_002,172.1,2026-08-16 10:35:55.436846
272d6b5f-aeca-485e-a4ba-1a5689f647ac,view,SPRT_022,0.0,2026-08-24 19:55:41.676631
7c876903-8503-4e64-91da-9f12ea161fac,cart,ELEC_016,382.79,2026-08-24 22:36:58.368261
e0cac62b-7a87-44bb-8198-dd96bc7eb6ae,view,FOOD_019,0.0,2026-08-24T21:48:36.336039
61887664-7787-4a05-aa10-f242d15e7b6f,cart,SPRT_007,86.27,2026-08-22 17:29:58.619535
e04bc446-eef1-4a6c-bdd3-722ed841b5b0,cart,CLTH_001,91.86,2026-08-24 22:57:30.886674
5fd25fd1-437c-46b3-9a39-aa545fcef320,cart,FOOD_028,27.1,2026-08-24 20:02:32.987969
d06247ce-154f-44d2-a431-0e6def01535f,view,CLTH_023,0.0,2026-08-24 22:52:23.534851
dced3396-f014-4b63-b43e-ce29d91fae35,view,FOOD_007,0.0,2026-08-24T20:58:49.344086
9f5699e8-c821-4444-b570-668a4eedcb12,view,FOOD_030,0.0,2026-08-24T22:50:17.284436
caf220a7-85eb-4fa4-a33b-8c246570b167,view,FOOD_006,0.0,2026-08-24T20:53:39.471825
50e381b2-5e82-4228-ba7a-86669f6ade13,view,FOOD_009,0.0,2026-08-24T21:38:35.155918
653709fa-a965-4975-9c69-451df40148e0,purchase,CLTH_009,169.49,2026-08-23T19:57:11.311340
4f3b1ab5-91ca-43a2-a8bb-715dd0866ccb,view,ELEC_021,0.0,2026-08-16 16:36:28.256166
8afb9663-be21-47d5-b7bf-d549285fa584,view,ELEC_006,0.0,2026-08-16 10:43:04.522405
45be79ad-8040-4559-be25-1a4737d5bdec,cart,FOOD_011,15.97,2026-08-24 19:48:53.953005
204cd583-e18f-4356-afbd-560a95e5e55d,view,CLTH_003,0.0,2026-08-24 21:04:54.153852
e7011402-63aa-4b75-87a9-67546325bcab,cart,BOOK_020,38.12,2026-08-24 22:57:32.775005
0a2f3d10-ae64-4472-a673-478e6650e204,view,BOOK_024,0.0,2026-08-24T23:22:19.021805
6c3c15bf-f979-4e58-b0fd-6ec9f2b75027,cart,CLTH_023,225.04,2026-08-23T20:00:29.070014
14652829-4c93-49cc-ac11-1084b352dbf8,view,SPRT_018,0.0,2026-08-24 22:31:19.566608
f40f2fc0-4990-4c42-b190-23976cdaf79f,view,ELEC_025,0.0,2026-08-16 16:49:31.335111
a169dc99-f3d9-4a6d-be74-c528e84e184c,view,CLTH_016,0.0,2026-08-22T17:04:40.283029
91f30dc2-d42e-403d-8f92-452cf0c2e83b,view,SPRT_030,0.0,2026-08-22T17:11:09.586015
18af9202-01b4-42d9-a7a8-a3fd40d77ea7,view,BOOK_029,0.0,2026-08-20T21:40:05.808655
d0ee500b-2986-4393-8222-e3a34f6829c5,view,CLTH_014,0.0,2026-08-22 17:46:35.855390
540dfba9-6872-43b1-945d-a3584b72aa30,view,SPRT_006,0.0,2026-08-24T23:16:55.994504
204cd583-e18f-4356-afbd-560a95e5e55d,view,CLTH_012,0.0,2026-08-24 21:15:29.178582
1d21b537-35e3-49e4-ad04-fb64e3a6b0d7,view,BOOK_018,0.0,2026-08-22 17:10:38.720027
2989c566-bd71-49e2-8d10-a60c615ee48b,purchase,SPRT_012,207.31,2026-08-23 19:39:06.360595
3ae7f361-dd3c-4d91-9325-4b4e1a15b0bf,view,BOOK_027,0.0,2026-08-15 19:42:03.552731
ecb51178-8afe-4ba9-bd61-87e0a416554b,cart,FOOD_002,53.68,2026-08-22T17:31:08.952935
b2494169-7cd1-450a-9a6a-5bd5ce40d2fb,view,BOOK_005,0.0,2026-08-24 21:43:51.432471
dced3396-f014-4b63-b43e-ce29d91fae35,cart,BOOK_005,6.33,2026-08-24T21:31:46.310596
540dfba9-6872-43b1-945d-a3584b72aa30,purchase,BOOK_029,36.32,2026-08-22 17:04:24.790231
65c76bd2-c4c5-4ead-bb07-d1518810d424,view,CLTH_030,0.0,2026-08-24 20:08:48.222046
16a45d1c-fcb0-44ee-be9c-1c14c693e1c8,purchase,CLTH_004,296.89,2026-08-24 21:15:06.017552
7e12728f-8e77-4093-b21e-7650a323fb12,cart,BOOK_007,36.28,2026-08-24 22:39:40.756165
7cecad85-4914-4af5-863e-309987695976,cart,CLTH_018,141.93,2026-08-24 22:00:02.915171
800f664d-f662-49db-9420-27bde33160de,view,CLTH_027,0.0,2026-08-16 10:40:05.826178
90d1b635-2c2c-4335-a6a6-3088257c3e28,view,BOOK_006,0.0,2026-08-24T22:13:15.826659
a9ef0f29-d39b-4e19-9e9d-76779cf2469d,view,ELEC_015,0.0,2026-08-24T20:13:55.635336
7973f2a9-cd05-4d96-a6a3-b5bcbfe5a807,view,CLTH_005,0.0,2026-08-24 20:11:54.125542
c8e0f50d-4298-44da-ac25-229ba2271015,view,BOOK_028,0.0,2026-08-24T19:58:06.185283
4e1b3ee7-3aba-4880-8551-3c1ff6b7eb43,cart,BOOK_014,43.8,2026-08-28 18:09:31.913996
559449e8-4daf-4cae-863c-369e59d25d8b,view,SPRT_030,0.0,2026-08-24T22:14:25.250329
9f729b04-6f80-4dae-9824-921396cc0ee2,cart,BOOK_008,12.04,2026-08-24 20:06:43.098080
ddc313fb-bc63-47e5-ac3f-b9d1d5a703a1,view,CLTH_017,0.0,2026-08-24 22:59:15.322937
911f18bb-7379-4bbe-b85b-b8bf25af64bf,view,BOOK_015,0.0,2026-08-22T17:08:02.602459
d6ea31f0-4a99-43ba-8364-82717218083c,view,SPRT_021,0.0,2026-08-16 16:45:41.225267
16a45d1c-fcb0-44ee-be9c-1c14c693e1c8,cart,CLTH_023,25.46,2026-08-24T20:57:33.759666
5bedf809-4324-42d3-a225-67543e46f70a,view,SPRT_016,0.0,2026-08-23T19:34:26.379301
6faa3f2f-4722-4384-8e2e-1ba697d518a4,view,ELEC_002,0.0,2026-08-18 18:53:20.081361
c6da6198-1302-4f3b-98d8-59f524206a5a,view,CLTH_030,0.0,2026-08-24 19:58:58.019549
a96f1d3a-763c-4bc2-9e7d-20d3463261d5,view,ELEC_018,0.0,2026-08-24T22:56:35.231009
3cb83936-10c1-45ed-8b78-b82ea2727b7a,view,BOOK_022,0.0,2026-08-22 17:00:14.170093
b4a0963f-da4e-401b-b39a-2668f972529c,view,SPRT_012,0.0,2026-08-24 21:04:12.967983
14652829-4c93-49cc-ac11-1084b352dbf8,view,BOOK_018,0.0,2026-08-24 22:10:51.663271
48fdb41c-6451-4813-9e73-3326f54170f7,view,SPRT_010,0.0,2026-08-22T17:47:59.098422
e04bc446-eef1-4a6c-bdd3-722ed841b5b0,view,ELEC_012,0.0,2026-08-24 22:14:39.027400
4bcc35c7-0c0f-40c6-81ef-9290c390c8ae,purchase,CLTH_028,317.35,2026-08-18 18:51:34.508743
b568b56b-df03-4a6f-ae89-4908c2685971,view,CLTH_011,0.0,2026-08-24T19:44:30.494498
d0ee500b-2986-4393-8222-e3a34f6829c5,cart,CLTH_006,70.29,2026-08-24T20:57:33.367923
0edab1bf-3255-4636-8c77-d72d54ebaa4a,view,ELEC_026,0.0,2026-08-22T17:46:53.959520
151d1b6b-31e9-4c3a-98ee-7ebc527bc572,view,SPRT_014,0.0,2026-08-24T22:34:00.262605
23563557-5b65-4775-84d2-cd11d7916afb,purchase,SPRT_030,239.62,2026-08-20 21:08:17.068334
0f4db5c7-beaf-4757-b8cf-f156b73fe4d5,view,FOOD_011,0.0,2026-08-20T22:04:08.597486
b4a0963f-da4e-401b-b39a-2668f972529c,view,ELEC_024,0.0,2026-08-24 20:13:29.919201
b4a0963f-da4e-401b-b39a-2668f972529c,view,SPRT_010,0.0,2026-08-24 20:34:59.151406
e04bc446-eef1-4a6c-bdd3-722ed841b5b0,view,ELEC_026,0.0,2026-08-24 22:12:23.623120
204cd583-e18f-4356-afbd-560a95e5e55d,view,CLTH_022,0.0,2026-08-24 21:23:45.493588
e7011402-63aa-4b75-87a9-67546325bcab,view,CLTH_021,0.0,2026-08-24 22:11:44.835827
7973f2a9-cd05-4d96-a6a3-b5bcbfe5a807,view,ELEC_026,0.0,2026-08-24T21:17:44.484770
fcd6fe57-c144-4e2e-a82f-44cb7df85d3f,view,CLTH_024,0.0,2026-08-24T20:21:11.469282
559449e8-4daf-4cae-863c-369e59d25d8b,view,FOOD_008,0.0,2026-08-24T20:48:10.657128
ff8790c1-759e-4f9e-bb08-6f9a3d420448,purchase,FOOD_004,26.74,2026-08-15 19:45:18.174948
51d3a51e-39d5-4fa8-ad25-bc0cc1c2a3a8,view,FOOD_009,0.0,2026-08-20 21:51:45.957639
07974040-0d6e-4dd2-a06d-09236cb2f439,view,ELEC_021,0.0,2026-08-24 21:59:36.009823
3eae1b1f-da2f-40b7-883b-ad6d9a3673eb,view,CLTH_017,0.0,2026-08-24 22:25:42.721265
1342dc6b-765d-46f2-b62a-ae0cc1bedb78,view,BOOK_017,0.0,2026-08-24 22:08:19.330490
b43786c5-4ef6-4017-a344-22b26bcbd3c5,purchase,SPRT_012,183.63,2026-08-24 20:44:21.545272
dd0c2035-e21b-4a2f-aa23-2bb8b37e125d,view,ELEC_020,0.0,2026-08-23T19:42:50.096238
27a943f0-74c1-47d4-a697-2bf5d20625d8,view,CLTH_001,0.0,2026-08-24 20:22:51.185231
1db8f590-d54c-4124-ae91-abc457daf2ef,view,SPRT_022,0.0,2026-08-18 19:19:44.553273
7cecad85-4914-4af5-863e-309987695976,view,CLTH_015,0.0,2026-08-24 23:12:41.148638
272d6b5f-aeca-485e-a4ba-1a5689f647ac,view,ELEC_022,0.0,2026-08-24 19:41:51.988572
097603f7-ef8e-4380-83ce-337ce6b52a59,purchase,BOOK_014,64.69,2026-08-24 22:50:07.804365
07974040-0d6e-4dd2-a06d-09236cb2f439,cart,FOOD_022,64.92,2026-08-24 23:19:35.087490
2531c3a7-f6d1-496c-8395-187ec22b1cf3,view,FOOD_002,0.0,2026-08-24T20:44:15.816111
b4a0963f-da4e-401b-b39a-2668f972529c,view,SPRT_006,0.0,2026-08-24 20:25:05.372677
71f3d5de-38b0-4ad5-ad46-2524000b3c16,view,BOOK_017,0.0,2026-08-19 23:32:47.186471
53cf9005-c315-44bf-8b90-ee836dc0ab1f,view,CLTH_030,0.0,2026-08-23 19:38:25.892526
13298c19-921e-4ab7-b2fe-45b88f1e8621,cart,BOOK_005,12.76,2026-08-23 19:42:59.710094
3ad97fa8-650a-449e-819a-7461929db15a,view,FOOD_005,0.0,2026-08-20 21:54:42.410987
b69f6df3-4ae7-4861-8236-88b969e91529,view,CLTH_029,0.0,2026-08-20 21:19:38.412751
07e00408-a9f3-4a26-bb10-653e27ee1d69,view,CLTH_005,0.0,2026-08-24 22:13:04.896546
046701a6-5a53-43dc-aa26-d68a19f6cb9e,view,ELEC_017,0.0,2026-08-23T19:39:42.703136
544c32f4-a10e-44ff-a0d5-6f8b523e593a,view,ELEC_023,0.0,2026-08-24T19:56:31.388817
d0ee500b-2986-4393-8222-e3a34f6829c5,cart,CLTH_004,31.05,2026-08-22 17:49:54.032947
f0990893-bc9c-4914-b4e9-26579efdae9c,cart,ELEC_022,770.95,2026-08-22T17:06:24.443917
79486124-ceb2-4f91-bf0f-378b69ecb64c,cart,ELEC_006,405.15,2026-08-22 17:35:33.291173
65c76bd2-c4c5-4ead-bb07-d1518810d424,view,CLTH_017,0.0,2026-08-24 21:02:03.073570
9527030a-454f-418b-9265-43c29b277831,view,BOOK_027,0.0,2026-08-24T20:42:34.264425
c56998f4-a438-484c-8b0c-b80c399f6fcd,view,FOOD_016,0.0,2026-08-24 20:39:53.400570
2989c566-bd71-49e2-8d10-a60c615ee48b,view,SPRT_016,0.0,2026-08-23 19:42:58.143198
85a19fd8-54ae-4ace-a4dc-55c4ce3993ce,view,BOOK_026,0.0,2026-08-24 22:51:49.392250
82a1487d-2323-45c1-9468-a6f88d47a779,view,FOOD_012,0.0,2026-08-24 21:18:21.937905
c56998f4-a438-484c-8b0c-b80c399f6fcd,purchase,BOOK_006,53.8,2026-08-24 20:20:00.439403
8b84f738-d1da-49a1-8b35-7f03cd7992a8,view,BOOK_028,0.0,2026-08-22T17:08:02.648221
7a84b978-cc6b-49c8-8bba-b1f87d39615a,view,FOOD_023,0.0,2026-08-24 22:14:27.477386
718814b5-9a30-4643-8cfb-a460a60999ba,view,CLTH_009,0.0,2026-08-24 20:44:27.834670
ecef0a71-9256-43e0-bf92-91fc8ffffcf4,purchase,CLTH_029,268.27,2026-08-24 19:55:16.171008
7a84b978-cc6b-49c8-8bba-b1f87d39615a,view,BOOK_020,0.0,2026-08-24T22:24:30.274543
8afb9663-be21-47d5-b7bf-d549285fa584,view,ELEC_029,0.0,2026-08-16 10:36:04.084302
ddc313fb-bc63-47e5-ac3f-b9d1d5a703a1,view,CLTH_022,0.0,2026-08-24 21:40:01.506147
49d7c508-82b8-424a-9f56-f23225a308fb,view,FOOD_006,0.0,2026-08-23 19:49:31.804172
b4a0963f-da4e-401b-b39a-2668f972529c,view,BOOK_029,0.0,2026-08-24 20:22:17.669846
37d1bc22-ec4f-4251-96d1-dbe0703942a7,view,ELEC_015,0.0,2026-08-19 23:28:08.938257
1363fff9-d076-4436-83e3-9a6449cff1e2,purchase,SPRT_026,429.8,2026-08-28T18:11:00.359631
ecb51178-8afe-4ba9-bd61-87e0a416554b,view,ELEC_003,0.0,2026-08-18 19:21:06.724187
e04bc446-eef1-4a6c-bdd3-722ed841b5b0,view,SPRT_002,0.0,2026-08-24 22:48:54.034146
17bb18d0-1b6c-4045-9b62-754e463aabd2,view,ELEC_006,0.0,2026-08-28 18:06:41.826364
46b4a363-670a-4824-bdea-bffd85562f0b,view,CLTH_004,0.0,2026-08-18T19:03:29.218443
27ab56fc-882d-4198-a735-9f9394cf678a,view,BOOK_022,0.0,2026-08-18 19:21:11.854441
7e12728f-8e77-4093-b21e-7650a323fb12,view,CLTH_010,0.0,2026-08-24 21:58:25.421966
589c5997-fc90-4737-b2a5-e4271fdf4a9d,view,SPRT_007,0.0,2026-08-22 17:06:21.814146
45be79ad-8040-4559-be25-1a4737d5bdec,cart,FOOD_006,54.11,2026-08-24 20:53:35.927898
2989c566-bd71-49e2-8d10-a60c615ee48b,view,SPRT_027,0.0,2026-08-23 19:34:18.075472
103b446e-bac3-42b5-96ca-727662d099e1,view,ELEC_020,0.0,2026-08-22T17:49:04.563268
50e381b2-5e82-4228-ba7a-86669f6ade13,view,BOOK_004,0.0,2026-08-24T22:09:14.044400
15371891-3d67-4bbe-a227-0aa843960503,view,CLTH_023,0.0,2026-08-24 22:26:19.027540
0e5061dd-6477-4b0b-baf1-80f9eca14fcd,view,BOOK_001,0.0,2026-08-24T23:17:32.086746
23e6833c-1e9f-4546-9ca2-5392b29eeb0c,view,CLTH_017,0.0,2026-08-24T19:50:16.382682
eba03b4f-7d0a-498d-a823-db63123d559a,purchase,CLTH_017,29.12,2026-08-19 23:33:01.644736
3fb2fa2a-b4d2-485d-acd8-9cc11c7a142c,view,SPRT_010,0.0,2026-08-19 23:27:33.463757
b4a0963f-da4e-401b-b39a-2668f972529c,view,SPRT_027,0.0,2026-08-24 19:51:16.474352
fcdb2a08-2878-4a68-8159-6952bf2ae28f,cart,SPRT_024,183.12,2026-08-22T17:59:32.030447
272d6b5f-aeca-485e-a4ba-1a5689f647ac,view,ELEC_006,0.0,2026-08-24 21:19:48.085559
b4a0963f-da4e-401b-b39a-2668f972529c,view,SPRT_007,0.0,2026-08-24 20:59:18.764618
6c42b183-6d7f-4eed-9a19-89815e3d0919,view,ELEC_002,0.0,2026-08-24 21:50:20.805496
f0990893-bc9c-4914-b4e9-26579efdae9c,view,CLTH_010,0.0,2026-08-18 19:15:34.136142
e9af50c7-3916-48bf-9def-f8eae8db79ee,view,BOOK_024,0.0,2026-08-24 21:13:15.306425
aaaa38a6-7d37-4a0f-a0ae-a18daa98f586,purchase,ELEC_014,1187.74,2026-08-16T16:39:52.449016
875ce581-da9f-4374-b891-e1b0a538923e,purchase,FOOD_006,12.79,2026-08-22T17:50:08.756572
e9af50c7-3916-48bf-9def-f8eae8db79ee,view,BOOK_010,0.0,2026-08-24 21:18:51.295114
16a45d1c-fcb0-44ee-be9c-1c14c693e1c8,view,CLTH_010,0.0,2026-08-24 19:43:01.954719
7a84b978-cc6b-49c8-8bba-b1f87d39615a,view,BOOK_029,0.0,2026-08-24 22:09:38.291386
e04bc446-eef1-4a6c-bdd3-722ed841b5b0,view,ELEC_003,0.0,2026-08-24 21:43:20.064110
7e12728f-8e77-4093-b21e-7650a323fb12,view,CLTH_018,0.0,2026-08-24 22:57:55.246829
d2393a76-e7aa-4917-8d1a-eaea77151dd0,view,CLTH_028,0.0,2026-08-24T23:04:40.319527
c6da6198-1302-4f3b-98d8-59f524206a5a,view,CLTH_011,0.0,2026-08-24 20:00:57.791585
ddc313fb-bc63-47e5-ac3f-b9d1d5a703a1,view,SPRT_028,0.0,2026-08-24 22:53:53.183435
9b7e7aee-079a-4bab-8c71-badadf83bdcd,view,SPRT_027,0.0,2026-08-20 21:15:08.473641
60fa3dee-9722-469f-9ede-8581e64a5dc8,view,CLTH_005,0.0,2026-08-20 21:13:52.583087
103b446e-bac3-42b5-96ca-727662d099e1,view,SPRT_012,0.0,2026-08-20 21:27:47.292529
c6da6198-1302-4f3b-98d8-59f524206a5a,view,CLTH_011,0.0,2026-08-24 20:03:35.292141
1c40c716-3e21-417f-a735-1300abafdc59,purchase,ELEC_010,351.44,2026-08-24T21:18:57.428807
acececef-4ab4-44e7-8ba4-dc1b3db1b57b,cart,SPRT_011,339.37,2026-08-23T19:38:38.005888
204cd583-e18f-4356-afbd-560a95e5e55d,view,CLTH_005,0.0,2026-08-24 19:35:22.829424
b8626474-9939-4b22-b12e-52c5f4b4739c,cart,SPRT_003,85.86,2026-08-18 18:50:15.046314
e04bc446-eef1-4a6c-bdd3-722ed841b5b0,view,CLTH_015,0.0,2026-08-24 22:01:10.060765
ecb51178-8afe-4ba9-bd61-87e0a416554b,view,ELEC_013,0.0,2026-08-22T17:56:57.377004
5ecfc98a-922a-4821-a19c-74739ea9d49c,cart,FOOD_026,8.98,2026-08-24 22:41:24.754994
9ea41e68-c710-4b07-b2ae-6bbf22342547,view,CLTH_030,0.0,2026-08-22T17:11:40.398971
8889c320-1f19-4bac-9c31-b9218acbf5b5,view,ELEC_001,0.0,2026-08-24 23:08:08.010254
45be79ad-8040-4559-be25-1a4737d5bdec,view,FOOD_012,0.0,2026-08-24 20:53:22.360474
e04bc446-eef1-4a6c-bdd3-722ed841b5b0,view,CLTH_019,0.0,2026-08-24 23:12:02.935509
7c53ddd0-71fe-4919-a4fe-86d633a58eee,view,CLTH_015,0.0,2026-08-24T20:34:53.718285
b43786c5-4ef6-4017-a344-22b26bcbd3c5,purchase,SPRT_013,94.65,2026-08-24 21:10:10.355609
8889c320-1f19-4bac-9c31-b9218acbf5b5,view,CLTH_017,0.0,2026-08-24T23:11:39.115039
b69f6df3-4ae7-4861-8236-88b969e91529,view,CLTH_021,0.0,2026-08-20 21:17:56.084539
3fb2fa2a-b4d2-485d-acd8-9cc11c7a142c,view,BOOK_009,0.0,2026-08-19 23:31:09.900766
292aa98d-2159-46e5-86b7-ebb3da08accd,view,SPRT_023,0.0,2026-08-22 17:47:38.981612
eedeb7be-443c-4607-a98b-a6928f11d578,view,ELEC_029,0.0,2026-08-22 17:54:57.939345
65c76bd2-c4c5-4ead-bb07-d1518810d424,view,ELEC_005,0.0,2026-08-24 19:55:43.692145
d30fc382-e140-48b8-8038-bd17100271c2,cart,FOOD_019,76.92,2026-08-22 17:59:16.657770
0edab1bf-3255-4636-8c77-d72d54ebaa4a,view,BOOK_013,0.0,2026-08-18 19:17:53.006700
14652829-4c93-49cc-ac11-1084b352dbf8,view,CLTH_024,0.0,2026-08-24 22:30:12.656806
046701a6-5a53-43dc-aa26-d68a19f6cb9e,view,CLTH_001,0.0,2026-08-18 18:59:20.877601
a6a3df8c-d39a-4527-8306-9fc8f5e2ac32,view,FOOD_021,0.0,2026-08-16 10:36:29.212504
d13300b8-b21a-4b42-b229-1237697e4e3f,view,BOOK_030,0.0,2026-08-15 19:46:14.809733
653709fa-a965-4975-9c69-451df40148e0,view,BOOK_027,0.0,2026-08-20T21:46:47.534589
7cbfa99b-31eb-437d-b4e9-d5c1212be9ff,cart,BOOK_009,21.96,2026-08-22T17:30:37.577702
292aa98d-2159-46e5-86b7-ebb3da08accd,view,SPRT_021,0.0,2026-08-22 17:30:02.817691
80fc42f8-36e7-494e-ab68-ae41fa2c75c1,view,BOOK_026,0.0,2026-08-20 21:28:30.624450
28dee375-acb0-4efe-91a1-27bd967ca56b,view,BOOK_003,0.0,2026-08-23T19:46:29.361587
41a5862d-9a23-4007-82f3-890ced6bb4d9,view,CLTH_004,0.0,2026-08-24T19:42:56.423874
d37ca1f9-a758-4fcd-abd0-8a4b28290823,view,SPRT_001,0.0,2026-08-24T23:21:03.139660
69ac5a58-9bcc-4f4b-bdd5-baea8549f46e,view,CLTH_012,0.0,2026-08-18 18:59:11.784550
7e6c74b6-e963-4328-83a5-602d2af48d1f,cart,FOOD_029,35.33,2026-08-24T22:10:58.820363
23563557-5b65-4775-84d2-cd11d7916afb,view,BOOK_012,0.0,2026-08-24T19:47:38.554912
204cd583-e18f-4356-afbd-560a95e5e55d,view,CLTH_004,0.0,2026-08-24 21:19:32.962655
1db8f590-d54c-4124-ae91-abc457daf2ef,view,CLTH_018,0.0,2026-08-28T18:08:39.765701
ddc313fb-bc63-47e5-ac3f-b9d1d5a703a1,view,CLTH_027,0.0,2026-08-24 21:53:15.977788
23563557-5b65-4775-84d2-cd11d7916afb,view,BOOK_004,0.0,2026-08-24T22:25:03.488309
c6b1433c-fd3a-4b37-a002-e3213ac67574,view,FOOD_008,0.0,2026-08-24 21:28:50.072821
eba03b4f-7d0a-498d-a823-db63123d559a,view,FOOD_028,0.0,2026-08-19 23:22:46.949393
875ce581-da9f-4374-b891-e1b0a538923e,view,SPRT_007,0.0,2026-08-24T22:58:21.326897
b2494169-7cd1-450a-9a6a-5bd5ce40d2fb,purchase,CLTH_030,335.76,2026-08-24 22:10:46.705429
8889c320-1f19-4bac-9c31-b9218acbf5b5,view,ELEC_021,0.0,2026-08-24 23:17:11.512295
3eae1b1f-da2f-40b7-883b-ad6d9a3673eb,view,BOOK_006,0.0,2026-08-24 21:35:29.855278
8c1f2c4f-fcb2-4456-8fb7-b41a9931e230,view,CLTH_024,0.0,2026-08-20 21:10:12.569265
fc663667-5a7c-4583-8210-a39d89c8784d,view,CLTH_008,0.0,2026-08-18 18:56:04.298745
af8c3802-1e97-4ac1-a05e-a064dc9a598f,view,FOOD_004,0.0,2026-08-18 19:01:35.734833
1de6f679-4161-4b5c-bd73-1f6f9760878f,purchase,ELEC_030,1163.76,2026-08-18T18:58:46.327969
097603f7-ef8e-4380-83ce-337ce6b52a59,view,BOOK_022,0.0,2026-08-24 22:53:45.319488
46b4a363-670a-4824-bdea-bffd85562f0b,view,BOOK_001,0.0,2026-08-18 19:05:26.569439
4af16b18-bb80-4ce1-83fd-eeced79f6030,view,ELEC_007,0.0,2026-08-28T18:09:12.976723
c9613b65-fafa-42cc-9af8-32f87936384f,view,CLTH_030,0.0,2026-08-19T23:27:02.320339
b4508ad1-61c3-4913-9b0d-9e62d1e31a6c,view,FOOD_018,0.0,2026-08-18T19:06:34.468153
71757292-65b2-4a18-829d-3935df050fc0,cart,ELEC_025,826.0,2026-08-19T23:26:31.731201
15371891-3d67-4bbe-a227-0aa843960503,view,CLTH_002,0.0,2026-08-24 22:36:10.170999
f0bd94bc-247d-45cf-84f6-c5509dc870cc,cart,BOOK_009,54.36,2026-08-19 23:25:19.404797
15371891-3d67-4bbe-a227-0aa843960503,purchase,CLTH_001,226.26,2026-08-24 21:56:38.528434
a4dbcca0-eaa3-4f6a-91d1-a92bc00a2c19,view,CLTH_026,0.0,2026-08-24 20:17:10.935779
d30fc382-e140-48b8-8038-bd17100271c2,purchase,BOOK_007,43.96,2026-08-24T20:42:37.141898
50e381b2-5e82-4228-ba7a-86669f6ade13,view,CLTH_020,0.0,2026-08-18 19:04:56.461163
66f9e642-1674-468a-884b-55c6f9a06472,cart,CLTH_002,67.36,2026-08-18 18:47:15.116717
0d5c42ed-4461-4096-8503-c9de6cbe237f,view,SPRT_009,0.0,2026-08-18T18:50:19.842564
9f729b04-6f80-4dae-9824-921396cc0ee2,view,BOOK_027,0.0,2026-08-24 20:58:54.941096
718814b5-9a30-4643-8cfb-a460a60999ba,view,CLTH_025,0.0,2026-08-24 19:52:05.324769
7a84b978-cc6b-49c8-8bba-b1f87d39615a,view,CLTH_002,0.0,2026-08-24 22:11:10.652051
c6da6198-1302-4f3b-98d8-59f524206a5a,purchase,CLTH_022,100.57,2026-08-24 20:45:45.364852
10a14ce2-6a79-4e2d-b024-ab8150be7f3b,view,SPRT_023,0.0,2026-08-23T19:51:54.374996
15371891-3d67-4bbe-a227-0aa843960503,view,FOOD_019,0.0,2026-08-28T18:12:57.071650
559449e8-4daf-4cae-863c-369e59d25d8b,view,CLTH_022,0.0,2026-08-20T22:00:29.379224
8c1f2c4f-fcb2-4456-8fb7-b41a9931e230,view,CLTH_011,0.0,2026-08-20 21:25:30.916881
1f1fb1c5-8a0f-4b64-8261-f51ffc33db1f,view,CLTH_023,0.0,2026-08-22T18:04:20.566197
7c876903-8503-4e64-91da-9f12ea161fac,cart,CLTH_011,123.29,2026-08-24 22:11:50.675442
7c53ddd0-71fe-4919-a4fe-86d633a58eee,view,ELEC_010,0.0,2026-08-22T17:08:33.067377
0a2f3d10-ae64-4472-a673-478e6650e204,view,FOOD_017,0.0,2026-08-16 16:48:35.205420
eedeb7be-443c-4607-a98b-a6928f11d578,view,SPRT_011,0.0,2026-08-22 17:26:09.994699
c43f920e-ad55-4f24-936b-9cbd31f69e37,view,FOOD_001,0.0,2026-08-24T19:58:04.821031
9f729b04-6f80-4dae-9824-921396cc0ee2,cart,BOOK_016,21.33,2026-08-24 19:47:17.720248
79486124-ceb2-4f91-bf0f-378b69ecb64c,view,ELEC_029,0.0,2026-08-22 17:54:35.228835
e04bc446-eef1-4a6c-bdd3-722ed841b5b0,view,CLTH_015,0.0,2026-08-24 22:12:24.139944
559449e8-4daf-4cae-863c-369e59d25d8b,view,FOOD_011,0.0,2026-08-24T21:02:24.470927
2de07fdd-8b53-4691-a8aa-c355b7716a3e,view,BOOK_017,0.0,2026-08-18 19:04:59.898904
a8b5f893-6a56-4f9f-b429-038b5a69def7,view,CLTH_013,0.0,2026-08-24 21:19:09.114017
ddc313fb-bc63-47e5-ac3f-b9d1d5a703a1,view,CLTH_016,0.0,2026-08-24 22:33:12.436724
fcdb2a08-2878-4a68-8159-6952bf2ae28f,view,BOOK_027,0.0,2026-08-22 17:31:17.875475
9b70e162-3f36-46cd-87f4-65153d82f93c,view,FOOD_006,0.0,2026-08-23T19:41:48.291704
204cd583-e18f-4356-afbd-560a95e5e55d,view,CLTH_023,0.0,2026-08-24 21:11:16.520946
a8b5f893-6a56-4f9f-b429-038b5a69def7,view,CLTH_008,0.0,2026-08-24 20:44:40.858000
097603f7-ef8e-4380-83ce-337ce6b52a59,view,BOOK_001,0.0,2026-08-24 22:55:49.665583
f0bd94bc-247d-45cf-84f6-c5509dc870cc,purchase,CLTH_006,79.53,2026-08-24T23:12:17.887865
1342dc6b-765d-46f2-b62a-ae0cc1bedb78,cart,SPRT_008,390.85,2026-08-24 23:08:27.225072
796609d9-7739-4166-ab01-9a72c52c20a7,cart,SPRT_029,234.14,2026-08-23 19:36:01.428764
8c9bf60c-9d81-434e-9a6f-73c2800925e8,view,SPRT_018,0.0,2026-08-16 10:28:11.936402
7533f6a3-2d5e-454c-a7d4-5a213a566a6a,view,FOOD_006,0.0,2026-08-24T21:45:49.572775
9b7e7aee-079a-4bab-8c71-badadf83bdcd,view,SPRT_006,0.0,2026-08-20 21:08:49.974101
80fc42f8-36e7-494e-ab68-ae41fa2c75c1,view,CLTH_022,0.0,2026-08-20T21:20:22.614221
659ae273-f90a-4d3d-8e25-4ce44740dbc3,view,CLTH_001,0.0,2026-08-19 23:30:07.480969
aaaa38a6-7d37-4a0f-a0ae-a18daa98f586,view,FOOD_001,0.0,2026-08-16 16:49:32.737263
f11171cf-dcb7-41e6-88b3-5078456085ff,view,BOOK_027,0.0,2026-08-18 18:46:36.106832
b3b7ea67-75e4-433b-a906-fd0202ed49b3,view,BOOK_030,0.0,2026-08-28T18:16:34.302990
103b446e-bac3-42b5-96ca-727662d099e1,cart,SPRT_009,370.79,2026-08-20 21:24:08.989636
06ef8987-2209-4f91-b32e-b826d451f567,view,FOOD_001,0.0,2026-08-24T22:44:41.321298
d8955fd2-ab39-4aaa-aa00-af2f627b88eb,view,BOOK_012,0.0,2026-08-19T23:26:31.547188
9f729b04-6f80-4dae-9824-921396cc0ee2,purchase,BOOK_028,65.98,2026-08-24 19:54:53.641266
07974040-0d6e-4dd2-a06d-09236cb2f439,view,FOOD_014,0.0,2026-08-24 21:45:01.580968
fc18b9b9-0790-45c2-9bd4-39c8c166b7ff,view,ELEC_004,0.0,2026-08-16 10:39:27.807879
e3576704-b8db-4482-a571-018fedb94275,cart,SPRT_028,243.3,2026-08-22T17:47:59.931889
33cba815-f157-4c79-818d-2ebbda04e88a,view,SPRT_012,0.0,2026-08-22T17:53:50.091443
7adce7be-64d4-4802-b5f9-067f8cf870b9,view,CLTH_026,0.0,2026-08-28 18:13:48.530111
0f4db5c7-beaf-4757-b8cf-f156b73fe4d5,view,BOOK_016,0.0,2026-08-22T17:41:03.540606
c6b1433c-fd3a-4b37-a002-e3213ac67574,cart,FOOD_002,63.14,2026-08-24 23:16:16.664768
7adce7be-64d4-4802-b5f9-067f8cf870b9,purchase,BOOK_023,79.71,2026-08-28 18:12:46.701971
8648af4d-7a61-4fed-84ea-10895f513822,purchase,ELEC_027,1189.87,2026-08-20 21:11:05.675013
718814b5-9a30-4643-8cfb-a460a60999ba,view,CLTH_026,0.0,2026-08-24 20:43:30.218565
c6ad3b1a-879f-46e9-b4df-c61479de62ea,view,SPRT_016,0.0,2026-08-18T19:15:40.066415
c6da6198-1302-4f3b-98d8-59f524206a5a,view,CLTH_022,0.0,2026-08-24 19:58:58.198611
16a45d1c-fcb0-44ee-be9c-1c14c693e1c8,cart,CLTH_010,177.11,2026-08-24 20:53:00.145341
204cd583-e18f-4356-afbd-560a95e5e55d,view,CLTH_017,0.0,2026-08-24 20:48:43.886335
151d1b6b-31e9-4c3a-98ee-7ebc527bc572,view,SPRT_026,0.0,2026-08-22 17:41:06.708511
b32648f7-5c8a-4360-9d8d-e4d9d9c805e6,cart,SPRT_003,56.61,2026-08-22T17:05:48.479512
a4dbcca0-eaa3-4f6a-91d1-a92bc00a2c19,view,CLTH_011,0.0,2026-08-24 19:39:23.519018
65c76bd2-c4c5-4ead-bb07-d1518810d424,view,SPRT_027,0.0,2026-08-24 20:30:21.570693
fb5c4430-55ab-46c5-9e83-bae524560811,purchase,FOOD_027,29.69,2026-08-24 20:20:20.973214
50e381b2-5e82-4228-ba7a-86669f6ade13,view,CLTH_027,0.0,2026-08-24T21:55:53.060570
d83aca8e-5d41-4fc0-992e-a9dc27732931,cart,BOOK_011,21.06,2026-08-22T17:55:54.168044
3ad97fa8-650a-449e-819a-7461929db15a,view,BOOK_029,0.0,2026-08-24T19:53:54.574060
e352f24e-22e8-4012-a195-24367d88715a,view,FOOD_014,0.0,2026-08-24 19:50:42.092649
7973f2a9-cd05-4d96-a6a3-b5bcbfe5a807,view,CLTH_001,0.0,2026-08-24 20:37:31.049278
db7f8eee-9b64-455b-9ada-7be2b9d2a40c,purchase,BOOK_016,32.86,2026-08-15 19:48:00.058308
3c8208eb-982f-4c25-aeb6-1d676d8c95fd,view,CLTH_016,0.0,2026-08-24T22:29:32.012032
b43786c5-4ef6-4017-a344-22b26bcbd3c5,cart,SPRT_017,193.02,2026-08-24 19:40:10.825107
9b7e7aee-079a-4bab-8c71-badadf83bdcd,view,SPRT_016,0.0,2026-08-28T18:13:33.147976
61887664-7787-4a05-aa10-f242d15e7b6f,view,SPRT_007,0.0,2026-08-22 17:52:25.457055
103b446e-bac3-42b5-96ca-727662d099e1,cart,ELEC_013,620.3,2026-08-24T19:56:30.800700
e3576704-b8db-4482-a571-018fedb94275,view,FOOD_029,0.0,2026-08-16 16:45:04.288617
07974040-0d6e-4dd2-a06d-09236cb2f439,cart,FOOD_011,64.83,2026-08-24 22:16:05.568732
0bbfa7f7-fdca-4164-bc87-12ea9a76d7ed,purchase,SPRT_025,379.13,2026-08-19T23:27:32.844945
9b7e7aee-079a-4bab-8c71-badadf83bdcd,view,SPRT_011,0.0,2026-08-20 21:07:49.807561
4bcc35c7-0c0f-40c6-81ef-9290c390c8ae,view,FOOD_026,0.0,2026-08-20T22:01:00.644074
9b7e7aee-079a-4bab-8c71-badadf83bdcd,view,SPRT_001,0.0,2026-08-20 21:20:40.032488
b92588da-f188-45e0-9358-9c955d88bc5a,view,SPRT_022,0.0,2026-08-20 21:12:44.893387
9f729b04-6f80-4dae-9824-921396cc0ee2,cart,BOOK_029,36.39,2026-08-24 20:09:49.803500
2de07fdd-8b53-4691-a8aa-c355b7716a3e,view,BOOK_016,0.0,2026-08-18 19:04:59.971191
0f4db5c7-beaf-4757-b8cf-f156b73fe4d5,view,SPRT_025,0.0,2026-08-20 21:54:10.644023
097603f7-ef8e-4380-83ce-337ce6b52a59,view,BOOK_007,0.0,2026-08-24 22:14:20.744832
a96f1d3a-763c-4bc2-9e7d-20d3463261d5,view,ELEC_014,0.0,2026-08-15 19:46:35.940484
653709fa-a965-4975-9c69-451df40148e0,view,SPRT_020,0.0,2026-08-24T19:55:27.508691
6c42b183-6d7f-4eed-9a19-89815e3d0919,view,ELEC_021,0.0,2026-08-24 22:14:11.728988
8afb9663-be21-47d5-b7bf-d549285fa584,purchase,ELEC_030,142.66,2026-08-16 10:28:33.593881
7e12728f-8e77-4093-b21e-7650a323fb12,purchase,CLTH_025,40.85,2026-08-24 23:21:28.041981
23e6833c-1e9f-4546-9ca2-5392b29eeb0c,view,FOOD_001,0.0,2026-08-24T20:10:01.791780
f40f2fc0-4990-4c42-b190-23976cdaf79f,view,ELEC_022,0.0,2026-08-16 16:47:08.217627
df6ef7b8-0a49-4e99-b1d7-860b83fad018,purchase,CLTH_019,108.72,2026-08-23 19:51:56.396509
7e12728f-8e77-4093-b21e-7650a323fb12,view,CLTH_028,0.0,2026-08-24 22:39:06.757415
c6da6198-1302-4f3b-98d8-59f524206a5a,view,CLTH_016,0.0,2026-08-24 21:22:22.203466
c56998f4-a438-484c-8b0c-b80c399f6fcd,view,BOOK_024,0.0,2026-08-24 20:17:49.502725
50e381b2-5e82-4228-ba7a-86669f6ade13,purchase,CLTH_008,153.11,2026-08-18 19:03:14.707490
50e381b2-5e82-4228-ba7a-86669f6ade13,cart,CLTH_025,85.93,2026-08-18 19:04:56.539391
abdf77fe-de5b-4e52-955c-aeb34086fb6c,view,CLTH_028,0.0,2026-08-20 21:48:26.440355
ab5beedd-73b7-43f0-8900-2fda346c8941,cart,SPRT_005,145.23,2026-08-22T17:50:41.619209
559449e8-4daf-4cae-863c-369e59d25d8b,view,FOOD_016,0.0,2026-08-24T20:03:49.279231
b92588da-f188-45e0-9358-9c955d88bc5a,view,SPRT_019,0.0,2026-08-20 21:17:11.470246
61887664-7787-4a05-aa10-f242d15e7b6f,cart,SPRT_028,259.99,2026-08-22T17:48:00.167108
7e12728f-8e77-4093-b21e-7650a323fb12,view,CLTH_009,0.0,2026-08-24 23:21:51.586320
7e12728f-8e77-4093-b21e-7650a323fb12,cart,CLTH_029,152.61,2026-08-24 22:17:50.159972
2d7c90c3-0788-41c8-b160-06e19f4406f6,view,FOOD_022,0.0,2026-08-24 21:38:38.912090
c6b1433c-fd3a-4b37-a002-e3213ac67574,purchase,FOOD_002,35.63,2026-08-24 21:49:37.720030
c56998f4-a438-484c-8b0c-b80c399f6fcd,cart,BOOK_026,32.19,2026-08-24 21:05:06.895759
f0990893-bc9c-4914-b4e9-26579efdae9c,purchase,FOOD_019,100.0,2026-08-20T21:20:54.269517
5ecfc98a-922a-4821-a19c-74739ea9d49c,cart,BOOK_007,15.03,2026-08-24 22:37:39.655323
f11171cf-dcb7-41e6-88b3-5078456085ff,purchase,BOOK_017,50.03,2026-08-18 18:46:36.254081
39916c2e-f0f0-4c72-b753-c93c5f6c48e5,cart,CLTH_030,157.31,2026-08-16 10:32:02.568259
ecef0a71-9256-43e0-bf92-91fc8ffffcf4,cart,CLTH_026,119.34,2026-08-24 19:40:17.625653
569b2543-6e9b-4b3a-b8c1-7862801d2712,purchase,BOOK_004,79.41,2026-08-20 21:18:52.272254
659ae273-f90a-4d3d-8e25-4ce44740dbc3,view,ELEC_028,0.0,2026-08-24T21:18:56.898959
d6ea31f0-4a99-43ba-8364-82717218083c,view,ELEC_026,0.0,2026-08-24T23:11:00.935715
667c54aa-2a15-439e-9d2b-29339b87e1b4,cart,FOOD_011,79.75,2026-08-18 19:22:28.322901
82a1487d-2323-45c1-9468-a6f88d47a779,cart,BOOK_002,24.4,2026-08-24 20:05:53.028292
d83aca8e-5d41-4fc0-992e-a9dc27732931,view,BOOK_023,0.0,2026-08-19 23:25:59.554844
fb452d33-32d2-4fc8-a50d-278f74455526,view,SPRT_010,0.0,2026-08-24T22:45:15.023301
8889c320-1f19-4bac-9c31-b9218acbf5b5,cart,ELEC_003,279.5,2026-08-24 23:14:54.755663
48fdb41c-6451-4813-9e73-3326f54170f7,view,ELEC_026,0.0,2026-08-28T18:16:34.359664
2743b6ed-fc45-4744-8bc0-3fcfbda03d36,purchase,ELEC_025,682.91,2026-08-24T20:13:54.992607
3298c361-8531-49e3-8652-5f10ff038a49,view,SPRT_008,0.0,2026-08-16 10:33:53.839720
b92588da-f188-45e0-9358-9c955d88bc5a,purchase,SPRT_008,76.61,2026-08-20 21:12:44.954949
adcabb5a-9294-4e06-91d7-d5fb55987582,cart,BOOK_024,33.45,2026-08-18 18:48:55.746252
b42cbda4-175b-43b3-b494-d6e9be8d779f,view,CLTH_009,0.0,2026-08-18T18:53:25.488373
c8e0f50d-4298-44da-ac25-229ba2271015,view,BOOK_009,0.0,2026-08-20T21:16:10.064279
0518f406-1bcc-4201-9400-4d13c068296b,view,ELEC_004,0.0,2026-08-19T23:29:34.629969
0bbfa7f7-fdca-4164-bc87-12ea9a76d7ed,cart,CLTH_023,177.16,2026-08-18 19:12:15.484527
d83aca8e-5d41-4fc0-992e-a9dc27732931,view,CLTH_003,0.0,2026-08-24T21:07:54.960931
f0bd94bc-247d-45cf-84f6-c5509dc870cc,purchase,CLTH_001,120.76,2026-08-24T21:07:55.164236
7c876903-8503-4e64-91da-9f12ea161fac,view,ELEC_005,0.0,2026-08-24 22:44:56.966739
fcdb2a08-2878-4a68-8159-6952bf2ae28f,view,FOOD_030,0.0,2026-08-24T21:38:33.468486
204cd583-e18f-4356-afbd-560a95e5e55d,view,CLTH_020,0.0,2026-08-24 21:20:37.655026
7a84b978-cc6b-49c8-8bba-b1f87d39615a,view,BOOK_002,0.0,2026-08-24 22:36:32.143680
dced3396-f014-4b63-b43e-ce29d91fae35,view,CLTH_021,0.0,2026-08-28T18:24:39.023793
7cecad85-4914-4af5-863e-309987695976,view,CLTH_015,0.0,2026-08-24 22:12:46.928344
8c9bf60c-9d81-434e-9a6f-73c2800925e8,view,FOOD_014,0.0,2026-08-16 10:39:37.234613
9f729b04-6f80-4dae-9824-921396cc0ee2,purchase,BOOK_022,22.67,2026-08-24 21:03:38.539352
d06247ce-154f-44d2-a431-0e6def01535f,view,CLTH_003,0.0,2026-08-24 22:41:55.930026
589c5997-fc90-4737-b2a5-e4271fdf4a9d,cart,BOOK_027,31.2,2026-08-22 17:15:58.542737
77765993-45c5-4be1-9161-1885f032fc20,view,ELEC_019,0.0,2026-08-24T20:32:10.355075
18af9202-01b4-42d9-a7a8-a3fd40d77ea7,purchase,ELEC_015,135.06,2026-08-23T19:37:36.015188
91f30dc2-d42e-403d-8f92-452cf0c2e83b,view,CLTH_023,0.0,2026-08-16 16:38:35.845494
8c1f2c4f-fcb2-4456-8fb7-b41a9931e230,view,CLTH_010,0.0,2026-08-20 21:06:49.742541
acececef-4ab4-44e7-8ba4-dc1b3db1b57b,view,CLTH_007,0.0,2026-08-19 23:28:42.353274
b1143e5d-1e1f-426c-aaa8-ab647f0ea967,cart,FOOD_004,71.41,2026-08-24T22:10:59.716690
5170d1a9-568e-4884-8b9a-e998a6411fc9,view,SPRT_013,0.0,2026-08-22 17:50:54.549356
d37ca1f9-a758-4fcd-abd0-8a4b28290823,view,ELEC_017,0.0,2026-08-22 17:46:42.996721
8648af4d-7a61-4fed-84ea-10895f513822,purchase,ELEC_016,249.21,2026-08-20 21:25:40.985176
7a84b978-cc6b-49c8-8bba-b1f87d39615a,view,CLTH_006,0.0,2026-08-24 21:29:45.717339
5fd25fd1-437c-46b3-9a39-aa545fcef320,view,FOOD_017,0.0,2026-08-24 20:19:38.060305
32d60b7b-0ecd-4d77-ad93-8db6a14c6708,purchase,BOOK_024,62.49,2026-08-16 10:44:18.682010
7973f2a9-cd05-4d96-a6a3-b5bcbfe5a807,view,CLTH_016,0.0,2026-08-24T22:36:18.397841
5fd25fd1-437c-46b3-9a39-aa545fcef320,view,FOOD_029,0.0,2026-08-24 19:49:09.535929
16a45d1c-fcb0-44ee-be9c-1c14c693e1c8,view,SPRT_020,0.0,2026-08-24 19:50:56.017900
15371891-3d67-4bbe-a227-0aa843960503,view,CLTH_011,0.0,2026-08-24 22:25:20.152847
d30fc382-e140-48b8-8038-bd17100271c2,view,ELEC_021,0.0,2026-08-22 17:28:15.327822
e9af50c7-3916-48bf-9def-f8eae8db79ee,cart,BOOK_029,53.17,2026-08-24 19:51:24.457417
d0ee500b-2986-4393-8222-e3a34f6829c5,view,CLTH_022,0.0,2026-08-22 17:39:17.753533
b69f6df3-4ae7-4861-8236-88b969e91529,view,FOOD_018,0.0,2026-08-20 21:17:48.380021
3fb2fa2a-b4d2-485d-acd8-9cc11c7a142c,view,BOOK_006,0.0,2026-08-24T20:42:34.893464
1342dc6b-765d-46f2-b62a-ae0cc1bedb78,purchase,SPRT_012,209.51,2026-08-24 22:15:13.932112
8afb9663-be21-47d5-b7bf-d549285fa584,view,ELEC_015,0.0,2026-08-23T19:55:43.667468
046701a6-5a53-43dc-aa26-d68a19f6cb9e,cart,BOOK_027,17.75,2026-08-22T17:55:54.999310
c8dffba8-f979-4950-9e7a-d9a5f39abcf6,view,BOOK_030,0.0,2026-08-23 19:45:28.073279
9d82dbcc-f68b-4045-b84a-79b4d7103eeb,view,SPRT_027,0.0,2026-08-22 17:36:01.798477
a169dc99-f3d9-4a6d-be74-c528e84e184c,view,ELEC_028,0.0,2026-08-18 18:51:21.876525
27a943f0-74c1-47d4-a697-2bf5d20625d8,cart,BOOK_013,18.92,2026-08-24 19:55:19.346658
e04bc446-eef1-4a6c-bdd3-722ed841b5b0,view,CLTH_029,0.0,2026-08-24 22:55:04.815389
8889c320-1f19-4bac-9c31-b9218acbf5b5,purchase,ELEC_010,396.44,2026-08-24 21:58:20.992152
d30fc382-e140-48b8-8038-bd17100271c2,purchase,SPRT_023,32.05,2026-08-28T18:11:06.751196
b32648f7-5c8a-4360-9d8d-e4d9d9c805e6,purchase,SPRT_027,213.19,2026-08-20 21:58:22.411203
d8955fd2-ab39-4aaa-aa00-af2f627b88eb,view,SPRT_020,0.0,2026-08-23T20:01:35.766910
7a84b978-cc6b-49c8-8bba-b1f87d39615a,cart,CLTH_004,22.0,2026-08-24 21:42:38.100142
b43786c5-4ef6-4017-a344-22b26bcbd3c5,view,CLTH_002,0.0,2026-08-24 19:38:47.137112
8de7eb13-8152-4611-a515-17ecfec46828,view,BOOK_009,0.0,2026-08-22 17:11:37.955657
b43786c5-4ef6-4017-a344-22b26bcbd3c5,view,SPRT_011,0.0,2026-08-24 20:27:03.375206
4bcc35c7-0c0f-40c6-81ef-9290c390c8ae,view,SPRT_012,0.0,2026-08-24T22:46:54.899410
b4508ad1-61c3-4913-9b0d-9e62d1e31a6c,view,CLTH_024,0.0,2026-08-16 16:51:16.212989
272d6b5f-aeca-485e-a4ba-1a5689f647ac,view,SPRT_027,0.0,2026-08-24T21:13:30.319625
d114b438-0792-4d73-8753-b9578ba409a3,view,ELEC_003,0.0,2026-08-18T18:51:22.475521
b568b56b-df03-4a6f-ae89-4908c2685971,view,CLTH_011,0.0,2026-08-20 21:36:27.680015
e04bc446-eef1-4a6c-bdd3-722ed841b5b0,view,CLTH_006,0.0,2026-08-24 21:38:23.502972
097603f7-ef8e-4380-83ce-337ce6b52a59,view,BOOK_010,0.0,2026-08-24 22:14:20.838459
77765993-45c5-4be1-9161-1885f032fc20,purchase,BOOK_015,49.94,2026-08-22 17:26:48.686787
b4a0963f-da4e-401b-b39a-2668f972529c,view,FOOD_010,0.0,2026-08-24 19:39:49.342084
18af9202-01b4-42d9-a7a8-a3fd40d77ea7,view,BOOK_025,0.0,2026-08-24T19:59:39.503120
0e5061dd-6477-4b0b-baf1-80f9eca14fcd,view,CLTH_008,0.0,2026-08-22T17:04:40.091558
01c8f8b9-4fbf-44a7-8919-178beaceb074,view,SPRT_006,0.0,2026-08-23 19:36:40.546209
15371891-3d67-4bbe-a227-0aa843960503,view,CLTH_013,0.0,2026-08-24 21:52:16.440823
db7f8eee-9b64-455b-9ada-7be2b9d2a40c,view,BOOK_011,0.0,2026-08-15 19:38:21.801062
8889c320-1f19-4bac-9c31-b9218acbf5b5,cart,ELEC_003,489.08,2026-08-24 22:27:02.732793
fcd6fe57-c144-4e2e-a82f-44cb7df85d3f,view,BOOK_003,0.0,2026-08-24T22:16:05.562336
8d2e8c22-0f58-489e-84d3-59c68d8c63a5,view,BOOK_018,0.0,2026-08-16 10:29:35.208528
1342dc6b-765d-46f2-b62a-ae0cc1bedb78,view,SPRT_011,0.0,2026-08-24 22:43:44.174650
38c90e9e-a827-4bae-9a22-50c3d3ae002c,view,ELEC_002,0.0,2026-08-24T19:51:18.539897
e9af50c7-3916-48bf-9def-f8eae8db79ee,view,BOOK_018,0.0,2026-08-24 19:59:47.439840
807ffd32-2ef3-4a31-a89a-238c366b264b,view,CLTH_012,0.0,2026-08-24 21:47:02.993463
7c876903-8503-4e64-91da-9f12ea161fac,cart,ELEC_024,757.38,2026-08-24 23:15:38.322771
7c53ddd0-71fe-4919-a4fe-86d633a58eee,view,ELEC_019,0.0,2026-08-22T17:54:20.678089
37d1bc22-ec4f-4251-96d1-dbe0703942a7,view,ELEC_013,0.0,2026-08-19 23:35:45.100676
7973f2a9-cd05-4d96-a6a3-b5bcbfe5a807,purchase,SPRT_010,156.96,2026-08-28T18:11:06.813180
abdf77fe-de5b-4e52-955c-aeb34086fb6c,view,CLTH_017,0.0,2026-08-20 21:44:26.820083
807ffd32-2ef3-4a31-a89a-238c366b264b,view,CLTH_028,0.0,2026-08-24 23:09:26.774459
526d498e-a082-48f3-8f21-d37077e1d332,cart,FOOD_015,75.9,2026-08-24T22:10:22.573814
1342dc6b-765d-46f2-b62a-ae0cc1bedb78,view,SPRT_009,0.0,2026-08-24 22:07:36.027012
a3414eda-0341-4e0d-b3fa-5e873248b36a,cart,FOOD_004,66.62,2026-08-16 10:37:38.775216
0a2f3d10-ae64-4472-a673-478e6650e204,view,BOOK_006,0.0,2026-08-18T19:17:13.668803
ab5beedd-73b7-43f0-8900-2fda346c8941,view,CLTH_020,0.0,2026-08-20 21:19:03.580627
7973f2a9-cd05-4d96-a6a3-b5bcbfe5a807,view,SPRT_004,0.0,2026-08-24T20:15:37.902721
3317a2b8-8792-434d-9860-2f7644018ce4,view,BOOK_003,0.0,2026-08-24T20:38:09.205890
7a84b978-cc6b-49c8-8bba-b1f87d39615a,view,CLTH_004,0.0,2026-08-24 21:30:07.172989
b568b56b-df03-4a6f-ae89-4908c2685971,view,SPRT_004,0.0,2026-08-20 21:44:05.171597
9d82dbcc-f68b-4045-b84a-79b4d7103eeb,view,SPRT_030,0.0,2026-08-22 17:32:57.073673
4bcc35c7-0c0f-40c6-81ef-9290c390c8ae,view,FOOD_022,0.0,2026-08-18T19:16:41.735882
e520f38d-6d20-43be-ac04-26f7b8d044bb,view,ELEC_012,0.0,2026-08-18 19:14:46.501312
d9c0cd62-7da2-407f-b24f-c9887c0b8ae6,purchase,SPRT_004,343.76,2026-08-23T19:36:31.576404
85a19fd8-54ae-4ace-a4dc-55c4ce3993ce,cart,BOOK_024,20.15,2026-08-24 22:05:55.237483
1da3875f-fb74-46c6-93c5-51e782d226a2,view,BOOK_006,0.0,2026-08-28 18:17:54.738418
7e12728f-8e77-4093-b21e-7650a323fb12,cart,ELEC_009,138.29,2026-08-24 22:07:56.624033
a9ef0f29-d39b-4e19-9e9d-76779cf2469d,cart,SPRT_028,288.91,2026-08-20 22:02:37.071056
2de07fdd-8b53-4691-a8aa-c355b7716a3e,purchase,CLTH_017,18.02,2026-08-20T21:20:20.977422
9f6791f7-ecb4-48c0-8d76-b8e55d160f4b,view,SPRT_002,0.0,2026-08-20 21:44:19.435276
82a1487d-2323-45c1-9468-a6f88d47a779,view,FOOD_027,0.0,2026-08-24 20:05:15.428714
e9af50c7-3916-48bf-9def-f8eae8db79ee,view,ELEC_014,0.0,2026-08-24T21:54:14.107386
fbc03b87-c84c-4ae3-872c-c3f001033c41,cart,SPRT_014,93.07,2026-08-22T17:11:09.309382
204cd583-e18f-4356-afbd-560a95e5e55d,view,CLTH_008,0.0,2026-08-24 19:35:22.958151
45be79ad-8040-4559-be25-1a4737d5bdec,view,CLTH_014,0.0,2026-08-24 20:20:24.104888
fbc03b87-c84c-4ae3-872c-c3f001033c41,view,SPRT_008,0.0,2026-08-18 18:56:08.386534
fb5c4430-55ab-46c5-9e83-bae524560811,view,FOOD_018,0.0,2026-08-24 20:02:14.884703
61887664-7787-4a05-aa10-f242d15e7b6f,view,SPRT_024,0.0,2026-08-22 17:40:44.762934
f2ff3438-5f87-4245-8466-82e57f5edb6d,view,SPRT_028,0.0,2026-08-24T20:25:01.802416
b4a0963f-da4e-401b-b39a-2668f972529c,view,SPRT_007,0.0,2026-08-24 20:23:32.653422
e352f24e-22e8-4012-a195-24367d88715a,view,CLTH_008,0.0,2026-08-24 20:50:10.206630
db7f8eee-9b64-455b-9ada-7be2b9d2a40c,purchase,BOOK_011,72.15,2026-08-15 19:40:48.742619
e0cac62b-7a87-44bb-8198-dd96bc7eb6ae,view,BOOK_025,0.0,2026-08-20 21:36:33.474235
7e12728f-8e77-4093-b21e-7650a323fb12,cart,CLTH_006,53.45,2026-08-24 22:37:04.866090
980e4d69-7354-43f4-bc44-99fc0146226f,cart,SPRT_028,250.27,2026-08-20T21:18:14.860258
5ecfc98a-922a-4821-a19c-74739ea9d49c,cart,CLTH_013,21.16,2026-08-24 22:02:23.323272
f40f2fc0-4990-4c42-b190-23976cdaf79f,view,BOOK_017,0.0,2026-08-16 16:52:16.685143
69ac5a58-9bcc-4f4b-bdd5-baea8549f46e,view,SPRT_005,0.0,2026-08-18 18:50:46.025096
16a45d1c-fcb0-44ee-be9c-1c14c693e1c8,cart,CLTH_023,198.79,2026-08-24 20:49:13.568546
65c76bd2-c4c5-4ead-bb07-d1518810d424,view,CLTH_022,0.0,2026-08-24 21:05:04.616722
807ffd32-2ef3-4a31-a89a-238c366b264b,view,CLTH_016,0.0,2026-08-24 23:04:25.056704
69f815db-b5d3-4690-abf5-ffb8d11bd744,view,ELEC_026,0.0,2026-08-24T21:18:53.944623
e04bc446-eef1-4a6c-bdd3-722ed841b5b0,view,BOOK_022,0.0,2026-08-24 22:20:53.320346
7c53ddd0-71fe-4919-a4fe-86d633a58eee,view,ELEC_021,0.0,2026-08-24T21:30:10.686715
9f729b04-6f80-4dae-9824-921396cc0ee2,view,BOOK_027,0.0,2026-08-24 19:44:46.420673
1342dc6b-765d-46f2-b62a-ae0cc1bedb78,cart,SPRT_001,152.47,2026-08-24 21:57:41.869013
e17430b1-f78e-48ab-b1f9-1432b3b7be18,view,CLTH_009,0.0,2026-08-28 18:10:29.099861
7a84b978-cc6b-49c8-8bba-b1f87d39615a,view,ELEC_015,0.0,2026-08-24 22:11:46.540610
ecef0a71-9256-43e0-bf92-91fc8ffffcf4,view,BOOK_012,0.0,2026-08-24T20:04:21.598977
8afb9663-be21-47d5-b7bf-d549285fa584,view,BOOK_011,0.0,2026-08-24T21:46:22.598682
cfbb7b9b-061e-4731-bff1-1ae6f010648a,view,BOOK_021,0.0,2026-08-24 07:51:55.914791
c6b1433c-fd3a-4b37-a002-e3213ac67574,view,FOOD_002,0.0,2026-08-24 22:12:13.269550
800f664d-f662-49db-9420-27bde33160de,view,CLTH_030,0.0,2026-08-16 10:36:16.861965
a9ef0f29-d39b-4e19-9e9d-76779cf2469d,cart,SPRT_007,239.53,2026-08-20 21:54:35.509586
38c90e9e-a827-4bae-9a22-50c3d3ae002c,cart,ELEC_006,705.18,2026-08-22T17:05:16.788603
2989c566-bd71-49e2-8d10-a60c615ee48b,view,SPRT_024,0.0,2026-08-23 19:42:58.065801
0499cbb0-f1ab-4ff4-bdac-9b47815a9b3a,view,CLTH_019,0.0,2026-08-23 19:34:43.308812
8afb9663-be21-47d5-b7bf-d549285fa584,purchase,ELEC_005,731.45,2026-08-16 10:31:39.785680
a96f1d3a-763c-4bc2-9e7d-20d3463261d5,view,FOOD_006,0.0,2026-08-16T10:35:36.171634
b568b56b-df03-4a6f-ae89-4908c2685971,view,SPRT_005,0.0,2026-08-23T19:59:25.793881
ca8a018c-1d30-4a4d-9da7-20f5ae4514e1,purchase,BOOK_022,64.39,2026-08-22 17:58:12.417297
7206f4a1-cf8c-4b3e-8a55-1766c6ad92fa,view,BOOK_008,0.0,2026-08-28 18:05:30.068388
27a943f0-74c1-47d4-a697-2bf5d20625d8,cart,CLTH_010,115.6,2026-08-24 19:52:31.748440
1d21b537-35e3-49e4-ad04-fb64e3a6b0d7,view,CLTH_008,0.0,2026-08-24T19:47:38.944132
569b2543-6e9b-4b3a-b8c1-7862801d2712,view,CLTH_010,0.0,2026-08-20 21:16:31.202011
8648af4d-7a61-4fed-84ea-10895f513822,purchase,ELEC_015,117.14,2026-08-20 21:12:10.390981
b4a0963f-da4e-401b-b39a-2668f972529c,view,SPRT_017,0.0,2026-08-24 20:23:33.003154
06ef8987-2209-4f91-b32e-b826d451f567,view,ELEC_020,0.0,2026-08-23T19:48:35.482707
79486124-ceb2-4f91-bf0f-378b69ecb64c,view,ELEC_021,0.0,2026-08-22 17:56:34.824558
9f729b04-6f80-4dae-9824-921396cc0ee2,view,FOOD_013,0.0,2026-08-24 19:49:33.307063
f40f2fc0-4990-4c42-b190-23976cdaf79f,view,ELEC_002,0.0,2026-08-16 16:41:05.425064
3cd39961-1811-4043-81ca-ab2b96896334,view,SPRT_018,0.0,2026-08-23T19:34:26.010507
16a45d1c-fcb0-44ee-be9c-1c14c693e1c8,view,CLTH_012,0.0,2026-08-24 19:49:53.022083
a8b5f893-6a56-4f9f-b429-038b5a69def7,view,ELEC_018,0.0,2026-08-24 20:44:36.401986
1344b28a-61ef-4a23-9d78-756fce943fce,view,SPRT_007,0.0,2026-08-24T20:25:01.406350
fc029a04-be52-486b-8b8f-0f1b173d81fb,view,CLTH_027,0.0,2026-08-18 19:19:44.125420
b2494169-7cd1-450a-9a6a-5bd5ce40d2fb,cart,CLTH_003,150.82,2026-08-24 21:30:40.881806
37d1bc22-ec4f-4251-96d1-dbe0703942a7,view,ELEC_013,0.0,2026-08-19 23:27:37.597733
e04bc446-eef1-4a6c-bdd3-722ed841b5b0,view,CLTH_001,0.0,2026-08-24 22:24:08.423493
1d21b537-35e3-49e4-ad04-fb64e3a6b0d7,view,BOOK_013,0.0,2026-08-22 17:10:38.872142
37d1bc22-ec4f-4251-96d1-dbe0703942a7,view,ELEC_015,0.0,2026-08-19 23:32:54.320398
9c3cb134-b74a-41d4-ab7d-efd8e3add159,cart,CLTH_026,186.04,2026-08-28 18:07:08.260362
e352f24e-22e8-4012-a195-24367d88715a,view,FOOD_016,0.0,2026-08-24 19:53:18.970608
27ab56fc-882d-4198-a735-9f9394cf678a,view,BOOK_011,0.0,2026-08-18 19:16:05.618987
07e00408-a9f3-4a26-bb10-653e27ee1d69,view,CLTH_021,0.0,2026-08-24 22:35:52.134139
db7f8eee-9b64-455b-9ada-7be2b9d2a40c,view,SPRT_008,0.0,2026-08-19T23:31:06.246827
6c42b183-6d7f-4eed-9a19-89815e3d0919,view,SPRT_030,0.0,2026-08-24 22:17:28.170504
fc663667-5a7c-4583-8210-a39d89c8784d,purchase,CLTH_018,183.91,2026-08-24T23:12:19.159703
3ae7f361-dd3c-4d91-9325-4b4e1a15b0bf,cart,ELEC_025,339.07,2026-08-16T16:46:31.287473
97fbfdf2-f064-4feb-aa62-d6344df19395,cart,ELEC_027,207.78,2026-08-16 10:36:43.080963
00f663e7-4a3e-49a4-a200-c3c06ef5259a,view,FOOD_002,0.0,2026-08-22 17:14:49.028521
80a44646-6c7e-488e-8f96-dda9667f62bf,view,BOOK_016,0.0,2026-08-24 19:49:00.890490
dcd98015-a110-4e4e-bffd-2db821ce770a,view,SPRT_009,0.0,2026-08-18 19:15:07.348736
3eae1b1f-da2f-40b7-883b-ad6d9a3673eb,view,BOOK_024,0.0,2026-08-24 21:35:29.988305
6faa3f2f-4722-4384-8e2e-1ba697d518a4,view,FOOD_012,0.0,2026-08-24T19:42:55.923243
d30fc382-e140-48b8-8038-bd17100271c2,view,FOOD_018,0.0,2026-08-22 17:59:16.699856
af8c3802-1e97-4ac1-a05e-a064dc9a598f,view,CLTH_017,0.0,2026-08-18 18:54:13.414066
b4508ad1-61c3-4913-9b0d-9e62d1e31a6c,view,ELEC_020,0.0,2026-08-20T21:13:35.177793
d37ca1f9-a758-4fcd-abd0-8a4b28290823,view,ELEC_023,0.0,2026-08-22 17:42:43.121085
9527030a-454f-418b-9265-43c29b277831,view,FOOD_023,0.0,2026-08-20T21:24:35.232541
8889c320-1f19-4bac-9c31-b9218acbf5b5,view,ELEC_013,0.0,2026-08-24 22:36:45.383176
e7011402-63aa-4b75-87a9-67546325bcab,view,CLTH_006,0.0,2026-08-24 23:07:23.229103
07974040-0d6e-4dd2-a06d-09236cb2f439,view,ELEC_025,0.0,2026-08-24 23:08:22.990515
11da9648-ae79-4fa4-b84c-689819c0f684,view,SPRT_018,0.0,2026-08-19T23:29:04.212567
fcd6fe57-c144-4e2e-a82f-44cb7df85d3f,view,CLTH_007,0.0,2026-08-20 21:09:06.462117
e0fd2345-d654-4429-9d48-e2b1544bc0ee,view,SPRT_010,0.0,2026-08-19 23:31:55.105762
b92588da-f188-45e0-9358-9c955d88bc5a,cart,FOOD_006,77.95,2026-08-24T21:11:05.272742
27a943f0-74c1-47d4-a697-2bf5d20625d8,view,SPRT_017,0.0,2026-08-24T23:15:47.318937
01c8f8b9-4fbf-44a7-8919-178beaceb074,view,ELEC_003,0.0,2026-08-24T23:08:39.159452
4eca1658-9c92-4d94-98cf-ac4413183c56,cart,ELEC_021,470.8,2026-08-24T23:07:30.724614
2123f5ae-14df-4e5d-92db-1157b83c002d,view,BOOK_008,0.0,2026-08-19 23:32:16.594351
2ca3ba80-c4ea-48a9-9d49-ec547b2177a2,cart,SPRT_029,243.14,2026-08-19T23:29:04.292241
c6ad3b1a-879f-46e9-b4df-c61479de62ea,view,ELEC_030,0.0,2026-08-24T21:45:49.171654
3eae1b1f-da2f-40b7-883b-ad6d9a3673eb,view,CLTH_027,0.0,2026-08-24 22:47:09.702593
1a57d526-e419-4985-b2c6-65d021f92488,cart,CLTH_007,148.37,2026-08-20 22:04:41.997095
0a2f3d10-ae64-4472-a673-478e6650e204,purchase,FOOD_010,106.72,2026-08-16 16:36:49.547316
3c8208eb-982f-4c25-aeb6-1d676d8c95fd,purchase,CLTH_012,81.02,2026-08-24T20:57:34.529245
d0ee500b-2986-4393-8222-e3a34f6829c5,view,CLTH_002,0.0,2026-08-22 17:39:17.661265
0499cbb0-f1ab-4ff4-bdac-9b47815a9b3a,cart,CLTH_026,166.09,2026-08-23 19:35:02.780280
a8b5f893-6a56-4f9f-b429-038b5a69def7,cart,CLTH_030,129.7,2026-08-24 19:53:09.428162
0e5061dd-6477-4b0b-baf1-80f9eca14fcd,view,BOOK_026,0.0,2026-08-19 23:23:26.710632
99e329dd-777c-4afe-bc50-366ecd0bd177,view,FOOD_024,0.0,2026-08-22 17:37:07.764925
4bcc35c7-0c0f-40c6-81ef-9290c390c8ae,view,ELEC_029,0.0,2026-08-24T21:58:10.678488
d06247ce-154f-44d2-a431-0e6def01535f,view,CLTH_022,0.0,2026-08-24 21:51:19.880188
2989c566-bd71-49e2-8d10-a60c615ee48b,cart,SPRT_030,83.24,2026-08-23 19:42:34.595587
e9af50c7-3916-48bf-9def-f8eae8db79ee,view,BOOK_018,0.0,2026-08-24 21:09:30.711979
3ae7f361-dd3c-4d91-9325-4b4e1a15b0bf,view,BOOK_005,0.0,2026-08-15 19:40:47.827751
7cecad85-4914-4af5-863e-309987695976,view,CLTH_020,0.0,2026-08-24 22:00:02.886444
8e8f1a72-9d02-4f7f-812e-28ab52b05f20,view,CLTH_007,0.0,2026-08-20 21:26:47.176022
a8b5f893-6a56-4f9f-b429-038b5a69def7,view,CLTH_030,0.0,2026-08-24 19:53:09.401130
7cecad85-4914-4af5-863e-309987695976,view,CLTH_016,0.0,2026-08-24 22:46:03.100620
e9af50c7-3916-48bf-9def-f8eae8db79ee,purchase,BOOK_010,66.35,2026-08-24 20:03:02.440887
800f664d-f662-49db-9420-27bde33160de,view,CLTH_010,0.0,2026-08-16 10:44:05.422939
fcdb2a08-2878-4a68-8159-6952bf2ae28f,view,ELEC_030,0.0,2026-08-24T21:40:51.647296
82a1487d-2323-45c1-9468-a6f88d47a779,cart,FOOD_023,27.82,2026-08-24 20:22:19.424908
33dc141b-1bf5-4e95-b23e-a53981073bd2,cart,BOOK_008,17.41,2026-08-24T19:58:37.689341
2d7c90c3-0788-41c8-b160-06e19f4406f6,view,FOOD_021,0.0,2026-08-24 22:36:06.856019
6faa3f2f-4722-4384-8e2e-1ba697d518a4,view,CLTH_014,0.0,2026-08-23T19:44:53.928787
e352f24e-22e8-4012-a195-24367d88715a,view,FOOD_021,0.0,2026-08-24 20:34:45.398375
0499cbb0-f1ab-4ff4-bdac-9b47815a9b3a,cart,SPRT_006,206.05,2026-08-23T20:01:34.649548
00f663e7-4a3e-49a4-a200-c3c06ef5259a,view,ELEC_028,0.0,2026-08-28T18:12:20.697311
aaaa38a6-7d37-4a0f-a0ae-a18daa98f586,view,SPRT_001,0.0,2026-08-16 16:44:20.504639
15371891-3d67-4bbe-a227-0aa843960503,view,BOOK_021,0.0,2026-08-24 22:24:56.014843
e6b69773-e22a-4015-9c79-bca0c2f25059,view,ELEC_007,0.0,2026-08-28 18:08:06.954195
204cd583-e18f-4356-afbd-560a95e5e55d,cart,CLTH_009,182.05,2026-08-24 21:19:32.649739
c56998f4-a438-484c-8b0c-b80c399f6fcd,view,FOOD_002,0.0,2026-08-24 21:11:35.999752
9d82dbcc-f68b-4045-b84a-79b4d7103eeb,view,SPRT_019,0.0,2026-08-22 17:48:38.861667
85a19fd8-54ae-4ace-a4dc-55c4ce3993ce,cart,BOOK_021,10.34,2026-08-24 22:27:42.916913
800f664d-f662-49db-9420-27bde33160de,view,CLTH_007,0.0,2026-08-16 10:28:43.522596
fc18b9b9-0790-45c2-9bd4-39c8c166b7ff,cart,BOOK_026,21.66,2026-08-16 10:33:27.779707
fcd6fe57-c144-4e2e-a82f-44cb7df85d3f,cart,CLTH_010,46.24,2026-08-20 21:10:27.100865
dcd98015-a110-4e4e-bffd-2db821ce770a,cart,SPRT_013,307.55,2026-08-18 19:13:35.767978
14652829-4c93-49cc-ac11-1084b352dbf8,cart,BOOK_019,14.28,2026-08-24 21:35:15.722678
6c42b183-6d7f-4eed-9a19-89815e3d0919,view,ELEC_006,0.0,2026-08-24 21:43:15.734801
d6ea31f0-4a99-43ba-8364-82717218083c,view,SPRT_005,0.0,2026-08-16 16:45:34.122530
06ef8987-2209-4f91-b32e-b826d451f567,cart,CLTH_006,116.29,2026-08-18 18:48:10.595717
80fc42f8-36e7-494e-ab68-ae41fa2c75c1,cart,FOOD_030,72.59,2026-08-24T19:49:44.136523
85a19fd8-54ae-4ace-a4dc-55c4ce3993ce,view,ELEC_017,0.0,2026-08-24 23:20:34.442488
194d41b2-19c9-4faa-8a3b-c33649c1679f,view,FOOD_018,0.0,2026-08-20 21:33:13.856581
e0fd2345-d654-4429-9d48-e2b1544bc0ee,view,BOOK_007,0.0,2026-08-19 23:33:06.553454
65c76bd2-c4c5-4ead-bb07-d1518810d424,view,CLTH_016,0.0,2026-08-24 21:05:43.112880
b92588da-f188-45e0-9358-9c955d88bc5a,view,SPRT_019,0.0,2026-08-20 21:10:09.102059
3a163339-db2f-495c-b9bd-a2c97e622b2d,view,SPRT_018,0.0,2026-08-24 23:09:57.700880
7cecad85-4914-4af5-863e-309987695976,view,CLTH_025,0.0,2026-08-24 22:12:46.780328
14652829-4c93-49cc-ac11-1084b352dbf8,cart,BOOK_027,32.76,2026-08-24 22:09:56.909034
82a1487d-2323-45c1-9468-a6f88d47a779,cart,FOOD_014,76.84,2026-08-24 20:46:35.554276
38c90e9e-a827-4bae-9a22-50c3d3ae002c,purchase,BOOK_014,25.53,2026-08-20 21:13:16.354396
b568b56b-df03-4a6f-ae89-4908c2685971,view,ELEC_014,0.0,2026-08-20 21:42:22.935333
e3576704-b8db-4482-a571-018fedb94275,view,FOOD_002,0.0,2026-08-24T21:11:05.041820
bd22f4c4-5268-45d9-9243-8d72683946f2,view,CLTH_018,0.0,2026-08-23 19:48:44.576603
b3b7ea67-75e4-433b-a906-fd0202ed49b3,view,SPRT_030,0.0,2026-08-24T22:46:54.667032
aaaa38a6-7d37-4a0f-a0ae-a18daa98f586,view,CLTH_008,0.0,2026-08-18T18:56:38.872228
d30fc382-e140-48b8-8038-bd17100271c2,view,CLTH_021,0.0,2026-08-22 17:53:32.511998
80a44646-6c7e-488e-8f96-dda9667f62bf,view,BOOK_030,0.0,2026-08-24 19:58:21.563780
16a45d1c-fcb0-44ee-be9c-1c14c693e1c8,view,CLTH_022,0.0,2026-08-24 21:11:25.569761
5fd25fd1-437c-46b3-9a39-aa545fcef320,view,FOOD_010,0.0,2026-08-24 20:15:29.056893
7cecad85-4914-4af5-863e-309987695976,view,CLTH_006,0.0,2026-08-24 21:30:22.236208
b1143e5d-1e1f-426c-aaa8-ab647f0ea967,view,FOOD_028,0.0,2026-08-20 21:56:53.216924
b3b7ea67-75e4-433b-a906-fd0202ed49b3,view,SPRT_024,0.0,2026-08-22T17:17:28.898757
718814b5-9a30-4643-8cfb-a460a60999ba,view,CLTH_029,0.0,2026-08-24 21:06:09.902120
a9ef0f29-d39b-4e19-9e9d-76779cf2469d,view,SPRT_022,0.0,2026-08-20 22:02:54.891291
17bb18d0-1b6c-4045-9b62-754e463aabd2,view,SPRT_021,0.0,2026-08-28 18:09:15.789527
e7011402-63aa-4b75-87a9-67546325bcab,cart,CLTH_014,109.72,2026-08-24 22:01:10.933279
d0083a3b-3cf2-48a7-b1a4-f12398d8bd7f,cart,CLTH_001,167.04,2026-08-20 21:34:47.533888
9b7e7aee-079a-4bab-8c71-badadf83bdcd,view,ELEC_004,0.0,2026-08-22T17:45:50.473760
559449e8-4daf-4cae-863c-369e59d25d8b,view,SPRT_016,0.0,2026-08-20 21:22:33.119965
0518f406-1bcc-4201-9400-4d13c068296b,view,BOOK_008,0.0,2026-08-23T19:39:09.637020
a169dc99-f3d9-4a6d-be74-c528e84e184c,view,CLTH_028,0.0,2026-08-28T18:13:33.064846
1342dc6b-765d-46f2-b62a-ae0cc1bedb78,view,FOOD_006,0.0,2026-08-24 22:39:47.405828
272d6b5f-aeca-485e-a4ba-1a5689f647ac,purchase,ELEC_029,143.24,2026-08-24 20:57:23.639264
c6da6198-1302-4f3b-98d8-59f524206a5a,view,CLTH_003,0.0,2026-08-24 20:19:47.469520
c6b1433c-fd3a-4b37-a002-e3213ac67574,cart,FOOD_022,69.65,2026-08-24 22:21:26.269531
e9af50c7-3916-48bf-9def-f8eae8db79ee,view,BOOK_003,0.0,2026-08-24 19:37:24.992060
3317a2b8-8792-434d-9860-2f7644018ce4,view,CLTH_002,0.0,2026-08-20 21:42:19.477363
fb5c4430-55ab-46c5-9e83-bae524560811,view,ELEC_021,0.0,2026-08-24T21:35:07.759282
69f815db-b5d3-4690-abf5-ffb8d11bd744,cart,ELEC_001,207.64,2026-08-24T21:18:53.944623
e9af50c7-3916-48bf-9def-f8eae8db79ee,view,BOOK_009,0.0,2026-08-24 20:12:28.175289
eedeb7be-443c-4607-a98b-a6928f11d578,view,ELEC_005,0.0,2026-08-22 17:55:27.900707
17bb18d0-1b6c-4045-9b62-754e463aabd2,view,ELEC_016,0.0,2026-08-28 18:06:11.413584
60fa3dee-9722-469f-9ede-8581e64a5dc8,view,CLTH_028,0.0,2026-08-20T21:48:19.617742
292aa98d-2159-46e5-86b7-ebb3da08accd,purchase,CLTH_025,319.93,2026-08-22T17:45:48.427105
a4dbcca0-eaa3-4f6a-91d1-a92bc00a2c19,view,CLTH_018,0.0,2026-08-24 20:59:06.317721
653709fa-a965-4975-9c69-451df40148e0,view,ELEC_008,0.0,2026-08-20 21:15:03.504216
82a1487d-2323-45c1-9468-a6f88d47a779,view,FOOD_019,0.0,2026-08-24 20:43:32.947041
fad4b01a-17f0-4665-bba4-9d851ec619c6,view,CLTH_010,0.0,2026-08-28 18:06:49.461725
d06247ce-154f-44d2-a431-0e6def01535f,view,CLTH_014,0.0,2026-08-24T23:09:13.088817
6c42b183-6d7f-4eed-9a19-89815e3d0919,view,ELEC_007,0.0,2026-08-24 21:54:59.120869
b3b7ea67-75e4-433b-a906-fd0202ed49b3,view,SPRT_019,0.0,2026-08-24T21:45:16.403263
796609d9-7739-4166-ab01-9a72c52c20a7,view,CLTH_018,0.0,2026-08-24T21:07:57.171707
6c42b183-6d7f-4eed-9a19-89815e3d0919,view,ELEC_019,0.0,2026-08-24 22:09:52.409195
18af9202-01b4-42d9-a7a8-a3fd40d77ea7,view,SPRT_027,0.0,2026-08-24T20:53:06.541108
204cd583-e18f-4356-afbd-560a95e5e55d,view,CLTH_018,0.0,2026-08-24 21:15:51.466471
b2b6e8f7-a7a2-4a38-8be3-f154118f5196,view,BOOK_025,0.0,2026-08-24T23:17:31.895620
d30fc382-e140-48b8-8038-bd17100271c2,view,ELEC_026,0.0,2026-08-22 17:48:20.205142
272d6b5f-aeca-485e-a4ba-1a5689f647ac,view,ELEC_025,0.0,2026-08-24 20:09:31.616633
9b7e7aee-079a-4bab-8c71-badadf83bdcd,purchase,SPRT_026,197.44,2026-08-20 21:15:08.583848
ecef0a71-9256-43e0-bf92-91fc8ffffcf4,purchase,ELEC_011,626.28,2026-08-24 21:11:35.222681
718814b5-9a30-4643-8cfb-a460a60999ba,view,CLTH_013,0.0,2026-08-24 21:06:10.234791
3ad97fa8-650a-449e-819a-7461929db15a,view,FOOD_005,0.0,2026-08-20 21:51:09.711809
85a19fd8-54ae-4ace-a4dc-55c4ce3993ce,cart,BOOK_010,52.27,2026-08-24 22:38:39.086407
653709fa-a965-4975-9c69-451df40148e0,view,FOOD_010,0.0,2026-08-24T21:10:23.051742
dfcc5694-8acb-4c2d-b506-2b27c83b45a2,cart,ELEC_011,500.6,2026-08-23T19:48:36.734659
c6da6198-1302-4f3b-98d8-59f524206a5a,view,CLTH_011,0.0,2026-08-24 21:03:03.886083
b4508ad1-61c3-4913-9b0d-9e62d1e31a6c,view,CLTH_009,0.0,2026-08-16 16:49:27.905804
2989c566-bd71-49e2-8d10-a60c615ee48b,view,SPRT_029,0.0,2026-08-23 19:48:08.591678
11da9648-ae79-4fa4-b84c-689819c0f684,view,CLTH_028,0.0,2026-08-18 19:12:58.068130
85a19fd8-54ae-4ace-a4dc-55c4ce3993ce,view,BOOK_007,0.0,2026-08-24 23:02:06.421722
65c76bd2-c4c5-4ead-bb07-d1518810d424,view,SPRT_010,0.0,2026-08-24 20:41:48.220641
9b7e7aee-079a-4bab-8c71-badadf83bdcd,view,SPRT_026,0.0,2026-08-22T17:11:09.160901
7e12728f-8e77-4093-b21e-7650a323fb12,view,CLTH_015,0.0,2026-08-24 21:53:10.782248
14652829-4c93-49cc-ac11-1084b352dbf8,view,SPRT_006,0.0,2026-08-24T22:55:55.740240
fb5c4430-55ab-46c5-9e83-bae524560811,purchase,FOOD_013,48.91,2026-08-24 21:01:31.776155
d30fc382-e140-48b8-8038-bd17100271c2,view,SPRT_018,0.0,2026-08-24T21:14:40.928037
b43786c5-4ef6-4017-a344-22b26bcbd3c5,purchase,SPRT_022,438.01,2026-08-24 20:37:31.516445
b4a0963f-da4e-401b-b39a-2668f972529c,view,SPRT_008,0.0,2026-08-24 20:46:51.142458
b568b56b-df03-4a6f-ae89-4908c2685971,cart,SPRT_011,291.45,2026-08-20 21:36:07.217717
a4dbcca0-eaa3-4f6a-91d1-a92bc00a2c19,purchase,CLTH_028,152.79,2026-08-24 20:12:32.545485
9f729b04-6f80-4dae-9824-921396cc0ee2,view,BOOK_011,0.0,2026-08-24 21:19:38.575695
fb5c4430-55ab-46c5-9e83-bae524560811,view,FOOD_030,0.0,2026-08-24 19:34:32.409928
7c53ddd0-71fe-4919-a4fe-86d633a58eee,view,ELEC_010,0.0,2026-08-24T22:59:29.787500
6faa3f2f-4722-4384-8e2e-1ba697d518a4,view,ELEC_024,0.0,2026-08-28T18:08:05.308962
7c876903-8503-4e64-91da-9f12ea161fac,cart,ELEC_009,147.73,2026-08-24 22:25:31.699509
8c1f2c4f-fcb2-4456-8fb7-b41a9931e230,view,CLTH_005,0.0,2026-08-20 21:20:38.566995
1a57d526-e419-4985-b2c6-65d021f92488,cart,ELEC_011,721.55,2026-08-20 21:55:42.780604
b69f6df3-4ae7-4861-8236-88b969e91529,view,CLTH_020,0.0,2026-08-20 21:20:04.185811
b1143e5d-1e1f-426c-aaa8-ab647f0ea967,view,CLTH_012,0.0,2026-08-24T19:43:59.576627
c6b1433c-fd3a-4b37-a002-e3213ac67574,view,FOOD_019,0.0,2026-08-24 21:28:46.729563
9b7e7aee-079a-4bab-8c71-badadf83bdcd,view,SPRT_021,0.0,2026-08-20 21:15:08.543242
a96f1d3a-763c-4bc2-9e7d-20d3463261d5,view,ELEC_029,0.0,2026-08-15 19:39:09.600593
7c876903-8503-4e64-91da-9f12ea161fac,cart,ELEC_027,220.56,2026-08-24 22:46:39.435878
8889c320-1f19-4bac-9c31-b9218acbf5b5,view,ELEC_016,0.0,2026-08-24 22:03:28.381504
65c76bd2-c4c5-4ead-bb07-d1518810d424,view,CLTH_026,0.0,2026-08-24 20:33:29.577979
1342dc6b-765d-46f2-b62a-ae0cc1bedb78,view,SPRT_012,0.0,2026-08-24 22:25:57.831570
65c76bd2-c4c5-4ead-bb07-d1518810d424,view,CLTH_008,0.0,2026-08-24 20:31:21.661947
8e8f1a72-9d02-4f7f-812e-28ab52b05f20,view,CLTH_007,0.0,2026-08-20 21:06:50.466434
e7011402-63aa-4b75-87a9-67546325bcab,view,CLTH_024,0.0,2026-08-24 22:19:55.892129
5fd25fd1-437c-46b3-9a39-aa545fcef320,view,SPRT_003,0.0,2026-08-24T21:07:49.845005
a3414eda-0341-4e0d-b3fa-5e873248b36a,cart,ELEC_003,907.54,2026-08-24T22:56:36.783494
1683fa13-caae-47d0-876d-5cd63161b109,view,CLTH_006,0.0,2026-08-15 19:47:05.958579
07974040-0d6e-4dd2-a06d-09236cb2f439,view,ELEC_029,0.0,2026-08-24T21:33:28.568601
3c8208eb-982f-4c25-aeb6-1d676d8c95fd,purchase,BOOK_019,25.85,2026-08-23T19:39:11.211545
1683fa13-caae-47d0-876d-5cd63161b109,view,ELEC_023,0.0,2026-08-24T21:33:27.234731
16a45d1c-fcb0-44ee-be9c-1c14c693e1c8,cart,SPRT_001,176.95,2026-08-24 19:37:13.126401
544c32f4-a10e-44ff-a0d5-6f8b523e593a,purchase,SPRT_012,356.9,2026-08-19T23:27:32.685086
9ea41e68-c710-4b07-b2ae-6bbf22342547,view,CLTH_027,0.0,2026-08-16 10:37:45.861927
aaf98546-9399-431c-890b-576fa08abac0,view,SPRT_018,0.0,2026-08-24T19:45:33.831286
9f729b04-6f80-4dae-9824-921396cc0ee2,purchase,FOOD_017,77.21,2026-08-24T21:11:08.811181
82a1487d-2323-45c1-9468-a6f88d47a779,view,FOOD_030,0.0,2026-08-24 20:13:14.711370
e7011402-63aa-4b75-87a9-67546325bcab,cart,CLTH_015,85.09,2026-08-24 22:11:44.855999
9ea41e68-c710-4b07-b2ae-6bbf22342547,view,BOOK_025,0.0,2026-08-22T17:51:43.552278
39916c2e-f0f0-4c72-b753-c93c5f6c48e5,cart,CLTH_025,168.89,2026-08-16 10:32:02.432405
1683fa13-caae-47d0-876d-5cd63161b109,view,CLTH_023,0.0,2026-08-15 19:39:38.696199
1a57d526-e419-4985-b2c6-65d021f92488,view,CLTH_014,0.0,2026-08-20 22:01:05.603580
d572cc22-f568-4269-a4ca-75bae22243da,view,CLTH_028,0.0,2026-08-20 21:48:10.879891
9b7e7aee-079a-4bab-8c71-badadf83bdcd,view,SPRT_007,0.0,2026-08-20 21:22:25.597738
79486124-ceb2-4f91-bf0f-378b69ecb64c,view,ELEC_023,0.0,2026-08-22 17:35:33.313750
544c32f4-a10e-44ff-a0d5-6f8b523e593a,view,ELEC_024,0.0,2026-08-16T16:40:53.225349
3317a2b8-8792-434d-9860-2f7644018ce4,view,CLTH_010,0.0,2026-08-20 21:42:19.562207
d9c0cd62-7da2-407f-b24f-c9887c0b8ae6,view,FOOD_008,0.0,2026-08-24T21:10:59.119617
c6da6198-1302-4f3b-98d8-59f524206a5a,view,CLTH_023,0.0,2026-08-24 21:04:37.738925
f40f2fc0-4990-4c42-b190-23976cdaf79f,view,CLTH_007,0.0,2026-08-20T21:18:14.941602
71f3d5de-38b0-4ad5-ad46-2524000b3c16,view,SPRT_014,0.0,2026-08-24T22:35:09.033514
fb5c4430-55ab-46c5-9e83-bae524560811,view,FOOD_020,0.0,2026-08-24 20:24:19.378485
3ae7f361-dd3c-4d91-9325-4b4e1a15b0bf,view,BOOK_013,0.0,2026-08-24T23:22:20.228305
0499cbb0-f1ab-4ff4-bdac-9b47815a9b3a,view,CLTH_019,0.0,2026-08-23 19:43:18.286857
6c3c15bf-f979-4e58-b0fd-6ec9f2b75027,view,FOOD_026,0.0,2026-08-22 17:07:19.168599
b8a5374c-c93d-4c0c-83c8-6ecb467838ed,view,ELEC_018,0.0,2026-08-16 16:48:17.183365
980e4d69-7354-43f4-bc44-99fc0146226f,view,CLTH_015,0.0,2026-08-16 10:36:53.744598
204cd583-e18f-4356-afbd-560a95e5e55d,cart,CLTH_020,171.06,2026-08-24 19:50:19.668869
559449e8-4daf-4cae-863c-369e59d25d8b,view,FOOD_026,0.0,2026-08-22T18:03:45.536937
bd22f4c4-5268-45d9-9243-8d72683946f2,purchase,ELEC_015,716.89,2026-08-23 19:34:03.944154
28dee375-acb0-4efe-91a1-27bd967ca56b,view,CLTH_006,0.0,2026-08-22 17:54:06.969551
82a1487d-2323-45c1-9468-a6f88d47a779,view,FOOD_028,0.0,2026-08-24 21:15:37.839913
c56998f4-a438-484c-8b0c-b80c399f6fcd,view,BOOK_015,0.0,2026-08-24 20:23:26.986815
fb452d33-32d2-4fc8-a50d-278f74455526,view,ELEC_018,0.0,2026-08-20 21:34:58.626440
fc663667-5a7c-4583-8210-a39d89c8784d,view,CLTH_009,0.0,2026-08-18 18:45:18.517162
fc18b9b9-0790-45c2-9bd4-39c8c166b7ff,view,FOOD_007,0.0,2026-08-28T18:10:21.732305
16a45d1c-fcb0-44ee-be9c-1c14c693e1c8,purchase,CLTH_027,143.73,2026-08-24 19:44:08.137395
8afb9663-be21-47d5-b7bf-d549285fa584,view,FOOD_013,0.0,2026-08-18T19:19:56.600715
d2393a76-e7aa-4917-8d1a-eaea77151dd0,view,CLTH_027,0.0,2026-08-24T19:50:15.388373
3eae1b1f-da2f-40b7-883b-ad6d9a3673eb,view,CLTH_026,0.0,2026-08-24 22:13:25.598954
3ae7f361-dd3c-4d91-9325-4b4e1a15b0bf,view,BOOK_020,0.0,2026-08-24T19:58:05.090751
48fdb41c-6451-4813-9e73-3326f54170f7,view,ELEC_015,0.0,2026-08-16 16:37:36.387106
7c876903-8503-4e64-91da-9f12ea161fac,view,ELEC_023,0.0,2026-08-24 22:46:39.650787
97fbfdf2-f064-4feb-aa62-d6344df19395,view,ELEC_003,0.0,2026-08-16 10:30:41.096208
ddc313fb-bc63-47e5-ac3f-b9d1d5a703a1,view,ELEC_004,0.0,2026-08-24T22:56:36.846569
c6da6198-1302-4f3b-98d8-59f524206a5a,cart,CLTH_010,69.87,2026-08-24 20:41:36.607618
a169dc99-f3d9-4a6d-be74-c528e84e184c,view,FOOD_006,0.0,2026-08-24T22:10:22.014621
d114b438-0792-4d73-8753-b9578ba409a3,view,FOOD_013,0.0,2026-08-16 16:40:03.224000
85a19fd8-54ae-4ace-a4dc-55c4ce3993ce,view,BOOK_015,0.0,2026-08-24 22:12:22.177098
a3414eda-0341-4e0d-b3fa-5e873248b36a,cart,BOOK_029,50.43,2026-08-22T17:35:49.075218
e04bc446-eef1-4a6c-bdd3-722ed841b5b0,view,FOOD_030,0.0,2026-08-24 22:11:50.184566
046701a6-5a53-43dc-aa26-d68a19f6cb9e,purchase,CLTH_026,30.6,2026-08-18 18:45:53.364102
c9613b65-fafa-42cc-9af8-32f87936384f,cart,FOOD_025,8.05,2026-08-24T19:49:44.094467
5ecfc98a-922a-4821-a19c-74739ea9d49c,view,BOOK_025,0.0,2026-08-24 22:37:39.771784
d0ee500b-2986-4393-8222-e3a34f6829c5,view,CLTH_014,0.0,2026-08-22 17:27:32.517436
8cdacff9-37d6-4442-84bc-6ae90cf25759,purchase,FOOD_009,62.1,2026-08-23 19:37:39.859992
c6b1433c-fd3a-4b37-a002-e3213ac67574,purchase,FOOD_003,29.99,2026-08-24 21:37:32.320049
3298c361-8531-49e3-8652-5f10ff038a49,view,SPRT_008,0.0,2026-08-16 10:33:54.079754
ab5beedd-73b7-43f0-8900-2fda346c8941,view,CLTH_014,0.0,2026-08-20 21:07:05.361304
8889c320-1f19-4bac-9c31-b9218acbf5b5,cart,ELEC_008,704.44,2026-08-24 22:41:47.034760
7c2e1788-86da-4c9e-8f5a-63e49fc287ed,view,ELEC_024,0.0,2026-08-19 23:29:20.582157
4bcc35c7-0c0f-40c6-81ef-9290c390c8ae,view,CLTH_027,0.0,2026-08-24T23:23:29.662465
79486124-ceb2-4f91-bf0f-378b69ecb64c,view,BOOK_019,0.0,2026-08-24T21:55:55.082302
9d82dbcc-f68b-4045-b84a-79b4d7103eeb,view,BOOK_016,0.0,2026-08-22 18:00:55.406597
7533f6a3-2d5e-454c-a7d4-5a213a566a6a,cart,BOOK_004,55.37,2026-08-20 21:30:55.640427
a8b5f893-6a56-4f9f-b429-038b5a69def7,view,SPRT_003,0.0,2026-08-24T21:43:37.116997
9f5699e8-c821-4444-b570-668a4eedcb12,view,FOOD_002,0.0,2026-08-19 23:31:50.545338
8e8f1a72-9d02-4f7f-812e-28ab52b05f20,cart,BOOK_028,13.45,2026-08-24T20:04:21.648183
7c53ddd0-71fe-4919-a4fe-86d633a58eee,cart,SPRT_030,75.29,2026-08-20 21:27:23.290608
9527030a-454f-418b-9265-43c29b277831,view,CLTH_014,0.0,2026-08-18 19:12:09.019113
1916909e-6c68-4b12-a792-b099fef763bb,view,CLTH_006,0.0,2026-08-16 10:35:31.479706
8fcaffd8-3597-4d9c-a4b0-7a878ba44f67,view,FOOD_019,0.0,2026-08-20 22:02:58.528410
d30fc382-e140-48b8-8038-bd17100271c2,view,ELEC_022,0.0,2026-08-22 17:25:58.487826
980e4d69-7354-43f4-bc44-99fc0146226f,view,CLTH_026,0.0,2026-08-16 10:45:02.986335
7cecad85-4914-4af5-863e-309987695976,view,CLTH_022,0.0,2026-08-24 22:12:47.036637
9d82dbcc-f68b-4045-b84a-79b4d7103eeb,view,SPRT_021,0.0,2026-08-22 17:30:36.730553
17bb18d0-1b6c-4045-9b62-754e463aabd2,view,ELEC_026,0.0,2026-08-28 18:21:41.511004
b43786c5-4ef6-4017-a344-22b26bcbd3c5,purchase,CLTH_007,318.07,2026-08-24 19:38:47.010233
a4dbcca0-eaa3-4f6a-91d1-a92bc00a2c19,cart,CLTH_018,185.76,2026-08-24 20:43:12.273948
046701a6-5a53-43dc-aa26-d68a19f6cb9e,cart,CLTH_017,127.54,2026-08-18 18:50:29.875999
e9af50c7-3916-48bf-9def-f8eae8db79ee,view,BOOK_019,0.0,2026-08-28T18:14:45.023341
4bcc35c7-0c0f-40c6-81ef-9290c390c8ae,view,SPRT_016,0.0,2026-08-20T21:14:05.620092
ecef0a71-9256-43e0-bf92-91fc8ffffcf4,cart,FOOD_012,58.05,2026-08-24 19:53:00.263400
85a19fd8-54ae-4ace-a4dc-55c4ce3993ce,cart,BOOK_022,49.0,2026-08-24 22:55:41.260646
4bcc35c7-0c0f-40c6-81ef-9290c390c8ae,view,SPRT_005,0.0,2026-08-24T19:50:47.182002
07974040-0d6e-4dd2-a06d-09236cb2f439,view,FOOD_001,0.0,2026-08-24 22:58:15.730604
8c9bf60c-9d81-434e-9a6f-73c2800925e8,cart,BOOK_030,34.96,2026-08-24T21:07:12.209105
fb5c4430-55ab-46c5-9e83-bae524560811,view,FOOD_017,0.0,2026-08-24 19:41:48.992059
7c2e1788-86da-4c9e-8f5a-63e49fc287ed,purchase,FOOD_002,108.83,2026-08-19 23:29:35.918615
7a84b978-cc6b-49c8-8bba-b1f87d39615a,view,CLTH_030,0.0,2026-08-24 21:42:38.145925
204cd583-e18f-4356-afbd-560a95e5e55d,view,CLTH_027,0.0,2026-08-24 19:47:35.596771
a4dbcca0-eaa3-4f6a-91d1-a92bc00a2c19,view,CLTH_025,0.0,2026-08-24 19:40:05.022065
097603f7-ef8e-4380-83ce-337ce6b52a59,view,SPRT_011,0.0,2026-08-24 21:53:54.859835
23e6833c-1e9f-4546-9ca2-5392b29eeb0c,view,BOOK_025,0.0,2026-08-22 17:33:37.946652
b43786c5-4ef6-4017-a344-22b26bcbd3c5,purchase,ELEC_029,284.48,2026-08-24 20:25:17.162457
e04bc446-eef1-4a6c-bdd3-722ed841b5b0,view,CLTH_025,0.0,2026-08-24 22:16:19.969433
653709fa-a965-4975-9c69-451df40148e0,view,BOOK_026,0.0,2026-08-24T22:09:47.536012
ecef0a71-9256-43e0-bf92-91fc8ffffcf4,view,CLTH_023,0.0,2026-08-24 21:21:25.166004
204cd583-e18f-4356-afbd-560a95e5e55d,view,CLTH_007,0.0,2026-08-24 19:38:45.432045
ecef0a71-9256-43e0-bf92-91fc8ffffcf4,view,CLTH_001,0.0,2026-08-24 21:21:25.123991
103b446e-bac3-42b5-96ca-727662d099e1,view,ELEC_012,0.0,2026-08-24T23:11:02.525311
b4508ad1-61c3-4913-9b0d-9e62d1e31a6c,view,FOOD_024,0.0,2026-08-24T21:38:30.846840
d13300b8-b21a-4b42-b229-1237697e4e3f,view,ELEC_021,0.0,2026-08-22T17:07:30.747300
7a84b978-cc6b-49c8-8bba-b1f87d39615a,view,CLTH_010,0.0,2026-08-24 22:55:40.348200
7e12728f-8e77-4093-b21e-7650a323fb12,view,CLTH_007,0.0,2026-08-24 21:33:53.351445
3a163339-db2f-495c-b9bd-a2c97e622b2d,view,FOOD_029,0.0,2026-08-24 22:44:13.449707
d13300b8-b21a-4b42-b229-1237697e4e3f,view,CLTH_017,0.0,2026-08-23T19:59:25.540386
8648af4d-7a61-4fed-84ea-10895f513822,view,CLTH_002,0.0,2026-08-20T21:12:03.446253
6faa3f2f-4722-4384-8e2e-1ba697d518a4,view,ELEC_003,0.0,2026-08-18 18:53:19.932890
c6b1433c-fd3a-4b37-a002-e3213ac67574,purchase,BOOK_028,58.84,2026-08-24 23:05:15.779746
569b2543-6e9b-4b3a-b8c1-7862801d2712,view,SPRT_007,0.0,2026-08-22T17:13:45.400162
46b4a363-670a-4824-bdea-bffd85562f0b,view,CLTH_021,0.0,2026-08-24T19:42:56.304384
a6a3df8c-d39a-4527-8306-9fc8f5e2ac32,view,FOOD_011,0.0,2026-08-16 10:40:23.081019
fc663667-5a7c-4583-8210-a39d89c8784d,view,CLTH_019,0.0,2026-08-18 18:59:27.413279
54dbe932-4af2-4f72-a46d-126eccaec63d,view,CLTH_028,0.0,2026-08-16 10:47:37.727266
e04bc446-eef1-4a6c-bdd3-722ed841b5b0,view,CLTH_002,0.0,2026-08-24 22:49:00.971183
ab5beedd-73b7-43f0-8900-2fda346c8941,view,SPRT_006,0.0,2026-08-22T17:50:41.619209
7973f2a9-cd05-4d96-a6a3-b5bcbfe5a807,view,CLTH_018,0.0,2026-08-24T20:07:09.018272
85a19fd8-54ae-4ace-a4dc-55c4ce3993ce,purchase,BOOK_006,41.44,2026-08-24 22:12:36.955906
653709fa-a965-4975-9c69-451df40148e0,purchase,CLTH_007,34.12,2026-08-20 21:10:22.315270
d6ea31f0-4a99-43ba-8364-82717218083c,purchase,SPRT_006,349.52,2026-08-16 16:40:59.802902
65c76bd2-c4c5-4ead-bb07-d1518810d424,view,CLTH_011,0.0,2026-08-24 21:08:42.611842
a8b5f893-6a56-4f9f-b429-038b5a69def7,view,CLTH_007,0.0,2026-08-24 21:17:15.445113
e9af50c7-3916-48bf-9def-f8eae8db79ee,view,SPRT_020,0.0,2026-08-24 20:31:11.135652
204cd583-e18f-4356-afbd-560a95e5e55d,view,SPRT_022,0.0,2026-08-24T22:07:01.075217
60fa3dee-9722-469f-9ede-8581e64a5dc8,view,ELEC_026,0.0,2026-08-20T21:21:27.827497
ddc313fb-bc63-47e5-ac3f-b9d1d5a703a1,view,CLTH_007,0.0,2026-08-24 22:10:13.500347
d9fedd6d-d50d-4109-9721-1cd2ce886f31,cart,BOOK_021,42.68,2026-08-24 07:50:39.096944
d30fc382-e140-48b8-8038-bd17100271c2,view,ELEC_029,0.0,2026-08-24T22:56:36.915153
97fbfdf2-f064-4feb-aa62-d6344df19395,cart,ELEC_006,557.79,2026-08-16 10:45:47.067364
4bcc35c7-0c0f-40c6-81ef-9290c390c8ae,view,CLTH_030,0.0,2026-08-18 18:47:46.659684
14652829-4c93-49cc-ac11-1084b352dbf8,view,SPRT_007,0.0,2026-08-24 21:56:44.381027
9ea41e68-c710-4b07-b2ae-6bbf22342547,view,BOOK_005,0.0,2026-08-16 10:42:10.059849
6c42b183-6d7f-4eed-9a19-89815e3d0919,view,ELEC_001,0.0,2026-08-24 22:47:32.811625
272d6b5f-aeca-485e-a4ba-1a5689f647ac,view,ELEC_029,0.0,2026-08-24 19:33:52.065985
796609d9-7739-4166-ab01-9a72c52c20a7,view,SPRT_008,0.0,2026-08-23 19:48:50.295055
c6ad3b1a-879f-46e9-b4df-c61479de62ea,view,FOOD_004,0.0,2026-08-18 18:57:29.259543
8648af4d-7a61-4fed-84ea-10895f513822,view,ELEC_014,0.0,2026-08-20 21:10:08.044143
d6ea31f0-4a99-43ba-8364-82717218083c,purchase,FOOD_020,71.0,2026-08-20T21:40:05.881400
06ef8987-2209-4f91-b32e-b826d451f567,purchase,CLTH_028,230.96,2026-08-18 18:48:10.790496
653709fa-a965-4975-9c69-451df40148e0,view,ELEC_007,0.0,2026-08-24T20:00:10.533226
103b446e-bac3-42b5-96ca-727662d099e1,view,SPRT_010,0.0,2026-08-20 21:25:52.696580
59b41456-0c0c-46d0-9f3c-5fd6fe62f88a,view,BOOK_010,0.0,2026-08-23 19:48:47.458460
8889c320-1f19-4bac-9c31-b9218acbf5b5,cart,ELEC_024,148.89,2026-08-24 21:51:52.937092
b2494169-7cd1-450a-9a6a-5bd5ce40d2fb,view,BOOK_020,0.0,2026-08-24 21:40:03.177869
ff8790c1-759e-4f9e-bb08-6f9a3d420448,view,FOOD_022,0.0,2026-08-15 19:45:18.194379
85a19fd8-54ae-4ace-a4dc-55c4ce3993ce,view,BOOK_004,0.0,2026-08-24 23:22:46.509456
2ffbf70c-49e4-4889-96a4-7e733e8cf796,view,FOOD_021,0.0,2026-08-24 07:52:10.458148
c56998f4-a438-484c-8b0c-b80c399f6fcd,view,BOOK_025,0.0,2026-08-24 20:30:06.259085
dfcc5694-8acb-4c2d-b506-2b27c83b45a2,cart,FOOD_016,55.49,2026-08-22T17:10:06.436058
45be79ad-8040-4559-be25-1a4737d5bdec,view,CLTH_006,0.0,2026-08-24 20:45:48.636492
65c76bd2-c4c5-4ead-bb07-d1518810d424,view,CLTH_024,0.0,2026-08-24 20:37:00.587404
2de07fdd-8b53-4691-a8aa-c355b7716a3e,view,BOOK_020,0.0,2026-08-24T19:53:54.619110
1342dc6b-765d-46f2-b62a-ae0cc1bedb78,view,SPRT_003,0.0,2026-08-24 21:56:20.261805
23e6833c-1e9f-4546-9ca2-5392b29eeb0c,purchase,BOOK_027,41.14,2026-08-22 17:39:06.860990
b92588da-f188-45e0-9358-9c955d88bc5a,view,SPRT_006,0.0,2026-08-20 21:10:08.724880
c6b1433c-fd3a-4b37-a002-e3213ac67574,purchase,FOOD_014,103.19,2026-08-24T21:29:39.614574
eba03b4f-7d0a-498d-a823-db63123d559a,view,CLTH_003,0.0,2026-08-19 23:32:59.702841
2531c3a7-f6d1-496c-8395-187ec22b1cf3,cart,BOOK_028,9.39,2026-08-18 19:10:12.863566
0518f406-1bcc-4201-9400-4d13c068296b,view,ELEC_001,0.0,2026-08-15 19:46:25.897299
ddc313fb-bc63-47e5-ac3f-b9d1d5a703a1,view,CLTH_009,0.0,2026-08-24 22:04:00.490168
1342dc6b-765d-46f2-b62a-ae0cc1bedb78,view,SPRT_016,0.0,2026-08-24 21:57:41.655007
e7011402-63aa-4b75-87a9-67546325bcab,view,SPRT_005,0.0,2026-08-24T23:19:51.271381
ecef0a71-9256-43e0-bf92-91fc8ffffcf4,view,SPRT_004,0.0,2026-08-28T18:10:22.614551
b4508ad1-61c3-4913-9b0d-9e62d1e31a6c,view,CLTH_026,0.0,2026-08-16 16:47:20.218845
5ecfc98a-922a-4821-a19c-74739ea9d49c,view,CLTH_004,0.0,2026-08-24 22:18:59.090728
659ae273-f90a-4d3d-8e25-4ce44740dbc3,view,SPRT_002,0.0,2026-08-19 23:26:13.740160
16a45d1c-fcb0-44ee-be9c-1c14c693e1c8,view,CLTH_028,0.0,2026-08-24T20:57:33.759666
9ea41e68-c710-4b07-b2ae-6bbf22342547,view,CLTH_008,0.0,2026-08-16 10:35:34.776903
69ac5a58-9bcc-4f4b-bdd5-baea8549f46e,cart,SPRT_028,159.65,2026-08-18 18:50:45.679265
204cd583-e18f-4356-afbd-560a95e5e55d,view,CLTH_020,0.0,2026-08-24 20:46:50.486617
e9af50c7-3916-48bf-9def-f8eae8db79ee,view,BOOK_011,0.0,2026-08-24 19:51:24.522171
1916909e-6c68-4b12-a792-b099fef763bb,cart,CLTH_025,109.49,2026-08-16 10:42:38.507123
151d1b6b-31e9-4c3a-98ee-7ebc527bc572,cart,ELEC_002,495.76,2026-08-22 17:43:49.499046
c6da6198-1302-4f3b-98d8-59f524206a5a,view,CLTH_019,0.0,2026-08-24 20:16:20.113936
e9af50c7-3916-48bf-9def-f8eae8db79ee,view,BOOK_016,0.0,2026-08-24 20:39:32.984053
d2393a76-e7aa-4917-8d1a-eaea77151dd0,view,BOOK_027,0.0,2026-08-22T17:56:57.507666
5ecfc98a-922a-4821-a19c-74739ea9d49c,view,FOOD_028,0.0,2026-08-24 21:53:18.993306
194d41b2-19c9-4faa-8a3b-c33649c1679f,view,CLTH_016,0.0,2026-08-20 21:30:18.039843
c6da6198-1302-4f3b-98d8-59f524206a5a,cart,CLTH_010,146.52,2026-08-24 21:04:37.775455
796609d9-7739-4166-ab01-9a72c52c20a7,view,SPRT_014,0.0,2026-08-23 19:31:37.382727
3eae1b1f-da2f-40b7-883b-ad6d9a3673eb,view,CLTH_023,0.0,2026-08-24 21:44:01.202219
69ac5a58-9bcc-4f4b-bdd5-baea8549f46e,purchase,CLTH_015,117.69,2026-08-18 18:45:30.771638
3317a2b8-8792-434d-9860-2f7644018ce4,view,SPRT_017,0.0,2026-08-22T17:07:31.566512
b4a0963f-da4e-401b-b39a-2668f972529c,cart,SPRT_010,169.02,2026-08-24 20:24:50.085818
ddc313fb-bc63-47e5-ac3f-b9d1d5a703a1,view,CLTH_015,0.0,2026-08-24 21:34:39.567855
a3634e75-35f0-488a-8732-1b93cdcb1099,view,BOOK_004,0.0,2026-08-18 18:48:50.131099
fb5c4430-55ab-46c5-9e83-bae524560811,view,FOOD_011,0.0,2026-08-24 21:23:05.152523
7a84b978-cc6b-49c8-8bba-b1f87d39615a,view,CLTH_015,0.0,2026-08-24 22:14:10.493504
79486124-ceb2-4f91-bf0f-378b69ecb64c,view,ELEC_024,0.0,2026-08-22 17:59:24.978654
659ae273-f90a-4d3d-8e25-4ce44740dbc3,view,BOOK_007,0.0,2026-08-24T19:46:04.884025
fc029a04-be52-486b-8b8f-0f1b173d81fb,view,CLTH_002,0.0,2026-08-18 19:19:44.017687
718814b5-9a30-4643-8cfb-a460a60999ba,view,CLTH_012,0.0,2026-08-24 21:06:10.181075
3fb2fa2a-b4d2-485d-acd8-9cc11c7a142c,view,SPRT_014,0.0,2026-08-19 23:30:47.768924
9f729b04-6f80-4dae-9824-921396cc0ee2,view,BOOK_024,0.0,2026-08-24 21:19:13.999996
6c42b183-6d7f-4eed-9a19-89815e3d0919,view,ELEC_003,0.0,2026-08-24 22:32:24.055506
911f18bb-7379-4bbe-b85b-b8bf25af64bf,view,CLTH_012,0.0,2026-08-23T19:45:58.136856
1342dc6b-765d-46f2-b62a-ae0cc1bedb78,view,CLTH_023,0.0,2026-08-24 21:34:15.940742
f2ff3438-5f87-4245-8466-82e57f5edb6d,view,SPRT_020,0.0,2026-08-24 07:50:29.705813
32d60b7b-0ecd-4d77-ad93-8db6a14c6708,purchase,BOOK_003,65.22,2026-08-16 10:44:18.912648
aaaa38a6-7d37-4a0f-a0ae-a18daa98f586,view,FOOD_003,0.0,2026-08-16 16:47:32.172017
3c8208eb-982f-4c25-aeb6-1d676d8c95fd,view,CLTH_027,0.0,2026-08-20 21:46:42.403328
7c876903-8503-4e64-91da-9f12ea161fac,cart,BOOK_019,16.29,2026-08-24 23:21:56.052727
c4713941-ca5c-48bf-b915-cdf679cdff13,view,ELEC_023,0.0,2026-08-20 22:01:04.450817
c9613b65-fafa-42cc-9af8-32f87936384f,view,CLTH_019,0.0,2026-08-24T20:07:42.551626
b8a5374c-c93d-4c0c-83c8-6ecb467838ed,view,ELEC_006,0.0,2026-08-16 16:47:59.800274
14652829-4c93-49cc-ac11-1084b352dbf8,view,BOOK_013,0.0,2026-08-24 22:52:24.843210
b2b6e8f7-a7a2-4a38-8be3-f154118f5196,cart,BOOK_005,41.65,2026-08-23T19:37:03.530032
911f18bb-7379-4bbe-b85b-b8bf25af64bf,purchase,CLTH_029,71.65,2026-08-18 19:21:24.323232
c32d47d5-9419-46e9-8af8-3ed6aa710c89,view,SPRT_003,0.0,2026-08-22 17:41:41.325807
b43786c5-4ef6-4017-a344-22b26bcbd3c5,purchase,FOOD_022,112.5,2026-08-24 19:34:36.550639
5fd25fd1-437c-46b3-9a39-aa545fcef320,cart,FOOD_015,40.05,2026-08-24 20:02:50.430397
2989c566-bd71-49e2-8d10-a60c615ee48b,view,SPRT_016,0.0,2026-08-23 19:44:23.860601
c9613b65-fafa-42cc-9af8-32f87936384f,cart,CLTH_013,121.35,2026-08-24T23:12:16.566349
caf220a7-85eb-4fa4-a33b-8c246570b167,view,BOOK_004,0.0,2026-08-23T19:41:48.007971
204cd583-e18f-4356-afbd-560a95e5e55d,view,ELEC_019,0.0,2026-08-24 20:30:36.313291
dd0c2035-e21b-4a2f-aa23-2bb8b37e125d,view,BOOK_025,0.0,2026-08-28T18:08:38.968643
2ca3ba80-c4ea-48a9-9d49-ec547b2177a2,view,CLTH_029,0.0,2026-08-18 19:21:31.557545
718814b5-9a30-4643-8cfb-a460a60999ba,view,CLTH_018,0.0,2026-08-24 20:55:27.197521
d0ee500b-2986-4393-8222-e3a34f6829c5,view,CLTH_009,0.0,2026-08-22 17:48:17.243761
e04bc446-eef1-4a6c-bdd3-722ed841b5b0,view,CLTH_028,0.0,2026-08-24 23:16:40.117252
aaaa38a6-7d37-4a0f-a0ae-a18daa98f586,view,FOOD_006,0.0,2026-08-22T17:08:33.013375
9f729b04-6f80-4dae-9824-921396cc0ee2,view,SPRT_014,0.0,2026-08-24 20:30:58.649911
32d60b7b-0ecd-4d77-ad93-8db6a14c6708,cart,BOOK_009,10.52,2026-08-16 10:35:20.289796
e04bc446-eef1-4a6c-bdd3-722ed841b5b0,view,CLTH_010,0.0,2026-08-24 21:38:26.440801
ecef0a71-9256-43e0-bf92-91fc8ffffcf4,view,ELEC_007,0.0,2026-08-24T21:07:50.460035
5fd25fd1-437c-46b3-9a39-aa545fcef320,view,FOOD_030,0.0,2026-08-24 20:23:08.577076
32d60b7b-0ecd-4d77-ad93-8db6a14c6708,view,BOOK_007,0.0,2026-08-16 10:39:33.014820
e9af50c7-3916-48bf-9def-f8eae8db79ee,cart,BOOK_017,48.24,2026-08-24 19:45:39.290823
0bbfa7f7-fdca-4164-bc87-12ea9a76d7ed,cart,ELEC_010,388.7,2026-08-18 19:19:31.030200
5170d1a9-568e-4884-8b9a-e998a6411fc9,view,BOOK_020,0.0,2026-08-22 17:58:55.474003
8d2e8c22-0f58-489e-84d3-59c68d8c63a5,view,FOOD_009,0.0,2026-08-16 10:33:14.987062
27a943f0-74c1-47d4-a697-2bf5d20625d8,view,CLTH_009,0.0,2026-08-24 19:48:29.445365
acececef-4ab4-44e7-8ba4-dc1b3db1b57b,view,BOOK_022,0.0,2026-08-20T21:11:02.424465
7c2e1788-86da-4c9e-8f5a-63e49fc287ed,view,FOOD_006,0.0,2026-08-19 23:35:28.132214
07974040-0d6e-4dd2-a06d-09236cb2f439,view,FOOD_027,0.0,2026-08-24 21:37:04.577462
1d21b537-35e3-49e4-ad04-fb64e3a6b0d7,view,BOOK_011,0.0,2026-08-22 17:17:29.072744
65c76bd2-c4c5-4ead-bb07-d1518810d424,cart,CLTH_025,24.45,2026-08-24 20:59:45.996521
9ea41e68-c710-4b07-b2ae-6bbf22342547,view,SPRT_021,0.0,2026-08-22T17:48:00.481331
90d1b635-2c2c-4335-a6a6-3088257c3e28,cart,CLTH_029,147.12,2026-08-23 19:52:33.237635
d30fc382-e140-48b8-8038-bd17100271c2,view,ELEC_024,0.0,2026-08-22 17:28:15.170594
ff8790c1-759e-4f9e-bb08-6f9a3d420448,cart,BOOK_019,41.26,2026-08-18T18:53:58.384745
d37ca1f9-a758-4fcd-abd0-8a4b28290823,view,CLTH_017,0.0,2026-08-22 17:27:23.961466
980e4d69-7354-43f4-bc44-99fc0146226f,view,CLTH_007,0.0,2026-08-16 10:44:54.080154
1d21b537-35e3-49e4-ad04-fb64e3a6b0d7,view,SPRT_020,0.0,2026-08-22 17:02:34.128499
a36f04ce-4f5a-4641-8208-bc26f0f0be59,view,BOOK_013,0.0,2026-08-22 17:15:39.683291
a6a3df8c-d39a-4527-8306-9fc8f5e2ac32,cart,BOOK_022,42.45,2026-08-16 10:30:37.467976
b3b7ea67-75e4-433b-a906-fd0202ed49b3,view,BOOK_010,0.0,2026-08-20 21:40:38.176204
16a45d1c-fcb0-44ee-be9c-1c14c693e1c8,purchase,CLTH_012,245.49,2026-08-24 20:16:23.893363
79486124-ceb2-4f91-bf0f-378b69ecb64c,view,ELEC_022,0.0,2026-08-22 17:52:38.350404
097603f7-ef8e-4380-83ce-337ce6b52a59,view,BOOK_025,0.0,2026-08-24 21:44:02.388247
dcd98015-a110-4e4e-bffd-2db821ce770a,view,SPRT_016,0.0,2026-08-18 19:20:39.052806
d06247ce-154f-44d2-a431-0e6def01535f,cart,CLTH_007,39.44,2026-08-24 22:31:14.877897
28dee375-acb0-4efe-91a1-27bd967ca56b,purchase,BOOK_016,15.43,2026-08-23T19:39:11.595012
77765993-45c5-4be1-9161-1885f032fc20,view,ELEC_020,0.0,2026-08-22 17:48:56.906546
0bb810c4-b32d-43c2-92f3-84a8460ad2f6,view,ELEC_024,0.0,2026-08-22T17:14:18.271753
60fa3dee-9722-469f-9ede-8581e64a5dc8,cart,CLTH_001,150.79,2026-08-23T19:40:14.607162
7c876903-8503-4e64-91da-9f12ea161fac,view,ELEC_016,0.0,2026-08-24 22:45:42.947830
2123f5ae-14df-4e5d-92db-1157b83c002d,view,CLTH_028,0.0,2026-08-19 23:31:33.047653
caf220a7-85eb-4fa4-a33b-8c246570b167,view,ELEC_014,0.0,2026-08-24T21:03:00.231121
23563557-5b65-4775-84d2-cd11d7916afb,view,FOOD_012,0.0,2026-08-23T19:35:59.902202
18af9202-01b4-42d9-a7a8-a3fd40d77ea7,view,SPRT_023,0.0,2026-08-18 19:10:26.663271
1342dc6b-765d-46f2-b62a-ae0cc1bedb78,view,SPRT_005,0.0,2026-08-24 22:15:14.233733
5ecfc98a-922a-4821-a19c-74739ea9d49c,view,FOOD_013,0.0,2026-08-24 22:07:38.715544
a8b5f893-6a56-4f9f-b429-038b5a69def7,purchase,ELEC_025,813.96,2026-08-24 20:44:36.339603
807ffd32-2ef3-4a31-a89a-238c366b264b,view,CLTH_016,0.0,2026-08-24 21:41:31.895189
c6da6198-1302-4f3b-98d8-59f524206a5a,view,CLTH_002,0.0,2026-08-24 21:22:21.897646
1d21b537-35e3-49e4-ad04-fb64e3a6b0d7,view,CLTH_030,0.0,2026-08-24T22:19:27.708644
e2d48b75-546c-497a-95bd-14034b8f808a,cart,CLTH_015,134.79,2026-08-22 17:32:47.316142
48fdb41c-6451-4813-9e73-3326f54170f7,cart,FOOD_024,63.37,2026-08-16 16:48:45.678389
103b446e-bac3-42b5-96ca-727662d099e1,view,SPRT_014,0.0,2026-08-20 21:25:52.775333
151d1b6b-31e9-4c3a-98ee-7ebc527bc572,view,SPRT_019,0.0,2026-08-22 17:51:00.311260
b69f6df3-4ae7-4861-8236-88b969e91529,view,FOOD_009,0.0,2026-08-20 21:22:28.921374
4f3b1ab5-91ca-43a2-a8bb-715dd0866ccb,view,FOOD_017,0.0,2026-08-22T17:05:12.965564
9f729b04-6f80-4dae-9824-921396cc0ee2,cart,CLTH_022,114.12,2026-08-24 21:01:16.089345
07974040-0d6e-4dd2-a06d-09236cb2f439,view,FOOD_002,0.0,2026-08-24 22:37:36.680848
7cecad85-4914-4af5-863e-309987695976,view,CLTH_020,0.0,2026-08-24 21:35:56.062304
c6b1433c-fd3a-4b37-a002-e3213ac67574,cart,FOOD_013,73.59,2026-08-24 21:38:13.769076
272d6b5f-aeca-485e-a4ba-1a5689f647ac,view,ELEC_020,0.0,2026-08-24 19:41:52.048770
5f70c5ad-79e7-42be-a108-76a2aa328993,view,BOOK_008,0.0,2026-08-19 23:27:14.679764
d9c0cd62-7da2-407f-b24f-c9887c0b8ae6,view,CLTH_024,0.0,2026-08-23T19:45:57.945364
a8b5f893-6a56-4f9f-b429-038b5a69def7,view,CLTH_026,0.0,2026-08-24 19:39:18.733636
90d1b635-2c2c-4335-a6a6-3088257c3e28,view,SPRT_011,0.0,2026-08-24T22:20:01.192287
e7011402-63aa-4b75-87a9-67546325bcab,view,ELEC_028,0.0,2026-08-24 22:52:55.178644
7533f6a3-2d5e-454c-a7d4-5a213a566a6a,view,BOOK_016,0.0,2026-08-24T22:38:32.542922
06ef8987-2209-4f91-b32e-b826d451f567,view,BOOK_028,0.0,2026-08-24T21:19:30.501612
3eae1b1f-da2f-40b7-883b-ad6d9a3673eb,view,CLTH_001,0.0,2026-08-24 23:06:46.561752
7c876903-8503-4e64-91da-9f12ea161fac,view,FOOD_008,0.0,2026-08-24T22:53:40.568375
0a2f3d10-ae64-4472-a673-478e6650e204,view,FOOD_030,0.0,2026-08-16 16:37:19.570603
718814b5-9a30-4643-8cfb-a460a60999ba,view,FOOD_014,0.0,2026-08-24 20:03:56.355928
8e8f1a72-9d02-4f7f-812e-28ab52b05f20,view,CLTH_019,0.0,2026-08-20 21:12:55.240621
ff8790c1-759e-4f9e-bb08-6f9a3d420448,view,BOOK_013,0.0,2026-08-23T19:39:42.746004
dced3396-f014-4b63-b43e-ce29d91fae35,view,BOOK_021,0.0,2026-08-23T19:34:25.509180
f3af5df4-61dc-4244-8833-1ec5806b8ea1,view,CLTH_024,0.0,2026-08-24T19:54:25.551318
0499cbb0-f1ab-4ff4-bdac-9b47815a9b3a,cart,SPRT_018,138.4,2026-08-23 19:42:22.628132
c4713941-ca5c-48bf-b915-cdf679cdff13,cart,ELEC_027,620.94,2026-08-20 22:01:04.475074
272d6b5f-aeca-485e-a4ba-1a5689f647ac,view,ELEC_006,0.0,2026-08-24 20:21:33.921197
0d5c42ed-4461-4096-8503-c9de6cbe237f,view,CLTH_006,0.0,2026-08-24T19:42:56.232260
0edab1bf-3255-4636-8c77-d72d54ebaa4a,cart,BOOK_028,37.1,2026-08-24T19:58:05.920887
b3b7ea67-75e4-433b-a906-fd0202ed49b3,view,ELEC_023,0.0,2026-08-20 21:37:29.281108
fc18b9b9-0790-45c2-9bd4-39c8c166b7ff,view,ELEC_020,0.0,2026-08-16 10:39:21.007741
7c876903-8503-4e64-91da-9f12ea161fac,purchase,ELEC_030,160.27,2026-08-24 23:05:41.806374
1342dc6b-765d-46f2-b62a-ae0cc1bedb78,view,SPRT_012,0.0,2026-08-24 22:25:57.739999
ecfd2d5f-00a3-4a3d-b1c2-0612a3c54210,view,BOOK_010,0.0,2026-08-28T18:10:22.608325
e6b69773-e22a-4015-9c79-bca0c2f25059,purchase,ELEC_022,913.41,2026-08-28 18:13:14.428405
07e00408-a9f3-4a26-bb10-653e27ee1d69,purchase,CLTH_007,226.53,2026-08-24 22:35:52.237614
fc029a04-be52-486b-8b8f-0f1b173d81fb,cart,BOOK_013,54.29,2026-08-23T19:39:11.371230
ddc313fb-bc63-47e5-ac3f-b9d1d5a703a1,view,FOOD_018,0.0,2026-08-24 21:59:01.515883
85a19fd8-54ae-4ace-a4dc-55c4ce3993ce,view,FOOD_016,0.0,2026-08-24 21:54:03.158107
7a84b978-cc6b-49c8-8bba-b1f87d39615a,view,CLTH_022,0.0,2026-08-24 23:00:17.563769
5ecfc98a-922a-4821-a19c-74739ea9d49c,purchase,CLTH_014,79.37,2026-08-24 21:45:21.811303
2ca3ba80-c4ea-48a9-9d49-ec547b2177a2,cart,FOOD_011,24.85,2026-08-24T22:50:17.992003
2123f5ae-14df-4e5d-92db-1157b83c002d,view,BOOK_017,0.0,2026-08-22T17:12:42.466270
33dc141b-1bf5-4e95-b23e-a53981073bd2,view,ELEC_005,0.0,2026-08-22 17:12:02.732036
7e12728f-8e77-4093-b21e-7650a323fb12,view,CLTH_013,0.0,2026-08-24 23:15:29.624724
a96f1d3a-763c-4bc2-9e7d-20d3463261d5,view,ELEC_001,0.0,2026-08-15 19:42:41.670298
718814b5-9a30-4643-8cfb-a460a60999ba,view,CLTH_015,0.0,2026-08-24 20:11:21.131914
204cd583-e18f-4356-afbd-560a95e5e55d,view,CLTH_020,0.0,2026-08-24 20:23:10.412922
9b7e7aee-079a-4bab-8c71-badadf83bdcd,view,SPRT_025,0.0,2026-08-20 21:15:08.657212
fcdb2a08-2878-4a68-8159-6952bf2ae28f,cart,BOOK_017,9.75,2026-08-24T19:47:39.005269
718814b5-9a30-4643-8cfb-a460a60999ba,view,CLTH_027,0.0,2026-08-24 19:58:51.450122
acececef-4ab4-44e7-8ba4-dc1b3db1b57b,view,CLTH_015,0.0,2026-08-24T21:56:30.548795
5ecfc98a-922a-4821-a19c-74739ea9d49c,cart,BOOK_009,32.02,2026-08-24 22:13:56.465741
acececef-4ab4-44e7-8ba4-dc1b3db1b57b,view,SPRT_020,0.0,2026-08-23T19:38:38.005888
e6b69773-e22a-4015-9c79-bca0c2f25059,view,ELEC_025,0.0,2026-08-28 18:15:02.729477
79486124-ceb2-4f91-bf0f-378b69ecb64c,view,ELEC_028,0.0,2026-08-22 17:35:33.382054
23563557-5b65-4775-84d2-cd11d7916afb,view,CLTH_009,0.0,2026-08-24T20:29:56.549780
4f3b1ab5-91ca-43a2-a8bb-715dd0866ccb,view,ELEC_023,0.0,2026-08-16 16:42:40.010602
718814b5-9a30-4643-8cfb-a460a60999ba,view,CLTH_014,0.0,2026-08-24 20:40:42.434437
3fb2fa2a-b4d2-485d-acd8-9cc11c7a142c,view,SPRT_023,0.0,2026-08-19 23:27:33.507788
d2393a76-e7aa-4917-8d1a-eaea77151dd0,view,FOOD_019,0.0,2026-08-24T22:36:18.458868
0a2f3d10-ae64-4472-a673-478e6650e204,view,FOOD_024,0.0,2026-08-16 16:41:38.966532
e7011402-63aa-4b75-87a9-67546325bcab,purchase,CLTH_013,105.35,2026-08-24 21:52:54.254056
544c32f4-a10e-44ff-a0d5-6f8b523e593a,view,CLTH_002,0.0,2026-08-28T18:26:44.419154
80a44646-6c7e-488e-8f96-dda9667f62bf,view,BOOK_005,0.0,2026-08-24 20:01:05.621670
718814b5-9a30-4643-8cfb-a460a60999ba,view,FOOD_027,0.0,2026-08-28T18:12:19.841424
a5184ecf-8473-4c68-a33b-f6c956626ce8,view,FOOD_010,0.0,2026-08-22 17:10:14.937575
204cd583-e18f-4356-afbd-560a95e5e55d,view,CLTH_016,0.0,2026-08-24 19:46:34.225150
c77bbe8e-c4e4-45cf-8110-985d1be43d91,cart,SPRT_016,445.09,2026-08-24T22:55:59.352558
b8626474-9939-4b22-b12e-52c5f4b4739c,view,ELEC_028,0.0,2026-08-18 18:54:08.728335
046701a6-5a53-43dc-aa26-d68a19f6cb9e,view,CLTH_009,0.0,2026-08-18 18:59:38.442916
9527030a-454f-418b-9265-43c29b277831,view,CLTH_015,0.0,2026-08-18 19:12:08.850495
06ef8987-2209-4f91-b32e-b826d451f567,view,CLTH_004,0.0,2026-08-20T21:16:09.880688
1342dc6b-765d-46f2-b62a-ae0cc1bedb78,view,SPRT_015,0.0,2026-08-24 22:11:59.245423
b568b56b-df03-4a6f-ae89-4908c2685971,view,BOOK_027,0.0,2026-08-24T23:18:42.757174
66f9e642-1674-468a-884b-55c6f9a06472,view,ELEC_029,0.0,2026-08-18 18:46:43.901179
395e36e8-c321-48f4-9ed8-88acf120a760,view,BOOK_012,0.0,2026-08-24T19:56:29.905811
a9924f59-2d8b-4172-8e44-ae16ad011154,view,FOOD_017,0.0,2026-08-16 10:33:35.231215
65bdd5f8-4652-4a5f-aa90-ed5cbed78e68,view,ELEC_030,0.0,2026-08-28 18:07:11.763083
45be79ad-8040-4559-be25-1a4737d5bdec,view,ELEC_021,0.0,2026-08-24 19:57:06.122381
fcdb2a08-2878-4a68-8159-6952bf2ae28f,purchase,SPRT_026,296.6,2026-08-24T23:10:23.746802
7c876903-8503-4e64-91da-9f12ea161fac,view,ELEC_021,0.0,2026-08-24 23:09:25.437892
7e12728f-8e77-4093-b21e-7650a323fb12,view,CLTH_003,0.0,2026-08-24 22:11:05.871646
d13300b8-b21a-4b42-b229-1237697e4e3f,view,ELEC_022,0.0,2026-08-23T19:49:09.883740
097603f7-ef8e-4380-83ce-337ce6b52a59,view,BOOK_004,0.0,2026-08-24 21:47:17.873351
b92588da-f188-45e0-9358-9c955d88bc5a,view,SPRT_004,0.0,2026-08-20 21:24:06.419297
097603f7-ef8e-4380-83ce-337ce6b52a59,view,ELEC_006,0.0,2026-08-24 21:38:12.573552
8afb9663-be21-47d5-b7bf-d549285fa584,view,ELEC_019,0.0,2026-08-16 10:36:03.828533
c6b1433c-fd3a-4b37-a002-e3213ac67574,cart,FOOD_016,79.5,2026-08-24 21:48:25.441124
8cdacff9-37d6-4442-84bc-6ae90cf25759,view,FOOD_001,0.0,2026-08-23 19:45:06.456797
79486124-ceb2-4f91-bf0f-378b69ecb64c,view,ELEC_025,0.0,2026-08-22 17:25:27.022359
559449e8-4daf-4cae-863c-369e59d25d8b,view,FOOD_002,0.0,2026-08-20 21:18:40.896409
5ecfc98a-922a-4821-a19c-74739ea9d49c,cart,CLTH_011,177.54,2026-08-24 21:28:37.310974
18af9202-01b4-42d9-a7a8-a3fd40d77ea7,purchase,SPRT_002,211.99,2026-08-18 19:12:29.816607
b43786c5-4ef6-4017-a344-22b26bcbd3c5,view,ELEC_027,0.0,2026-08-28T18:14:45.083519
d06247ce-154f-44d2-a431-0e6def01535f,view,CLTH_029,0.0,2026-08-24 22:39:35.520780
c6da6198-1302-4f3b-98d8-59f524206a5a,view,CLTH_003,0.0,2026-08-24 19:56:47.365193
fcd6fe57-c144-4e2e-a82f-44cb7df85d3f,view,BOOK_007,0.0,2026-08-20 21:17:00.768531
c6ad3b1a-879f-46e9-b4df-c61479de62ea,view,FOOD_016,0.0,2026-08-24T20:24:26.141562
a6a3df8c-d39a-4527-8306-9fc8f5e2ac32,cart,FOOD_001,69.24,2026-08-16 10:40:23.120862
204cd583-e18f-4356-afbd-560a95e5e55d,view,CLTH_027,0.0,2026-08-24 20:21:44.595865
e7011402-63aa-4b75-87a9-67546325bcab,view,CLTH_028,0.0,2026-08-24 22:24:53.944542
a4dbcca0-eaa3-4f6a-91d1-a92bc00a2c19,view,CLTH_009,0.0,2026-08-24 20:54:28.568462
80a44646-6c7e-488e-8f96-dda9667f62bf,view,BOOK_003,0.0,2026-08-24 20:26:37.629018
8c9bf60c-9d81-434e-9a6f-73c2800925e8,cart,ELEC_003,479.65,2026-08-24T20:08:18.501141
097603f7-ef8e-4380-83ce-337ce6b52a59,view,ELEC_002,0.0,2026-08-24 21:38:49.687222
3317a2b8-8792-434d-9860-2f7644018ce4,view,SPRT_021,0.0,2026-08-22T17:07:31.566512
800f664d-f662-49db-9420-27bde33160de,view,CLTH_012,0.0,2026-08-16 10:41:03.028355
abdf77fe-de5b-4e52-955c-aeb34086fb6c,purchase,SPRT_024,318.18,2026-08-20 21:30:57.730237
ecef0a71-9256-43e0-bf92-91fc8ffffcf4,view,ELEC_029,0.0,2026-08-24T21:17:09.257266
45be79ad-8040-4559-be25-1a4737d5bdec,cart,FOOD_006,27.5,2026-08-24 19:42:21.820818
71757292-65b2-4a18-829d-3935df050fc0,view,FOOD_006,0.0,2026-08-20T21:18:47.415497
79486124-ceb2-4f91-bf0f-378b69ecb64c,view,ELEC_013,0.0,2026-08-24T19:45:02.032071
c56998f4-a438-484c-8b0c-b80c399f6fcd,view,FOOD_014,0.0,2026-08-24 21:11:36.117121
a3414eda-0341-4e0d-b3fa-5e873248b36a,view,ELEC_017,0.0,2026-08-16 10:29:48.339014
e9af50c7-3916-48bf-9def-f8eae8db79ee,cart,BOOK_024,18.91,2026-08-24 20:58:36.491981
135a78d8-b64e-42f3-b81e-06a99da1379a,view,CLTH_011,0.0,2026-08-28T18:12:57.259908
7e6c74b6-e963-4328-83a5-602d2af48d1f,view,FOOD_010,0.0,2026-08-16 10:29:41.172537
8d2e8c22-0f58-489e-84d3-59c68d8c63a5,view,FOOD_009,0.0,2026-08-16 10:33:14.918107
27a943f0-74c1-47d4-a697-2bf5d20625d8,view,CLTH_013,0.0,2026-08-24 19:48:29.475548
6c42b183-6d7f-4eed-9a19-89815e3d0919,view,ELEC_012,0.0,2026-08-24T22:22:48.236562
eedeb7be-443c-4607-a98b-a6928f11d578,view,SPRT_018,0.0,2026-08-22 17:26:09.780435
c6da6198-1302-4f3b-98d8-59f524206a5a,view,CLTH_020,0.0,2026-08-24 19:37:54.524294
9b70e162-3f36-46cd-87f4-65153d82f93c,purchase,CLTH_011,327.19,2026-08-19 23:34:41.521365
07974040-0d6e-4dd2-a06d-09236cb2f439,view,FOOD_019,0.0,2026-08-24T22:45:47.978241
c77bbe8e-c4e4-45cf-8110-985d1be43d91,view,ELEC_010,0.0,2026-08-24T20:13:53.494182
1916909e-6c68-4b12-a792-b099fef763bb,view,ELEC_024,0.0,2026-08-20T21:14:05.705019
32d60b7b-0ecd-4d77-ad93-8db6a14c6708,purchase,BOOK_004,26.73,2026-08-19T23:25:30.439058
15371891-3d67-4bbe-a227-0aa843960503,view,CLTH_030,0.0,2026-08-24 22:57:30.552066
7c53ddd0-71fe-4919-a4fe-86d633a58eee,purchase,ELEC_012,1080.44,2026-08-20 21:19:45.851845
875ce581-da9f-4374-b891-e1b0a538923e,view,ELEC_004,0.0,2026-08-22T17:41:03.798635
9b7e7aee-079a-4bab-8c71-badadf83bdcd,view,SPRT_020,0.0,2026-08-20 21:18:12.445896
fb5c4430-55ab-46c5-9e83-bae524560811,purchase,FOOD_016,85.2,2026-08-24 21:11:28.395527
fc18b9b9-0790-45c2-9bd4-39c8c166b7ff,view,FOOD_029,0.0,2026-08-18T19:14:08.505425
e0fd2345-d654-4429-9d48-e2b1544bc0ee,view,SPRT_001,0.0,2026-08-19 23:25:35.152834
d0083a3b-3cf2-48a7-b1a4-f12398d8bd7f,view,ELEC_030,0.0,2026-08-20 21:44:41.388250
103b446e-bac3-42b5-96ca-727662d099e1,view,SPRT_007,0.0,2026-08-20 21:25:52.927572
caf220a7-85eb-4fa4-a33b-8c246570b167,view,FOOD_013,0.0,2026-08-23T19:48:02.728265
79486124-ceb2-4f91-bf0f-378b69ecb64c,view,ELEC_030,0.0,2026-08-22 17:34:55.978526
aaaa38a6-7d37-4a0f-a0ae-a18daa98f586,view,SPRT_026,0.0,2026-08-16 16:43:53.690625
e0cac62b-7a87-44bb-8198-dd96bc7eb6ae,view,BOOK_009,0.0,2026-08-28T18:26:11.735726
5ecfc98a-922a-4821-a19c-74739ea9d49c,view,CLTH_020,0.0,2026-08-24 22:50:10.819408
d37ca1f9-a758-4fcd-abd0-8a4b28290823,view,ELEC_010,0.0,2026-08-22 17:40:02.366741
1342dc6b-765d-46f2-b62a-ae0cc1bedb78,view,SPRT_013,0.0,2026-08-24 22:30:23.059285
b568b56b-df03-4a6f-ae89-4908c2685971,cart,BOOK_009,33.19,2026-08-22T17:55:54.895412
7c53ddd0-71fe-4919-a4fe-86d633a58eee,view,SPRT_008,0.0,2026-08-20T21:56:25.281292
2ca3ba80-c4ea-48a9-9d49-ec547b2177a2,view,SPRT_022,0.0,2026-08-18 19:15:15.239666
8c1f2c4f-fcb2-4456-8fb7-b41a9931e230,view,CLTH_020,0.0,2026-08-20 21:06:49.710060
c6b1433c-fd3a-4b37-a002-e3213ac67574,purchase,FOOD_010,55.98,2026-08-24 21:48:25.534214
7cecad85-4914-4af5-863e-309987695976,view,CLTH_006,0.0,2026-08-24 22:33:36.707551
0f4db5c7-beaf-4757-b8cf-f156b73fe4d5,view,SPRT_010,0.0,2026-08-20 21:54:31.606394
ca8a018c-1d30-4a4d-9da7-20f5ae4514e1,purchase,FOOD_014,31.25,2026-08-28T18:13:33.623034
3eae1b1f-da2f-40b7-883b-ad6d9a3673eb,purchase,CLTH_009,252.71,2026-08-24 23:21:57.789093
14652829-4c93-49cc-ac11-1084b352dbf8,view,BOOK_010,0.0,2026-08-24 22:52:24.768740
77765993-45c5-4be1-9161-1885f032fc20,cart,ELEC_005,216.07,2026-08-22 17:49:43.414281
37d1bc22-ec4f-4251-96d1-dbe0703942a7,view,ELEC_006,0.0,2026-08-19 23:30:56.543026
fcd6fe57-c144-4e2e-a82f-44cb7df85d3f,view,CLTH_010,0.0,2026-08-20 21:10:27.038233
65bdd5f8-4652-4a5f-aa90-ed5cbed78e68,view,ELEC_021,0.0,2026-08-28 18:17:19.515550
2d7c90c3-0788-41c8-b160-06e19f4406f6,view,SPRT_015,0.0,2026-08-24 22:15:13.123908
7e12728f-8e77-4093-b21e-7650a323fb12,view,SPRT_028,0.0,2026-08-24 22:08:02.253591
1f1fb1c5-8a0f-4b64-8261-f51ffc33db1f,view,ELEC_024,0.0,2026-08-20T21:20:55.534578
6c42b183-6d7f-4eed-9a19-89815e3d0919,view,ELEC_021,0.0,2026-08-24 21:59:19.975202
ecef0a71-9256-43e0-bf92-91fc8ffffcf4,view,CLTH_008,0.0,2026-08-24 21:20:56.136074
ddc313fb-bc63-47e5-ac3f-b9d1d5a703a1,purchase,CLTH_001,322.65,2026-08-24 21:40:01.551987
ca8a018c-1d30-4a4d-9da7-20f5ae4514e1,purchase,BOOK_022,57.15,2026-08-22 17:38:27.969565
d0083a3b-3cf2-48a7-b1a4-f12398d8bd7f,view,SPRT_015,0.0,2026-08-20 21:39:23.823090
07974040-0d6e-4dd2-a06d-09236cb2f439,view,FOOD_030,0.0,2026-08-24 22:38:16.384053
d13300b8-b21a-4b42-b229-1237697e4e3f,view,ELEC_005,0.0,2026-08-23T19:45:26.175696
9b7e7aee-079a-4bab-8c71-badadf83bdcd,purchase,FOOD_007,44.62,2026-08-22T17:50:09.081206
0499cbb0-f1ab-4ff4-bdac-9b47815a9b3a,view,CLTH_025,0.0,2026-08-23 19:35:02.854605
1683fa13-caae-47d0-876d-5cd63161b109,view,CLTH_005,0.0,2026-08-15 19:45:58.855641
fbc03b87-c84c-4ae3-872c-c3f001033c41,view,SPRT_017,0.0,2026-08-18 18:55:10.440216
7cecad85-4914-4af5-863e-309987695976,view,CLTH_007,0.0,2026-08-24 23:18:49.926281
046701a6-5a53-43dc-aa26-d68a19f6cb9e,view,CLTH_018,0.0,2026-08-18 19:03:15.892333
1342dc6b-765d-46f2-b62a-ae0cc1bedb78,view,SPRT_018,0.0,2026-08-24 22:03:31.088164
7cecad85-4914-4af5-863e-309987695976,view,CLTH_012,0.0,2026-08-24 21:38:09.835835
d0083a3b-3cf2-48a7-b1a4-f12398d8bd7f,view,ELEC_028,0.0,2026-08-20 21:44:41.642722
046701a6-5a53-43dc-aa26-d68a19f6cb9e,view,FOOD_006,0.0,2026-08-22T17:06:59.462973
d37ca1f9-a758-4fcd-abd0-8a4b28290823,view,ELEC_027,0.0,2026-08-22 17:33:29.614375
d572cc22-f568-4269-a4ca-75bae22243da,cart,FOOD_015,78.89,2026-08-24T22:13:51.720606
dd0c2035-e21b-4a2f-aa23-2bb8b37e125d,view,FOOD_011,0.0,2026-08-22 17:09:53.962329
66f9e642-1674-468a-884b-55c6f9a06472,view,ELEC_007,0.0,2026-08-24T21:37:56.595812
3eae1b1f-da2f-40b7-883b-ad6d9a3673eb,view,CLTH_020,0.0,2026-08-24 23:19:09.560276
13298c19-921e-4ab7-b2fe-45b88f1e8621,view,BOOK_004,0.0,2026-08-23 19:34:06.061905
8889c320-1f19-4bac-9c31-b9218acbf5b5,view,BOOK_012,0.0,2026-08-24T22:58:19.293069
65c76bd2-c4c5-4ead-bb07-d1518810d424,view,CLTH_019,0.0,2026-08-24 20:11:45.856750
71f3d5de-38b0-4ad5-ad46-2524000b3c16,cart,BOOK_027,50.99,2026-08-19 23:24:20.969158
16a45d1c-fcb0-44ee-be9c-1c14c693e1c8,view,CLTH_015,0.0,2026-08-24 20:22:06.818573
204cd583-e18f-4356-afbd-560a95e5e55d,view,CLTH_002,0.0,2026-08-24 19:40:28.522370
2d7c90c3-0788-41c8-b160-06e19f4406f6,cart,FOOD_017,16.98,2026-08-24 22:02:03.430839
23563557-5b65-4775-84d2-cd11d7916afb,purchase,BOOK_009,51.13,2026-08-20 21:13:01.404505
d9fedd6d-d50d-4109-9721-1cd2ce886f31,view,ELEC_010,0.0,2026-08-24T19:46:36.293641
e04bc446-eef1-4a6c-bdd3-722ed841b5b0,cart,FOOD_008,67.79,2026-08-24 23:06:56.952334
a9ef0f29-d39b-4e19-9e9d-76779cf2469d,purchase,SPRT_004,592.63,2026-08-20 22:02:37.166248
8889c320-1f19-4bac-9c31-b9218acbf5b5,view,FOOD_023,0.0,2026-08-24T21:58:10.123847
07e00408-a9f3-4a26-bb10-653e27ee1d69,cart,CLTH_025,121.34,2026-08-24 22:10:01.444010
9b7e7aee-079a-4bab-8c71-badadf83bdcd,view,ELEC_001,0.0,2026-08-22T17:55:22.499395
d37ca1f9-a758-4fcd-abd0-8a4b28290823,cart,SPRT_011,352.81,2026-08-22 17:55:33.709795
0d5c42ed-4461-4096-8503-c9de6cbe237f,view,CLTH_008,0.0,2026-08-16 16:38:12.790205
66f9e642-1674-468a-884b-55c6f9a06472,view,CLTH_024,0.0,2026-08-18 18:47:15.159693
807ffd32-2ef3-4a31-a89a-238c366b264b,view,CLTH_018,0.0,2026-08-24 23:20:27.493163
272d6b5f-aeca-485e-a4ba-1a5689f647ac,view,FOOD_001,0.0,2026-08-24T22:04:14.498657
7cecad85-4914-4af5-863e-309987695976,purchase,ELEC_020,423.97,2026-08-24 22:41:49.526640
b4508ad1-61c3-4913-9b0d-9e62d1e31a6c,view,CLTH_009,0.0,2026-08-16 16:49:43.183765
39916c2e-f0f0-4c72-b753-c93c5f6c48e5,view,CLTH_025,0.0,2026-08-16 10:40:29.899142
1d21b537-35e3-49e4-ad04-fb64e3a6b0d7,view,BOOK_021,0.0,2026-08-22 17:15:32.389684
5fd25fd1-437c-46b3-9a39-aa545fcef320,view,ELEC_013,0.0,2026-08-24 19:52:04.447181
e520f38d-6d20-43be-ac04-26f7b8d044bb,view,FOOD_025,0.0,2026-08-22T17:31:09.741771
ecef0a71-9256-43e0-bf92-91fc8ffffcf4,view,ELEC_029,0.0,2026-08-24 21:11:35.022884
5ecfc98a-922a-4821-a19c-74739ea9d49c,view,CLTH_010,0.0,2026-08-24 22:15:36.206985
c9613b65-fafa-42cc-9af8-32f87936384f,cart,SPRT_025,328.66,2026-08-20T21:14:37.279500
85a19fd8-54ae-4ace-a4dc-55c4ce3993ce,view,CLTH_026,0.0,2026-08-24T23:12:14.202736
e941fe3b-e99f-4add-bed3-5b4394d2ddc3,cart,ELEC_017,536.4,2026-08-28 18:14:55.896635
16a45d1c-fcb0-44ee-be9c-1c14c693e1c8,purchase,CLTH_024,163.99,2026-08-24 20:06:50.869969
80a44646-6c7e-488e-8f96-dda9667f62bf,view,BOOK_001,0.0,2026-08-24 21:14:56.236344
8d2e8c22-0f58-489e-84d3-59c68d8c63a5,purchase,BOOK_011,36.2,2026-08-16 10:34:33.772377
5ecfc98a-922a-4821-a19c-74739ea9d49c,view,BOOK_003,0.0,2026-08-24 22:37:39.886427
fbc03b87-c84c-4ae3-872c-c3f001033c41,view,SPRT_020,0.0,2026-08-18 18:55:10.466822
807ffd32-2ef3-4a31-a89a-238c366b264b,cart,CLTH_021,174.96,2026-08-24 21:42:14.950099
7e12728f-8e77-4093-b21e-7650a323fb12,view,SPRT_001,0.0,2026-08-24 22:08:02.437183
103b446e-bac3-42b5-96ca-727662d099e1,view,CLTH_005,0.0,2026-08-20 21:13:49.034932
65c76bd2-c4c5-4ead-bb07-d1518810d424,view,CLTH_030,0.0,2026-08-24 20:32:23.128838
d0ee500b-2986-4393-8222-e3a34f6829c5,view,CLTH_020,0.0,2026-08-22 17:48:16.989377
9ea41e68-c710-4b07-b2ae-6bbf22342547,view,CLTH_026,0.0,2026-08-16 10:36:08.419299
7cecad85-4914-4af5-863e-309987695976,view,CLTH_025,0.0,2026-08-24 22:25:14.207342
07974040-0d6e-4dd2-a06d-09236cb2f439,view,BOOK_024,0.0,2026-08-24 23:07:31.115040
b43786c5-4ef6-4017-a344-22b26bcbd3c5,view,BOOK_009,0.0,2026-08-24T22:38:32.527204
718814b5-9a30-4643-8cfb-a460a60999ba,view,CLTH_003,0.0,2026-08-24 20:22:16.943472
1d21b537-35e3-49e4-ad04-fb64e3a6b0d7,purchase,CLTH_030,70.13,2026-08-24T22:19:27.708644
e7011402-63aa-4b75-87a9-67546325bcab,purchase,CLTH_001,106.86,2026-08-24 21:52:54.329691
3eae1b1f-da2f-40b7-883b-ad6d9a3673eb,view,CLTH_028,0.0,2026-08-24 22:34:22.506547
b2494169-7cd1-450a-9a6a-5bd5ce40d2fb,view,SPRT_009,0.0,2026-08-24 22:38:44.997599
a169dc99-f3d9-4a6d-be74-c528e84e184c,view,CLTH_028,0.0,2026-08-28T18:13:33.064846
7533f6a3-2d5e-454c-a7d4-5a213a566a6a,view,BOOK_009,0.0,2026-08-20 21:37:31.928262
9b7e7aee-079a-4bab-8c71-badadf83bdcd,cart,SPRT_008,87.57,2026-08-20 21:20:36.631670
8889c320-1f19-4bac-9c31-b9218acbf5b5,view,ELEC_015,0.0,2026-08-24 22:38:50.784371
c6ad3b1a-879f-46e9-b4df-c61479de62ea,view,FOOD_012,0.0,2026-08-18 18:57:29.177700
f45f43f0-f972-4f1b-bef3-8f2297f88dfc,purchase,SPRT_001,304.88,2026-08-19 23:23:39.145988
653709fa-a965-4975-9c69-451df40148e0,view,BOOK_026,0.0,2026-08-24T23:22:19.058278
5ecfc98a-922a-4821-a19c-74739ea9d49c,cart,CLTH_010,76.83,2026-08-24 22:03:25.319422
c6da6198-1302-4f3b-98d8-59f524206a5a,view,CLTH_025,0.0,2026-08-24 20:00:57.728033
27a943f0-74c1-47d4-a697-2bf5d20625d8,purchase,CLTH_001,344.7,2026-08-24 20:08:04.170734
c43f920e-ad55-4f24-936b-9cbd31f69e37,view,BOOK_007,0.0,2026-08-24T19:58:04.937858
eedeb7be-443c-4607-a98b-a6928f11d578,purchase,ELEC_001,1138.57,2026-08-22 17:42:39.794441
718814b5-9a30-4643-8cfb-a460a60999ba,view,CLTH_024,0.0,2026-08-24 19:40:40.264733
65c76bd2-c4c5-4ead-bb07-d1518810d424,view,CLTH_027,0.0,2026-08-24 20:18:30.756637
8889c320-1f19-4bac-9c31-b9218acbf5b5,view,FOOD_006,0.0,2026-08-24 22:56:02.293828
4bcc35c7-0c0f-40c6-81ef-9290c390c8ae,view,ELEC_009,0.0,2026-08-18 18:56:45.544714
272d6b5f-aeca-485e-a4ba-1a5689f647ac,view,ELEC_027,0.0,2026-08-24 21:17:52.323640
a4dbcca0-eaa3-4f6a-91d1-a92bc00a2c19,view,FOOD_026,0.0,2026-08-24T21:01:14.234042
a96f1d3a-763c-4bc2-9e7d-20d3463261d5,view,FOOD_028,0.0,2026-08-24T22:45:48.522409
8cdacff9-37d6-4442-84bc-6ae90cf25759,view,ELEC_019,0.0,2026-08-24T20:08:20.189126
7c876903-8503-4e64-91da-9f12ea161fac,cart,FOOD_015,74.16,2026-08-24 22:47:02.842811
544c32f4-a10e-44ff-a0d5-6f8b523e593a,view,ELEC_023,0.0,2026-08-24T21:10:58.161133
2de07fdd-8b53-4691-a8aa-c355b7716a3e,view,FOOD_018,0.0,2026-08-24T21:38:31.881426
3c8208eb-982f-4c25-aeb6-1d676d8c95fd,view,CLTH_010,0.0,2026-08-28T18:09:12.320411
ecfd2d5f-00a3-4a3d-b1c2-0612a3c54210,cart,SPRT_003,111.95,2026-08-24 07:50:52.053807
194d41b2-19c9-4faa-8a3b-c33649c1679f,purchase,FOOD_005,110.93,2026-08-20 21:45:12.258494
fcd6fe57-c144-4e2e-a82f-44cb7df85d3f,view,ELEC_020,0.0,2026-08-22T17:14:50.002161
718814b5-9a30-4643-8cfb-a460a60999ba,view,CLTH_002,0.0,2026-08-24 20:55:27.310114
fcd6fe57-c144-4e2e-a82f-44cb7df85d3f,view,CLTH_001,0.0,2026-08-20 21:27:26.600045
17bb18d0-1b6c-4045-9b62-754e463aabd2,cart,CLTH_011,45.96,2026-08-28 18:06:02.697270
85a19fd8-54ae-4ace-a4dc-55c4ce3993ce,view,BOOK_011,0.0,2026-08-24 22:55:41.343481
28dee375-acb0-4efe-91a1-27bd967ca56b,view,CLTH_003,0.0,2026-08-22 17:31:49.504052
c6da6198-1302-4f3b-98d8-59f524206a5a,view,CLTH_015,0.0,2026-08-24 20:16:20.147812
fb452d33-32d2-4fc8-a50d-278f74455526,view,CLTH_017,0.0,2026-08-22T17:54:20.585652
7cecad85-4914-4af5-863e-309987695976,view,CLTH_014,0.0,2026-08-24 23:08:31.077303
e9af50c7-3916-48bf-9def-f8eae8db79ee,view,BOOK_012,0.0,2026-08-24 20:58:36.574618
a4dbcca0-eaa3-4f6a-91d1-a92bc00a2c19,view,CLTH_015,0.0,2026-08-24 19:43:57.598510
7c876903-8503-4e64-91da-9f12ea161fac,cart,ELEC_007,411.96,2026-08-24 22:25:45.474649
dfcc5694-8acb-4c2d-b506-2b27c83b45a2,view,ELEC_024,0.0,2026-08-24T19:45:33.899930
adcabb5a-9294-4e06-91d7-d5fb55987582,view,BOOK_015,0.0,2026-08-18 19:07:03.727952
204cd583-e18f-4356-afbd-560a95e5e55d,view,CLTH_022,0.0,2026-08-24 21:19:33.083566
1a57d526-e419-4985-b2c6-65d021f92488,cart,BOOK_001,20.08,2026-08-28T18:15:21.558055
2989c566-bd71-49e2-8d10-a60c615ee48b,view,BOOK_011,0.0,2026-08-23 19:44:04.067008
af8c3802-1e97-4ac1-a05e-a064dc9a598f,view,SPRT_020,0.0,2026-08-24T20:15:35.924488
66f9e642-1674-468a-884b-55c6f9a06472,view,ELEC_015,0.0,2026-08-18 18:55:00.549179
aa1b5519-6825-4270-a210-d706d63db7f1,purchase,FOOD_028,14.92,2026-08-24T22:10:23.901498
80a44646-6c7e-488e-8f96-dda9667f62bf,view,BOOK_028,0.0,2026-08-24 21:16:57.025374
caf220a7-85eb-4fa4-a33b-8c246570b167,view,BOOK_008,0.0,2026-08-19T23:31:36.508846
7adce7be-64d4-4802-b5f9-067f8cf870b9,cart,CLTH_008,176.28,2026-08-28 18:15:04.891896
e520f38d-6d20-43be-ac04-26f7b8d044bb,view,FOOD_011,0.0,2026-08-20T21:21:58.821337
e0fd2345-d654-4429-9d48-e2b1544bc0ee,view,SPRT_005,0.0,2026-08-19 23:35:10.336384
1a8dde1b-a845-4523-9888-92a7f05ae954,cart,CLTH_020,197.52,2026-08-18T19:17:48.890714
45be79ad-8040-4559-be25-1a4737d5bdec,view,FOOD_024,0.0,2026-08-24 19:38:12.825123
23563557-5b65-4775-84d2-cd11d7916afb,view,BOOK_004,0.0,2026-08-20 21:13:01.337893
af8c3802-1e97-4ac1-a05e-a064dc9a598f,purchase,BOOK_024,26.5,2026-08-24T20:38:11.319873
65c76bd2-c4c5-4ead-bb07-d1518810d424,view,CLTH_029,0.0,2026-08-24 21:05:01.988526
e04bc446-eef1-4a6c-bdd3-722ed841b5b0,view,CLTH_004,0.0,2026-08-24 21:56:13.319707
980e4d69-7354-43f4-bc44-99fc0146226f,cart,BOOK_005,47.89,2026-08-24T22:45:15.205445
9b70e162-3f36-46cd-87f4-65153d82f93c,view,SPRT_020,0.0,2026-08-19 23:33:42.078136
ddc313fb-bc63-47e5-ac3f-b9d1d5a703a1,view,CLTH_023,0.0,2026-08-24 22:40:18.677889
667c54aa-2a15-439e-9d2b-29339b87e1b4,purchase,FOOD_026,53.3,2026-08-18 19:10:56.985580
23563557-5b65-4775-84d2-cd11d7916afb,view,CLTH_019,0.0,2026-08-28T18:10:21.753053
85a19fd8-54ae-4ace-a4dc-55c4ce3993ce,view,BOOK_030,0.0,2026-08-24 22:53:33.667053
a169dc99-f3d9-4a6d-be74-c528e84e184c,purchase,BOOK_012,71.94,2026-08-23T19:40:46.250259
2ca3ba80-c4ea-48a9-9d49-ec547b2177a2,view,CLTH_005,0.0,2026-08-23T19:34:57.350242
d13300b8-b21a-4b42-b229-1237697e4e3f,view,CLTH_021,0.0,2026-08-20T21:27:11.916468
b2494169-7cd1-450a-9a6a-5bd5ce40d2fb,view,BOOK_015,0.0,2026-08-24 22:09:30.290390
800f664d-f662-49db-9420-27bde33160de,cart,SPRT_021,58.47,2026-08-16T16:39:22.109035
ecef0a71-9256-43e0-bf92-91fc8ffffcf4,view,FOOD_026,0.0,2026-08-24 20:52:21.951854
5ecfc98a-922a-4821-a19c-74739ea9d49c,purchase,CLTH_013,335.97,2026-08-24 23:15:52.840224
7533f6a3-2d5e-454c-a7d4-5a213a566a6a,purchase,BOOK_022,25.78,2026-08-22T17:55:53.970689
b3b7ea67-75e4-433b-a906-fd0202ed49b3,view,BOOK_028,0.0,2026-08-23T19:59:57.960518
559449e8-4daf-4cae-863c-369e59d25d8b,view,SPRT_007,0.0,2026-08-24T22:08:07.256261
7533f6a3-2d5e-454c-a7d4-5a213a566a6a,view,CLTH_005,0.0,2026-08-24T21:59:49.784855
7a84b978-cc6b-49c8-8bba-b1f87d39615a,view,FOOD_004,0.0,2026-08-24T22:53:40.471596
b4a0963f-da4e-401b-b39a-2668f972529c,view,ELEC_006,0.0,2026-08-24 20:59:35.952500
ff8790c1-759e-4f9e-bb08-6f9a3d420448,cart,FOOD_013,67.64,2026-08-15 19:45:18.302740
69f815db-b5d3-4690-abf5-ffb8d11bd744,view,FOOD_004,0.0,2026-08-19 23:25:07.766956
9f5699e8-c821-4444-b570-668a4eedcb12,view,FOOD_007,0.0,2026-08-24T20:44:17.779660
097603f7-ef8e-4380-83ce-337ce6b52a59,view,ELEC_014,0.0,2026-08-24T22:09:47.055946
151d1b6b-31e9-4c3a-98ee-7ebc527bc572,view,SPRT_014,0.0,2026-08-22 17:53:38.508515
272d6b5f-aeca-485e-a4ba-1a5689f647ac,view,ELEC_029,0.0,2026-08-24 20:13:59.874445
65c76bd2-c4c5-4ead-bb07-d1518810d424,view,CLTH_030,0.0,2026-08-24 20:36:02.545860
65c76bd2-c4c5-4ead-bb07-d1518810d424,view,ELEC_020,0.0,2026-08-24 21:03:44.969286
71f55371-9f14-4e13-9e69-9f92146c5f85,cart,SPRT_011,371.83,2026-08-28T18:11:05.814446
fc18b9b9-0790-45c2-9bd4-39c8c166b7ff,view,CLTH_010,0.0,2026-08-16 10:31:29.076311
807ffd32-2ef3-4a31-a89a-238c366b264b,view,CLTH_005,0.0,2026-08-24 21:47:03.050630
b69f6df3-4ae7-4861-8236-88b969e91529,view,CLTH_001,0.0,2026-08-20 21:26:20.041794
2989c566-bd71-49e2-8d10-a60c615ee48b,view,SPRT_027,0.0,2026-08-23 19:34:17.797596
d0ee500b-2986-4393-8222-e3a34f6829c5,cart,SPRT_002,216.37,2026-08-28T18:11:02.593304
b8a5374c-c93d-4c0c-83c8-6ecb467838ed,view,CLTH_012,0.0,2026-08-24T23:12:20.217801
bd22f4c4-5268-45d9-9243-8d72683946f2,view,CLTH_022,0.0,2026-08-23 19:54:12.410981
3cd39961-1811-4043-81ca-ab2b96896334,view,SPRT_003,0.0,2026-08-16T16:41:54.084445
66f9e642-1674-468a-884b-55c6f9a06472,view,ELEC_010,0.0,2026-08-22T17:10:06.333802
800f664d-f662-49db-9420-27bde33160de,view,CLTH_001,0.0,2026-08-16 10:33:48.967336
07974040-0d6e-4dd2-a06d-09236cb2f439,view,FOOD_028,0.0,2026-08-24 22:32:40.815945
79486124-ceb2-4f91-bf0f-378b69ecb64c,view,ELEC_017,0.0,2026-08-24T20:28:19.024592
3ad97fa8-650a-449e-819a-7461929db15a,view,SPRT_024,0.0,2026-08-24T22:35:10.488646
85a19fd8-54ae-4ace-a4dc-55c4ce3993ce,view,BOOK_007,0.0,2026-08-24 22:12:37.005132
54dbe932-4af2-4f72-a46d-126eccaec63d,view,SPRT_010,0.0,2026-08-24T22:35:09.828008
589c5997-fc90-4737-b2a5-e4271fdf4a9d,view,BOOK_024,0.0,2026-08-22 17:15:58.722476
18af9202-01b4-42d9-a7a8-a3fd40d77ea7,view,SPRT_012,0.0,2026-08-24T20:53:06.541108
7c876903-8503-4e64-91da-9f12ea161fac,purchase,ELEC_005,85.85,2026-08-24 23:15:38.464936
a3634e75-35f0-488a-8732-1b93cdcb1099,view,BOOK_030,0.0,2026-08-18 18:57:13.805494
6c42b183-6d7f-4eed-9a19-89815e3d0919,view,BOOK_012,0.0,2026-08-24 22:56:15.175885
a169dc99-f3d9-4a6d-be74-c528e84e184c,cart,ELEC_009,409.86,2026-08-18 18:51:22.196957
0518f406-1bcc-4201-9400-4d13c068296b,view,ELEC_014,0.0,2026-08-22T17:49:04.786312
b32648f7-5c8a-4360-9d8d-e4d9d9c805e6,view,CLTH_008,0.0,2026-08-22T18:04:17.959764
16a45d1c-fcb0-44ee-be9c-1c14c693e1c8,view,CLTH_004,0.0,2026-08-24 20:18:15.984154
9b7e7aee-079a-4bab-8c71-badadf83bdcd,purchase,BOOK_006,55.67,2026-08-23T19:39:11.435171
c6da6198-1302-4f3b-98d8-59f524206a5a,purchase,CLTH_021,68.08,2026-08-24 20:23:11.113544
a3634e75-35f0-488a-8732-1b93cdcb1099,view,BOOK_026,0.0,2026-08-18 18:55:42.804927
1342dc6b-765d-46f2-b62a-ae0cc1bedb78,view,SPRT_003,0.0,2026-08-24 22:43:44.377096
bd22f4c4-5268-45d9-9243-8d72683946f2,purchase,SPRT_007,165.1,2026-08-23T19:34:26.127604
e9af50c7-3916-48bf-9def-f8eae8db79ee,purchase,FOOD_005,84.92,2026-08-24 19:42:32.006537
3eae1b1f-da2f-40b7-883b-ad6d9a3673eb,view,CLTH_004,0.0,2026-08-24 22:31:53.718841
a3414eda-0341-4e0d-b3fa-5e873248b36a,view,ELEC_013,0.0,2026-08-16 10:34:04.695445
e0cac62b-7a87-44bb-8198-dd96bc7eb6ae,view,CLTH_004,0.0,2026-08-24T20:53:41.822561
ddc313fb-bc63-47e5-ac3f-b9d1d5a703a1,view,CLTH_005,0.0,2026-08-24 21:53:16.138985
7cecad85-4914-4af5-863e-309987695976,view,CLTH_004,0.0,2026-08-24 23:18:50.162359
61887664-7787-4a05-aa10-f242d15e7b6f,view,SPRT_007,0.0,2026-08-22 17:52:25.344883
27a943f0-74c1-47d4-a697-2bf5d20625d8,view,FOOD_009,0.0,2026-08-24T22:29:32.123059
ecfd2d5f-00a3-4a3d-b1c2-0612a3c54210,cart,SPRT_030,396.62,2026-08-24 07:50:52.150443
fbc03b87-c84c-4ae3-872c-c3f001033c41,purchase,SPRT_028,224.31,2026-08-24T19:42:56.345173
17bb18d0-1b6c-4045-9b62-754e463aabd2,view,ELEC_018,0.0,2026-08-28 18:06:30.370217
3c8208eb-982f-4c25-aeb6-1d676d8c95fd,view,SPRT_030,0.0,2026-08-24T22:17:12.755110
caf220a7-85eb-4fa4-a33b-8c246570b167,purchase,BOOK_029,31.83,2026-08-24T20:38:12.712081
3cd39961-1811-4043-81ca-ab2b96896334,view,SPRT_025,0.0,2026-08-15 19:34:38.204227
dca944a7-0934-422f-a615-4a2ae9dbac65,purchase,BOOK_007,29.01,2026-08-18 19:13:45.144110
aaaa38a6-7d37-4a0f-a0ae-a18daa98f586,cart,ELEC_001,476.59,2026-08-19T23:25:00.087569
5bedf809-4324-42d3-a225-67543e46f70a,view,CLTH_011,0.0,2026-08-22 17:10:58.061687
a3414eda-0341-4e0d-b3fa-5e873248b36a,view,ELEC_003,0.0,2026-08-16 10:44:01.406309
2ca3ba80-c4ea-48a9-9d49-ec547b2177a2,view,CLTH_025,0.0,2026-08-18 19:09:56.448291
7c876903-8503-4e64-91da-9f12ea161fac,view,CLTH_013,0.0,2026-08-24 21:55:26.397772
01c8f8b9-4fbf-44a7-8919-178beaceb074,purchase,SPRT_002,372.83,2026-08-23 19:36:40.577446
7a84b978-cc6b-49c8-8bba-b1f87d39615a,view,BOOK_030,0.0,2026-08-24 22:36:32.265488
5bedf809-4324-42d3-a225-67543e46f70a,purchase,SPRT_020,80.09,2026-08-23T19:34:26.379301
14652829-4c93-49cc-ac11-1084b352dbf8,view,BOOK_012,0.0,2026-08-24 23:01:05.770809
9f729b04-6f80-4dae-9824-921396cc0ee2,view,BOOK_013,0.0,2026-08-24 20:15:08.308468
800f664d-f662-49db-9420-27bde33160de,view,CLTH_023,0.0,2026-08-16 10:28:43.272112
3eae1b1f-da2f-40b7-883b-ad6d9a3673eb,view,CLTH_022,0.0,2026-08-24 23:03:09.259983
df6ef7b8-0a49-4e99-b1d7-860b83fad018,view,SPRT_027,0.0,2026-08-24T20:47:04.066279
54dbe932-4af2-4f72-a46d-126eccaec63d,view,FOOD_027,0.0,2026-08-16 10:47:13.358996
e04bc446-eef1-4a6c-bdd3-722ed841b5b0,view,CLTH_015,0.0,2026-08-24 21:40:20.168608
1f1fb1c5-8a0f-4b64-8261-f51ffc33db1f,view,FOOD_018,0.0,2026-08-18 19:15:01.739339
800f664d-f662-49db-9420-27bde33160de,view,CLTH_012,0.0,2026-08-16 10:33:48.705197
c6da6198-1302-4f3b-98d8-59f524206a5a,view,CLTH_014,0.0,2026-08-24 20:00:57.601814
7e12728f-8e77-4093-b21e-7650a323fb12,view,CLTH_014,0.0,2026-08-24 22:50:42.810200
33cba815-f157-4c79-818d-2ebbda04e88a,cart,SPRT_021,365.49,2026-08-20 21:19:56.088555
544c32f4-a10e-44ff-a0d5-6f8b523e593a,view,SPRT_013,0.0,2026-08-23T19:57:10.844146
3fb2fa2a-b4d2-485d-acd8-9cc11c7a142c,view,SPRT_014,0.0,2026-08-19 23:30:47.854643
7c2e1788-86da-4c9e-8f5a-63e49fc287ed,purchase,FOOD_007,110.24,2026-08-19 23:26:09.934158
a4dbcca0-eaa3-4f6a-91d1-a92bc00a2c19,view,CLTH_024,0.0,2026-08-24 20:25:49.730648
84411659-75b7-4910-9038-ff90e88caadf,view,CLTH_006,0.0,2026-08-23 19:47:21.457956
e9af50c7-3916-48bf-9def-f8eae8db79ee,view,BOOK_004,0.0,2026-08-24T20:39:17.935580
07974040-0d6e-4dd2-a06d-09236cb2f439,view,CLTH_026,0.0,2026-08-28T18:15:56.937551
45be79ad-8040-4559-be25-1a4737d5bdec,cart,SPRT_028,97.03,2026-08-24 20:46:04.247916
fc029a04-be52-486b-8b8f-0f1b173d81fb,view,SPRT_028,0.0,2026-08-24T20:25:02.610608
7a84b978-cc6b-49c8-8bba-b1f87d39615a,view,CLTH_025,0.0,2026-08-24 22:05:38.253989
dca944a7-0934-422f-a615-4a2ae9dbac65,view,FOOD_004,0.0,2026-08-22T17:04:40.324436
097603f7-ef8e-4380-83ce-337ce6b52a59,view,BOOK_029,0.0,2026-08-24 22:31:46.883830
7c876903-8503-4e64-91da-9f12ea161fac,view,ELEC_006,0.0,2026-08-24 21:59:29.234111
15371891-3d67-4bbe-a227-0aa843960503,view,CLTH_011,0.0,2026-08-24 22:09:20.023353
db7f8eee-9b64-455b-9ada-7be2b9d2a40c,purchase,BOOK_004,34.01,2026-08-15 19:48:00.035197
204cd583-e18f-4356-afbd-560a95e5e55d,purchase,CLTH_016,288.39,2026-08-24 20:23:10.470754
0edab1bf-3255-4636-8c77-d72d54ebaa4a,purchase,CLTH_022,115.58,2026-08-20T21:20:21.676412
07974040-0d6e-4dd2-a06d-09236cb2f439,view,BOOK_029,0.0,2026-08-24 22:18:30.371355
15371891-3d67-4bbe-a227-0aa843960503,view,BOOK_025,0.0,2026-08-24 22:24:55.925672
fb5c4430-55ab-46c5-9e83-bae524560811,cart,CLTH_006,116.65,2026-08-24 19:40:53.877060
fc18b9b9-0790-45c2-9bd4-39c8c166b7ff,view,BOOK_019,0.0,2026-08-24T23:22:55.270583
18af9202-01b4-42d9-a7a8-a3fd40d77ea7,view,FOOD_029,0.0,2026-08-24T21:11:01.116739
fbaa2ea2-fc17-4c57-98ac-31d261b20f90,view,ELEC_023,0.0,2026-08-24T19:48:41.484231
544c32f4-a10e-44ff-a0d5-6f8b523e593a,view,SPRT_029,0.0,2026-08-18T18:49:48.800471
1d21b537-35e3-49e4-ad04-fb64e3a6b0d7,view,FOOD_005,0.0,2026-08-22 17:11:49.073579
6a581879-1f83-493a-9878-091eb0021ada,view,SPRT_024,0.0,2026-08-24 07:51:24.167825
65bdd5f8-4652-4a5f-aa90-ed5cbed78e68,view,ELEC_006,0.0,2026-08-28 18:14:53.923499
7e12728f-8e77-4093-b21e-7650a323fb12,view,CLTH_005,0.0,2026-08-24 22:30:07.207379
85a19fd8-54ae-4ace-a4dc-55c4ce3993ce,view,BOOK_018,0.0,2026-08-24 23:02:06.385570
ddc313fb-bc63-47e5-ac3f-b9d1d5a703a1,view,FOOD_024,0.0,2026-08-24 21:59:01.591680
01c8f8b9-4fbf-44a7-8919-178beaceb074,view,SPRT_005,0.0,2026-08-23 19:45:28.440392
e0fd2345-d654-4429-9d48-e2b1544bc0ee,view,SPRT_030,0.0,2026-08-19 23:35:01.330003
204cd583-e18f-4356-afbd-560a95e5e55d,view,CLTH_029,0.0,2026-08-24 20:17:19.800841
ecef0a71-9256-43e0-bf92-91fc8ffffcf4,cart,CLTH_005,109.78,2026-08-24 19:37:49.497303
9ea41e68-c710-4b07-b2ae-6bbf22342547,cart,SPRT_021,358.71,2026-08-24T20:47:04.412059
e520f38d-6d20-43be-ac04-26f7b8d044bb,view,ELEC_027,0.0,2026-08-18 19:22:13.109024
cfbb7b9b-061e-4731-bff1-1ae6f010648a,view,BOOK_007,0.0,2026-08-24T19:46:05.141175
38c90e9e-a827-4bae-9a22-50c3d3ae002c,view,FOOD_012,0.0,2026-08-20 21:08:02.846853
838d67a1-4adc-4bef-834d-defa67fe3762,view,FOOD_029,0.0,2026-08-24 22:25:46.918911
fb452d33-32d2-4fc8-a50d-278f74455526,view,ELEC_012,0.0,2026-08-23T19:53:27.124476
b3b7ea67-75e4-433b-a906-fd0202ed49b3,view,FOOD_030,0.0,2026-08-24T22:45:48.300540
1342dc6b-765d-46f2-b62a-ae0cc1bedb78,purchase,SPRT_018,149.43,2026-08-24 21:57:41.717030
e04bc446-eef1-4a6c-bdd3-722ed841b5b0,view,CLTH_003,0.0,2026-08-24 22:29:10.665459
e7011402-63aa-4b75-87a9-67546325bcab,purchase,BOOK_010,72.41,2026-08-24 22:58:37.664460
f0990893-bc9c-4914-b4e9-26579efdae9c,view,CLTH_026,0.0,2026-08-18 19:18:02.902473
718814b5-9a30-4643-8cfb-a460a60999ba,view,CLTH_014,0.0,2026-08-24 19:58:51.403326
dfcc5694-8acb-4c2d-b506-2b27c83b45a2,view,CLTH_005,0.0,2026-08-20 21:18:57.373365
c8dffba8-f979-4950-9e7a-d9a5f39abcf6,view,BOOK_025,0.0,2026-08-23 19:39:20.163225
a8b5f893-6a56-4f9f-b429-038b5a69def7,view,CLTH_010,0.0,2026-08-24 20:44:40.894021
eedeb7be-443c-4607-a98b-a6928f11d578,view,ELEC_001,0.0,2026-08-22 17:42:39.854921
b4a0963f-da4e-401b-b39a-2668f972529c,view,SPRT_028,0.0,2026-08-24 20:21:15.989897
45be79ad-8040-4559-be25-1a4737d5bdec,view,FOOD_003,0.0,2026-08-24 19:42:21.658251
7c2e1788-86da-4c9e-8f5a-63e49fc287ed,view,FOOD_003,0.0,2026-08-19 23:21:00.035556
65c76bd2-c4c5-4ead-bb07-d1518810d424,view,ELEC_013,0.0,2026-08-24 20:34:03.510022
9f729b04-6f80-4dae-9824-921396cc0ee2,purchase,BOOK_023,19.77,2026-08-24 19:59:01.911246
51d3a51e-39d5-4fa8-ad25-bc0cc1c2a3a8,view,BOOK_010,0.0,2026-08-20 21:52:44.971204
046701a6-5a53-43dc-aa26-d68a19f6cb9e,view,CLTH_028,0.0,2026-08-18 19:06:00.624640
7cecad85-4914-4af5-863e-309987695976,view,CLTH_030,0.0,2026-08-24 22:11:45.232247
911f18bb-7379-4bbe-b85b-b8bf25af64bf,view,CLTH_022,0.0,2026-08-18 19:16:01.073755
097603f7-ef8e-4380-83ce-337ce6b52a59,view,BOOK_012,0.0,2026-08-24 22:47:40.433386
07e00408-a9f3-4a26-bb10-653e27ee1d69,view,SPRT_030,0.0,2026-08-24 22:14:07.590805
07974040-0d6e-4dd2-a06d-09236cb2f439,view,FOOD_002,0.0,2026-08-24 22:48:55.873799
3c8208eb-982f-4c25-aeb6-1d676d8c95fd,view,CLTH_017,0.0,2026-08-23T19:40:14.470249
53cf9005-c315-44bf-8b90-ee836dc0ab1f,cart,CLTH_012,89.95,2026-08-23 19:49:34.982298
6faa3f2f-4722-4384-8e2e-1ba697d518a4,purchase,CLTH_008,71.46,2026-08-18T18:54:33.401054
c6da6198-1302-4f3b-98d8-59f524206a5a,view,CLTH_019,0.0,2026-08-24 20:03:35.196364
559449e8-4daf-4cae-863c-369e59d25d8b,view,ELEC_010,0.0,2026-08-24T20:53:06.677533
e7011402-63aa-4b75-87a9-67546325bcab,view,ELEC_008,0.0,2026-08-24T22:56:33.679007
7c53ddd0-71fe-4919-a4fe-86d633a58eee,view,SPRT_001,0.0,2026-08-24T22:21:08.377774
7e6c74b6-e963-4328-83a5-602d2af48d1f,view,BOOK_021,0.0,2026-08-28T18:23:59.946793
65bdd5f8-4652-4a5f-aa90-ed5cbed78e68,cart,ELEC_014,258.08,2026-08-28 18:08:47.219415
7cecad85-4914-4af5-863e-309987695976,view,CLTH_020,0.0,2026-08-24 22:59:08.832605
6c42b183-6d7f-4eed-9a19-89815e3d0919,view,BOOK_028,0.0,2026-08-24 22:56:15.269040
fb452d33-32d2-4fc8-a50d-278f74455526,view,FOOD_028,0.0,2026-08-24T20:10:00.586865
fc663667-5a7c-4583-8210-a39d89c8784d,view,CLTH_008,0.0,2026-08-18 18:51:56.109646
5fd25fd1-437c-46b3-9a39-aa545fcef320,cart,FOOD_015,33.33,2026-08-24 19:36:17.098873
c6da6198-1302-4f3b-98d8-59f524206a5a,view,CLTH_009,0.0,2026-08-24 20:14:23.258447
71f3d5de-38b0-4ad5-ad46-2524000b3c16,view,BOOK_001,0.0,2026-08-19 23:34:20.215496
06ef8987-2209-4f91-b32e-b826d451f567,cart,CLTH_005,30.79,2026-08-18 18:48:10.686780
27ab56fc-882d-4198-a735-9f9394cf678a,view,CLTH_013,0.0,2026-08-20T21:10:31.181760
af8c3802-1e97-4ac1-a05e-a064dc9a598f,view,SPRT_007,0.0,2026-08-18 19:04:21.780896
07e00408-a9f3-4a26-bb10-653e27ee1d69,purchase,ELEC_015,906.95,2026-08-24 21:43:17.400628
8d2e8c22-0f58-489e-84d3-59c68d8c63a5,view,CLTH_009,0.0,2026-08-18T18:54:29.664569
e7011402-63aa-4b75-87a9-67546325bcab,view,ELEC_007,0.0,2026-08-24 21:50:04.242655
71f3d5de-38b0-4ad5-ad46-2524000b3c16,purchase,BOOK_024,54.54,2026-08-19 23:24:21.070755
fb5c4430-55ab-46c5-9e83-bae524560811,view,FOOD_017,0.0,2026-08-24 19:59:47.993388
23e6833c-1e9f-4546-9ca2-5392b29eeb0c,view,BOOK_024,0.0,2026-08-22T17:55:55.362199
395e36e8-c321-48f4-9ed8-88acf120a760,view,FOOD_021,0.0,2026-08-18 19:16:35.888762
d8955fd2-ab39-4aaa-aa00-af2f627b88eb,view,FOOD_011,0.0,2026-08-28T18:24:43.772723
d30fc382-e140-48b8-8038-bd17100271c2,view,ELEC_021,0.0,2026-08-22 17:56:25.815515
911f18bb-7379-4bbe-b85b-b8bf25af64bf,view,FOOD_016,0.0,2026-08-18 19:18:03.786101
807ffd32-2ef3-4a31-a89a-238c366b264b,view,CLTH_007,0.0,2026-08-24 23:09:26.520681
7a84b978-cc6b-49c8-8bba-b1f87d39615a,view,CLTH_025,0.0,2026-08-24 23:06:33.193329
fc18b9b9-0790-45c2-9bd4-39c8c166b7ff,view,FOOD_015,0.0,2026-08-20T21:24:03.700437
ecb51178-8afe-4ba9-bd61-87e0a416554b,cart,ELEC_023,296.03,2026-08-18 19:15:05.949754
3fb2fa2a-b4d2-485d-acd8-9cc11c7a142c,view,BOOK_001,0.0,2026-08-24T19:55:27.658392
06ef8987-2209-4f91-b32e-b826d451f567,view,CLTH_020,0.0,2026-08-18 18:54:15.599288
dcd98015-a110-4e4e-bffd-2db821ce770a,view,CLTH_020,0.0,2026-08-20T21:42:38.456608
103b446e-bac3-42b5-96ca-727662d099e1,view,ELEC_029,0.0,2026-08-22T17:41:36.006792
6faa3f2f-4722-4384-8e2e-1ba697d518a4,view,ELEC_013,0.0,2026-08-18 19:00:25.082177
718814b5-9a30-4643-8cfb-a460a60999ba,view,FOOD_003,0.0,2026-08-24 20:03:56.489401
f11171cf-dcb7-41e6-88b3-5078456085ff,view,BOOK_029,0.0,2026-08-18 18:49:08.067521
7cecad85-4914-4af5-863e-309987695976,cart,CLTH_028,105.18,2026-08-24 22:07:55.746541
911f18bb-7379-4bbe-b85b-b8bf25af64bf,cart,CLTH_018,110.58,2026-08-18 19:16:01.020379
667c54aa-2a15-439e-9d2b-29339b87e1b4,view,ELEC_017,0.0,2026-08-22T17:38:27.077753
1d21b537-35e3-49e4-ad04-fb64e3a6b0d7,cart,BOOK_011,45.11,2026-08-22 17:08:27.476603
718814b5-9a30-4643-8cfb-a460a60999ba,view,BOOK_020,0.0,2026-08-24 19:50:23.593005
af8c3802-1e97-4ac1-a05e-a064dc9a598f,view,CLTH_023,0.0,2026-08-18 18:51:08.259235
0f4db5c7-beaf-4757-b8cf-f156b73fe4d5,view,SPRT_011,0.0,2026-08-20 22:03:09.751368
3c8208eb-982f-4c25-aeb6-1d676d8c95fd,view,BOOK_016,0.0,2026-08-20 21:39:36.442631
fc029a04-be52-486b-8b8f-0f1b173d81fb,view,SPRT_009,0.0,2026-08-18 19:16:47.261519
292aa98d-2159-46e5-86b7-ebb3da08accd,view,FOOD_010,0.0,2026-08-24T22:11:00.473962
85a19fd8-54ae-4ace-a4dc-55c4ce3993ce,cart,BOOK_019,31.19,2026-08-24 21:57:09.609667
3eae1b1f-da2f-40b7-883b-ad6d9a3673eb,view,CLTH_004,0.0,2026-08-24 22:53:23.124843
fbc03b87-c84c-4ae3-872c-c3f001033c41,cart,SPRT_011,71.82,2026-08-18 18:44:51.678575
d8955fd2-ab39-4aaa-aa00-af2f627b88eb,view,CLTH_029,0.0,2026-08-16T16:40:53.270057
9d82dbcc-f68b-4045-b84a-79b4d7103eeb,cart,FOOD_014,68.31,2026-08-24T20:16:48.833618
fcd6fe57-c144-4e2e-a82f-44cb7df85d3f,view,BOOK_026,0.0,2026-08-24T22:30:05.672022
151d1b6b-31e9-4c3a-98ee-7ebc527bc572,view,SPRT_016,0.0,2026-08-28T18:22:43.290641
c6ad3b1a-879f-46e9-b4df-c61479de62ea,view,ELEC_018,0.0,2026-08-28T18:23:59.223409
65c76bd2-c4c5-4ead-bb07-d1518810d424,view,BOOK_010,0.0,2026-08-24T22:23:55.874698
fb5c4430-55ab-46c5-9e83-bae524560811,view,CLTH_018,0.0,2026-08-24T23:05:13.913261
dd0c2035-e21b-4a2f-aa23-2bb8b37e125d,view,FOOD_001,0.0,2026-08-22 17:16:26.826326
14652829-4c93-49cc-ac11-1084b352dbf8,view,BOOK_022,0.0,2026-08-24 23:22:39.008456
1d21b537-35e3-49e4-ad04-fb64e3a6b0d7,purchase,SPRT_027,358.04,2026-08-22 17:02:34.071967
6c42b183-6d7f-4eed-9a19-89815e3d0919,view,ELEC_004,0.0,2026-08-24 22:40:02.129634
4bcc35c7-0c0f-40c6-81ef-9290c390c8ae,view,BOOK_013,0.0,2026-08-18T19:00:19.660241
9b70e162-3f36-46cd-87f4-65153d82f93c,view,ELEC_015,0.0,2026-08-24T21:37:54.472694
7c876903-8503-4e64-91da-9f12ea161fac,view,ELEC_020,0.0,2026-08-24 22:12:43.925424
16a45d1c-fcb0-44ee-be9c-1c14c693e1c8,cart,CLTH_002,81.2,2026-08-24 20:00:47.819812
fcd6fe57-c144-4e2e-a82f-44cb7df85d3f,view,CLTH_024,0.0,2026-08-24T21:56:27.815858
1342dc6b-765d-46f2-b62a-ae0cc1bedb78,view,SPRT_010,0.0,2026-08-24 22:07:35.902592
acececef-4ab4-44e7-8ba4-dc1b3db1b57b,view,BOOK_030,0.0,2026-08-19 23:30:15.997300
ff8790c1-759e-4f9e-bb08-6f9a3d420448,view,FOOD_018,0.0,2026-08-15 19:42:10.539047
e2c33043-9769-445e-bba4-3c9295d886e7,view,SPRT_006,0.0,2026-08-24T22:55:59.576955
046701a6-5a53-43dc-aa26-d68a19f6cb9e,cart,CLTH_002,30.28,2026-08-18 18:45:53.386834
fc18b9b9-0790-45c2-9bd4-39c8c166b7ff,view,ELEC_019,0.0,2026-08-16 10:43:22.915323
69ac5a58-9bcc-4f4b-bdd5-baea8549f46e,view,CLTH_009,0.0,2026-08-18 18:59:12.131399
93a77f89-bfd1-4c5d-9caf-af8b44e15eb1,view,ELEC_016,0.0,2026-08-24T23:11:01.630062
fc663667-5a7c-4583-8210-a39d89c8784d,view,CLTH_011,0.0,2026-08-18 19:06:32.069617
16a45d1c-fcb0-44ee-be9c-1c14c693e1c8,view,CLTH_030,0.0,2026-08-24 20:16:24.013390
980e4d69-7354-43f4-bc44-99fc0146226f,cart,CLTH_002,195.06,2026-08-16 10:45:02.902941
7cecad85-4914-4af5-863e-309987695976,view,CLTH_004,0.0,2026-08-24 22:54:22.282150
5170d1a9-568e-4884-8b9a-e998a6411fc9,view,SPRT_006,0.0,2026-08-22 17:40:30.408806
0a2f3d10-ae64-4472-a673-478e6650e204,view,ELEC_006,0.0,2026-08-18T19:01:25.737427
ecb51178-8afe-4ba9-bd61-87e0a416554b,view,CLTH_018,0.0,2026-08-19T23:24:29.372378
c56998f4-a438-484c-8b0c-b80c399f6fcd,purchase,BOOK_020,70.75,2026-08-24 19:37:57.911127
2ca3ba80-c4ea-48a9-9d49-ec547b2177a2,view,CLTH_024,0.0,2026-08-18 19:17:26.630776
1683fa13-caae-47d0-876d-5cd63161b109,view,FOOD_029,0.0,2026-08-20T21:17:43.396251
2123f5ae-14df-4e5d-92db-1157b83c002d,view,CLTH_018,0.0,2026-08-19 23:23:03.756222
fc18b9b9-0790-45c2-9bd4-39c8c166b7ff,view,ELEC_007,0.0,2026-08-16 10:36:19.999422
bd22f4c4-5268-45d9-9243-8d72683946f2,view,SPRT_020,0.0,2026-08-24T23:21:42.833102
2d7c90c3-0788-41c8-b160-06e19f4406f6,view,FOOD_016,0.0,2026-08-24 21:38:38.882854
fcdb2a08-2878-4a68-8159-6952bf2ae28f,view,FOOD_024,0.0,2026-08-24T23:14:04.007860
23563557-5b65-4775-84d2-cd11d7916afb,cart,SPRT_002,239.12,2026-08-20 21:26:22.618079
b43786c5-4ef6-4017-a344-22b26bcbd3c5,cart,SPRT_005,143.94,2026-08-24 21:10:10.257142
c6da6198-1302-4f3b-98d8-59f524206a5a,view,CLTH_020,0.0,2026-08-24 19:52:53.026632
b4a0963f-da4e-401b-b39a-2668f972529c,view,SPRT_030,0.0,2026-08-24 20:48:27.377569
5ecfc98a-922a-4821-a19c-74739ea9d49c,purchase,CLTH_019,138.09,2026-08-24 22:18:28.291488
c32d47d5-9419-46e9-8af8-3ed6aa710c89,view,SPRT_016,0.0,2026-08-22 17:41:57.796076
45be79ad-8040-4559-be25-1a4737d5bdec,view,SPRT_007,0.0,2026-08-24 21:23:57.721993
2de07fdd-8b53-4691-a8aa-c355b7716a3e,view,CLTH_002,0.0,2026-08-18 19:07:04.642852
9ea41e68-c710-4b07-b2ae-6bbf22342547,purchase,ELEC_001,317.1,2026-08-22T17:45:48.605094
27ab56fc-882d-4198-a735-9f9394cf678a,view,BOOK_029,0.0,2026-08-18 19:18:38.029575
07e00408-a9f3-4a26-bb10-653e27ee1d69,cart,CLTH_022,25.34,2026-08-24 22:57:17.862154
103b446e-bac3-42b5-96ca-727662d099e1,view,SPRT_014,0.0,2026-08-20 21:25:52.668778
1fae450e-c559-4b3b-b193-0e83995bc876,view,ELEC_027,0.0,2026-08-18 19:20:12.967174
c43f920e-ad55-4f24-936b-9cbd31f69e37,view,CLTH_030,0.0,2026-08-20 21:57:03.084038
14652829-4c93-49cc-ac11-1084b352dbf8,purchase,SPRT_026,296.05,2026-08-24 21:30:53.738132
9ea41e68-c710-4b07-b2ae-6bbf22342547,view,CLTH_019,0.0,2026-08-16 10:36:08.443799
b2494169-7cd1-450a-9a6a-5bd5ce40d2fb,purchase,BOOK_004,14.45,2026-08-24 23:10:54.039547
28dee375-acb0-4efe-91a1-27bd967ca56b,view,BOOK_028,0.0,2026-08-23T19:43:51.940550
ca8a018c-1d30-4a4d-9da7-20f5ae4514e1,cart,BOOK_008,7.18,2026-08-23T19:37:02.844468
1683fa13-caae-47d0-876d-5cd63161b109,view,BOOK_024,0.0,2026-08-24T19:48:09.925881
151d1b6b-31e9-4c3a-98ee-7ebc527bc572,cart,SPRT_022,307.28,2026-08-22 17:41:15.266429
14652829-4c93-49cc-ac11-1084b352dbf8,view,BOOK_028,0.0,2026-08-24 22:52:24.615265
194d41b2-19c9-4faa-8a3b-c33649c1679f,view,BOOK_002,0.0,2026-08-23T19:35:28.815925
559449e8-4daf-4cae-863c-369e59d25d8b,view,CLTH_027,0.0,2026-08-20T21:17:12.372256
103b446e-bac3-42b5-96ca-727662d099e1,cart,FOOD_020,77.49,2026-08-20 21:09:23.690553
3ad97fa8-650a-449e-819a-7461929db15a,view,BOOK_019,0.0,2026-08-24T19:53:54.574060
69ac5a58-9bcc-4f4b-bdd5-baea8549f46e,cart,ELEC_002,715.42,2026-08-22T17:05:13.437086
d0ee500b-2986-4393-8222-e3a34f6829c5,view,SPRT_008,0.0,2026-08-22 17:42:59.610488
fb5c4430-55ab-46c5-9e83-bae524560811,view,BOOK_009,0.0,2026-08-24 20:05:17.849083
7a84b978-cc6b-49c8-8bba-b1f87d39615a,view,CLTH_026,0.0,2026-08-24 22:20:56.966518
653709fa-a965-4975-9c69-451df40148e0,view,FOOD_007,0.0,2026-08-20T21:24:36.317871
27a943f0-74c1-47d4-a697-2bf5d20625d8,view,CLTH_006,0.0,2026-08-24 21:12:59.037453
fbc03b87-c84c-4ae3-872c-c3f001033c41,view,SPRT_012,0.0,2026-08-18 18:44:51.785166
8889c320-1f19-4bac-9c31-b9218acbf5b5,view,ELEC_004,0.0,2026-08-24 22:59:07.851740
14652829-4c93-49cc-ac11-1084b352dbf8,view,BOOK_011,0.0,2026-08-24 22:25:51.093193
51d3a51e-39d5-4fa8-ad25-bc0cc1c2a3a8,view,BOOK_014,0.0,2026-08-23T19:37:02.398477
80a44646-6c7e-488e-8f96-dda9667f62bf,view,BOOK_017,0.0,2026-08-24 20:20:01.649426
7cecad85-4914-4af5-863e-309987695976,view,CLTH_024,0.0,2026-08-24 22:41:15.517748
204cd583-e18f-4356-afbd-560a95e5e55d,view,FOOD_019,0.0,2026-08-24 19:46:02.301867
e9af50c7-3916-48bf-9def-f8eae8db79ee,purchase,BOOK_024,38.83,2026-08-24 19:57:11.396057
07e00408-a9f3-4a26-bb10-653e27ee1d69,view,SPRT_008,0.0,2026-08-24 23:16:59.540476
77765993-45c5-4be1-9161-1885f032fc20,view,FOOD_008,0.0,2026-08-23T19:38:06.855932
4eca1658-9c92-4d94-98cf-ac4413183c56,view,FOOD_014,0.0,2026-08-24T20:10:01.145087
ddc313fb-bc63-47e5-ac3f-b9d1d5a703a1,view,CLTH_006,0.0,2026-08-24 22:31:59.524504
204cd583-e18f-4356-afbd-560a95e5e55d,cart,CLTH_022,86.33,2026-08-24 21:11:16.206879
204cd583-e18f-4356-afbd-560a95e5e55d,view,CLTH_027,0.0,2026-08-24 19:44:11.063280
2d7c90c3-0788-41c8-b160-06e19f4406f6,view,FOOD_029,0.0,2026-08-24 23:23:21.509122
e2c33043-9769-445e-bba4-3c9295d886e7,cart,BOOK_002,42.36,2026-08-20 21:32:23.290170
1916909e-6c68-4b12-a792-b099fef763bb,view,BOOK_021,0.0,2026-08-16 10:46:28.417027
5fd25fd1-437c-46b3-9a39-aa545fcef320,view,FOOD_024,0.0,2026-08-24 19:42:29.518981
667c54aa-2a15-439e-9d2b-29339b87e1b4,cart,FOOD_017,47.02,2026-08-18 19:20:29.432500
79486124-ceb2-4f91-bf0f-378b69ecb64c,cart,ELEC_029,264.4,2026-08-22 17:25:26.957611
b42cbda4-175b-43b3-b494-d6e9be8d779f,view,SPRT_020,0.0,2026-08-23T19:43:52.144766
e04bc446-eef1-4a6c-bdd3-722ed841b5b0,view,SPRT_006,0.0,2026-08-24 22:45:45.184124
ddc313fb-bc63-47e5-ac3f-b9d1d5a703a1,view,CLTH_027,0.0,2026-08-24 22:04:00.689317
838d67a1-4adc-4bef-834d-defa67fe3762,view,FOOD_011,0.0,2026-08-24 22:47:49.887624
65bdd5f8-4652-4a5f-aa90-ed5cbed78e68,view,ELEC_020,0.0,2026-08-28 18:14:54.143737
1fae450e-c559-4b3b-b193-0e83995bc876,view,ELEC_017,0.0,2026-08-18 19:15:51.216137
1de6f679-4161-4b5c-bd73-1f6f9760878f,cart,FOOD_028,68.78,2026-08-28T18:24:40.759858
fcdb2a08-2878-4a68-8159-6952bf2ae28f,view,BOOK_012,0.0,2026-08-22 17:35:41.013454
b32648f7-5c8a-4360-9d8d-e4d9d9c805e6,view,SPRT_027,0.0,2026-08-20 21:58:22.324463
103b446e-bac3-42b5-96ca-727662d099e1,view,SPRT_010,0.0,2026-08-24T19:45:33.719504
6a581879-1f83-493a-9878-091eb0021ada,purchase,FOOD_028,21.49,2026-08-24T22:13:50.365093
18af9202-01b4-42d9-a7a8-a3fd40d77ea7,view,SPRT_023,0.0,2026-08-24T23:01:12.832063
204cd583-e18f-4356-afbd-560a95e5e55d,view,CLTH_017,0.0,2026-08-24 19:38:45.761927
b43786c5-4ef6-4017-a344-22b26bcbd3c5,cart,SPRT_019,328.56,2026-08-24 20:20:07.761800
7533f6a3-2d5e-454c-a7d4-5a213a566a6a,cart,SPRT_030,365.2,2026-08-22T17:11:08.533340
204cd583-e18f-4356-afbd-560a95e5e55d,purchase,CLTH_023,138.51,2026-08-24 20:04:25.611736
b568b56b-df03-4a6f-ae89-4908c2685971,view,SPRT_014,0.0,2026-08-24T20:24:58.977261
9ea41e68-c710-4b07-b2ae-6bbf22342547,view,SPRT_024,0.0,2026-08-22T17:39:28.882303
1f1fb1c5-8a0f-4b64-8261-f51ffc33db1f,cart,ELEC_028,176.2,2026-08-22T17:05:16.295628
c6b1433c-fd3a-4b37-a002-e3213ac67574,purchase,FOOD_002,70.5,2026-08-24 21:40:53.703005
9f5699e8-c821-4444-b570-668a4eedcb12,view,FOOD_016,0.0,2026-08-19 23:31:50.622511
ddc313fb-bc63-47e5-ac3f-b9d1d5a703a1,view,ELEC_025,0.0,2026-08-24 23:08:39.877550
82a1487d-2323-45c1-9468-a6f88d47a779,view,FOOD_026,0.0,2026-08-24 20:13:14.848782
91f30dc2-d42e-403d-8f92-452cf0c2e83b,view,BOOK_021,0.0,2026-08-28T18:12:20.634326
653709fa-a965-4975-9c69-451df40148e0,view,SPRT_024,0.0,2026-08-24T22:56:33.207497
5fd25fd1-437c-46b3-9a39-aa545fcef320,purchase,FOOD_020,76.12,2026-08-24 20:01:25.319145
3eae1b1f-da2f-40b7-883b-ad6d9a3673eb,view,CLTH_016,0.0,2026-08-24 22:06:31.407354
66f9e642-1674-468a-884b-55c6f9a06472,cart,ELEC_002,765.48,2026-08-18 18:46:52.804151
54dbe932-4af2-4f72-a46d-126eccaec63d,view,BOOK_023,0.0,2026-08-22T17:46:53.915230
670c5e97-9826-48dd-b633-24b0d0b347c1,view,CLTH_011,0.0,2026-08-22T17:07:31.078810
caf220a7-85eb-4fa4-a33b-8c246570b167,view,ELEC_003,0.0,2026-08-24T22:38:32.762556
ddc313fb-bc63-47e5-ac3f-b9d1d5a703a1,view,CLTH_030,0.0,2026-08-24 21:28:00.058895
204cd583-e18f-4356-afbd-560a95e5e55d,view,CLTH_026,0.0,2026-08-24 19:46:34.057851
ecef0a71-9256-43e0-bf92-91fc8ffffcf4,view,CLTH_018,0.0,2026-08-24 20:53:21.559384
d0ee500b-2986-4393-8222-e3a34f6829c5,view,CLTH_013,0.0,2026-08-22 17:50:29.114313
dfcc5694-8acb-4c2d-b506-2b27c83b45a2,purchase,CLTH_022,234.45,2026-08-20 21:08:18.053448
abdf77fe-de5b-4e52-955c-aeb34086fb6c,view,ELEC_010,0.0,2026-08-24T23:11:03.305048
97fbfdf2-f064-4feb-aa62-d6344df19395,cart,CLTH_008,120.53,2026-08-16 10:38:52.340687
16a45d1c-fcb0-44ee-be9c-1c14c693e1c8,purchase,CLTH_023,228.57,2026-08-24 20:07:44.636959
c6da6198-1302-4f3b-98d8-59f524206a5a,cart,CLTH_004,35.79,2026-08-24 20:39:06.605941
07e00408-a9f3-4a26-bb10-653e27ee1d69,view,CLTH_024,0.0,2026-08-24 21:33:56.057718
e04bc446-eef1-4a6c-bdd3-722ed841b5b0,view,CLTH_022,0.0,2026-08-24 22:05:28.505680
a4dbcca0-eaa3-4f6a-91d1-a92bc00a2c19,purchase,CLTH_022,300.81,2026-08-24 21:06:41.034160
4af16b18-bb80-4ce1-83fd-eeced79f6030,view,FOOD_012,0.0,2026-08-16 16:41:25.080223
7e6c74b6-e963-4328-83a5-602d2af48d1f,view,BOOK_001,0.0,2026-08-16 10:41:32.647614
e04bc446-eef1-4a6c-bdd3-722ed841b5b0,cart,CLTH_006,110.16,2026-08-24 21:36:59.228751
9d82dbcc-f68b-4045-b84a-79b4d7103eeb,view,SPRT_023,0.0,2026-08-22 17:29:51.413568
c9613b65-fafa-42cc-9af8-32f87936384f,cart,CLTH_012,38.41,2026-08-24T20:07:42.551626
dcd98015-a110-4e4e-bffd-2db821ce770a,view,ELEC_013,0.0,2026-08-24T21:30:12.074773
b4a0963f-da4e-401b-b39a-2668f972529c,view,SPRT_017,0.0,2026-08-24 19:34:48.639648
875ce581-da9f-4374-b891-e1b0a538923e,view,CLTH_017,0.0,2026-08-20 21:47:57.214470
d0ee500b-2986-4393-8222-e3a34f6829c5,view,CLTH_005,0.0,2026-08-22 17:45:20.624574
41a5862d-9a23-4007-82f3-890ced6bb4d9,view,BOOK_019,0.0,2026-08-22 17:37:43.289038
a3634e75-35f0-488a-8732-1b93cdcb1099,view,BOOK_029,0.0,2026-08-22T17:04:40.709367
1a57d526-e419-4985-b2c6-65d021f92488,view,CLTH_026,0.0,2026-08-20 21:54:30.887596
875ce581-da9f-4374-b891-e1b0a538923e,view,SPRT_009,0.0,2026-08-23T19:51:21.292446
0bb810c4-b32d-43c2-92f3-84a8460ad2f6,view,FOOD_021,0.0,2026-08-20 21:57:17.088421
14652829-4c93-49cc-ac11-1084b352dbf8,view,BOOK_002,0.0,2026-08-24 21:36:18.232162
272d6b5f-aeca-485e-a4ba-1a5689f647ac,view,FOOD_016,0.0,2026-08-24 20:23:43.931919
ecef0a71-9256-43e0-bf92-91fc8ffffcf4,purchase,CLTH_027,215.46,2026-08-24 20:57:04.399385
e04bc446-eef1-4a6c-bdd3-722ed841b5b0,view,FOOD_026,0.0,2026-08-24 22:11:50.251204
79486124-ceb2-4f91-bf0f-378b69ecb64c,purchase,ELEC_011,447.04,2026-08-22 17:33:30.226547
559449e8-4daf-4cae-863c-369e59d25d8b,view,SPRT_006,0.0,2026-08-20 21:07:55.890167
80a44646-6c7e-488e-8f96-dda9667f62bf,view,BOOK_021,0.0,2026-08-24 20:24:56.127267
6c42b183-6d7f-4eed-9a19-89815e3d0919,cart,ELEC_003,253.39,2026-08-24T23:11:01.905705
82a1487d-2323-45c1-9468-a6f88d47a779,view,BOOK_007,0.0,2026-08-24 19:36:54.352507
18af9202-01b4-42d9-a7a8-a3fd40d77ea7,cart,ELEC_009,356.09,2026-08-20T21:12:34.210032
d06247ce-154f-44d2-a431-0e6def01535f,view,CLTH_010,0.0,2026-08-24 22:00:44.997947
3cb83936-10c1-45ed-8b78-b82ea2727b7a,view,CLTH_006,0.0,2026-08-24T19:45:02.459256
e2c33043-9769-445e-bba4-3c9295d886e7,view,BOOK_005,0.0,2026-08-24T19:49:12.724584
ff8790c1-759e-4f9e-bb08-6f9a3d420448,view,ELEC_027,0.0,2026-08-24T21:08:36.590795
2531c3a7-f6d1-496c-8395-187ec22b1cf3,view,FOOD_027,0.0,2026-08-22T17:06:57.501809
ab5beedd-73b7-43f0-8900-2fda346c8941,view,CLTH_026,0.0,2026-08-24T20:08:54.248611
b69f6df3-4ae7-4861-8236-88b969e91529,view,CLTH_005,0.0,2026-08-20 21:14:48.933378
2989c566-bd71-49e2-8d10-a60c615ee48b,view,SPRT_024,0.0,2026-08-23 19:44:23.929962
670c5e97-9826-48dd-b633-24b0d0b347c1,view,BOOK_014,0.0,2026-08-20 21:52:43.790257
272d6b5f-aeca-485e-a4ba-1a5689f647ac,cart,ELEC_019,560.57,2026-08-24 19:50:24.707084
8c1f2c4f-fcb2-4456-8fb7-b41a9931e230,view,FOOD_002,0.0,2026-08-20 21:12:06.060807
adcabb5a-9294-4e06-91d7-d5fb55987582,view,SPRT_004,0.0,2026-08-28T18:11:06.062471
dced3396-f014-4b63-b43e-ce29d91fae35,view,CLTH_027,0.0,2026-08-28T18:24:39.023793
d8955fd2-ab39-4aaa-aa00-af2f627b88eb,view,BOOK_014,0.0,2026-08-24T20:38:09.389247
ddc313fb-bc63-47e5-ac3f-b9d1d5a703a1,view,CLTH_030,0.0,2026-08-24 22:06:21.146757
66f9e642-1674-468a-884b-55c6f9a06472,view,ELEC_010,0.0,2026-08-24T21:35:08.067626
16a45d1c-fcb0-44ee-be9c-1c14c693e1c8,cart,CLTH_011,124.66,2026-08-24 20:48:53.708473
d0ee500b-2986-4393-8222-e3a34f6829c5,view,SPRT_005,0.0,2026-08-28T18:10:58.939771
2989c566-bd71-49e2-8d10-a60c615ee48b,view,SPRT_008,0.0,2026-08-23 19:44:24.239641
fc663667-5a7c-4583-8210-a39d89c8784d,view,BOOK_009,0.0,2026-08-18 18:45:12.522948
bd22f4c4-5268-45d9-9243-8d72683946f2,purchase,CLTH_007,25.44,2026-08-23 19:36:31.830049
292aa98d-2159-46e5-86b7-ebb3da08accd,view,SPRT_006,0.0,2026-08-22 17:25:15.945344
d0ee500b-2986-4393-8222-e3a34f6829c5,view,ELEC_018,0.0,2026-08-22 17:47:10.843557
16a45d1c-fcb0-44ee-be9c-1c14c693e1c8,view,CLTH_009,0.0,2026-08-24 19:46:55.190071
9d82dbcc-f68b-4045-b84a-79b4d7103eeb,view,SPRT_013,0.0,2026-08-22 17:40:21.253904
4e1b3ee7-3aba-4880-8551-3c1ff6b7eb43,view,BOOK_009,0.0,2026-08-28 18:13:08.171651
fcd6fe57-c144-4e2e-a82f-44cb7df85d3f,cart,CLTH_014,65.95,2026-08-20 21:26:32.217231
54dbe932-4af2-4f72-a46d-126eccaec63d,view,ELEC_028,0.0,2026-08-28T18:26:44.841599
838d67a1-4adc-4bef-834d-defa67fe3762,view,FOOD_002,0.0,2026-08-24 23:11:27.238000
272d6b5f-aeca-485e-a4ba-1a5689f647ac,view,ELEC_022,0.0,2026-08-24 19:52:58.153048
6c42b183-6d7f-4eed-9a19-89815e3d0919,view,ELEC_020,0.0,2026-08-24 22:28:12.482143
5ecfc98a-922a-4821-a19c-74739ea9d49c,view,FOOD_012,0.0,2026-08-24 22:07:38.976087
fb5c4430-55ab-46c5-9e83-bae524560811,cart,CLTH_003,162.02,2026-08-24 20:04:31.494577
ddc313fb-bc63-47e5-ac3f-b9d1d5a703a1,view,SPRT_011,0.0,2026-08-24 22:53:53.254114
06ef8987-2209-4f91-b32e-b826d451f567,purchase,ELEC_001,445.14,2026-08-20T21:20:55.941669
71f3d5de-38b0-4ad5-ad46-2524000b3c16,purchase,ELEC_012,642.16,2026-08-24T21:18:55.496861
718814b5-9a30-4643-8cfb-a460a60999ba,view,CLTH_012,0.0,2026-08-24 19:38:36.317623
acececef-4ab4-44e7-8ba4-dc1b3db1b57b,view,CLTH_030,0.0,2026-08-19 23:22:13.088646
a3414eda-0341-4e0d-b3fa-5e873248b36a,view,ELEC_017,0.0,2026-08-16 10:35:40.712622
b8626474-9939-4b22-b12e-52c5f4b4739c,view,ELEC_019,0.0,2026-08-18 18:54:08.837213
3cd39961-1811-4043-81ca-ab2b96896334,view,BOOK_008,0.0,2026-08-24T19:52:52.325059
7533f6a3-2d5e-454c-a7d4-5a213a566a6a,view,FOOD_007,0.0,2026-08-24T20:02:14.391078
16a45d1c-fcb0-44ee-be9c-1c14c693e1c8,purchase,CLTH_016,271.6,2026-08-24 20:00:33.510482
dca944a7-0934-422f-a615-4a2ae9dbac65,view,BOOK_002,0.0,2026-08-23T19:36:31.287013
06ef8987-2209-4f91-b32e-b826d451f567,view,BOOK_024,0.0,2026-08-24T19:45:33.335349
1db8f590-d54c-4124-ae91-abc457daf2ef,view,SPRT_018,0.0,2026-08-18 19:19:44.660554
5f70c5ad-79e7-42be-a108-76a2aa328993,view,BOOK_007,0.0,2026-08-19 23:27:14.705542
4f3b1ab5-91ca-43a2-a8bb-715dd0866ccb,view,FOOD_007,0.0,2026-08-20T21:12:03.564835
1342dc6b-765d-46f2-b62a-ae0cc1bedb78,view,ELEC_015,0.0,2026-08-24 23:07:44.574292
c8e0f50d-4298-44da-ac25-229ba2271015,cart,ELEC_010,715.03,2026-08-24T21:18:56.023818
85a19fd8-54ae-4ace-a4dc-55c4ce3993ce,purchase,FOOD_028,64.48,2026-08-24 21:54:03.007072
3c8208eb-982f-4c25-aeb6-1d676d8c95fd,view,CLTH_027,0.0,2026-08-20 21:33:32.424899
d0ee500b-2986-4393-8222-e3a34f6829c5,cart,CLTH_016,53.76,2026-08-22 17:49:53.789316
e04bc446-eef1-4a6c-bdd3-722ed841b5b0,view,CLTH_002,0.0,2026-08-24 22:47:08.052240
fb5c4430-55ab-46c5-9e83-bae524560811,cart,BOOK_014,41.92,2026-08-24 20:05:17.666938
23563557-5b65-4775-84d2-cd11d7916afb,view,SPRT_030,0.0,2026-08-24T23:10:24.263132
80a44646-6c7e-488e-8f96-dda9667f62bf,view,BOOK_019,0.0,2026-08-24 20:18:42.342476
b568b56b-df03-4a6f-ae89-4908c2685971,view,CLTH_005,0.0,2026-08-20 21:36:27.810251
0f4db5c7-beaf-4757-b8cf-f156b73fe4d5,view,SPRT_021,0.0,2026-08-20 22:00:49.311045
54dbe932-4af2-4f72-a46d-126eccaec63d,view,CLTH_013,0.0,2026-08-24T20:57:32.601132
a4dbcca0-eaa3-4f6a-91d1-a92bc00a2c19,view,CLTH_019,0.0,2026-08-24 21:21:13.020868
14652829-4c93-49cc-ac11-1084b352dbf8,view,SPRT_003,0.0,2026-08-24T23:04:40.506197
fcd6fe57-c144-4e2e-a82f-44cb7df85d3f,purchase,CLTH_006,155.45,2026-08-20 21:28:02.939264
569b2543-6e9b-4b3a-b8c1-7862801d2712,view,SPRT_022,0.0,2026-08-22T17:13:45.400162
2d7c90c3-0788-41c8-b160-06e19f4406f6,view,BOOK_020,0.0,2026-08-24 21:36:43.423368
5fd25fd1-437c-46b3-9a39-aa545fcef320,view,FOOD_005,0.0,2026-08-24 20:02:50.538384
272d6b5f-aeca-485e-a4ba-1a5689f647ac,view,ELEC_022,0.0,2026-08-24 20:57:23.707439
b568b56b-df03-4a6f-ae89-4908c2685971,view,ELEC_014,0.0,2026-08-24T19:57:02.675955
46b4a363-670a-4824-bdea-bffd85562f0b,cart,FOOD_021,63.22,2026-08-18 19:04:17.952898
0499cbb0-f1ab-4ff4-bdac-9b47815a9b3a,view,CLTH_026,0.0,2026-08-23 19:49:26.670425
32d60b7b-0ecd-4d77-ad93-8db6a14c6708,view,FOOD_017,0.0,2026-08-24T21:38:34.407424
33cba815-f157-4c79-818d-2ebbda04e88a,view,SPRT_009,0.0,2026-08-22T17:53:50.091443
3eae1b1f-da2f-40b7-883b-ad6d9a3673eb,view,CLTH_011,0.0,2026-08-24 21:44:01.150639
0f4db5c7-beaf-4757-b8cf-f156b73fe4d5,view,SPRT_022,0.0,2026-08-20 21:56:43.246872
14652829-4c93-49cc-ac11-1084b352dbf8,cart,BOOK_012,43.85,2026-08-24 22:50:43.589718
2743b6ed-fc45-4744-8bc0-3fcfbda03d36,view,ELEC_030,0.0,2026-08-24T20:13:54.992607
7cbfa99b-31eb-437d-b4e9-d5c1212be9ff,view,BOOK_022,0.0,2026-08-18T19:17:13.539618
9b7e7aee-079a-4bab-8c71-badadf83bdcd,view,SPRT_029,0.0,2026-08-20 21:26:08.528278
71757292-65b2-4a18-829d-3935df050fc0,cart,CLTH_002,77.81,2026-08-18 19:17:54.285890
2ca3ba80-c4ea-48a9-9d49-ec547b2177a2,purchase,CLTH_014,123.56,2026-08-18 19:21:49.311908
07e00408-a9f3-4a26-bb10-653e27ee1d69,view,CLTH_023,0.0,2026-08-24 22:53:27.431155
3eae1b1f-da2f-40b7-883b-ad6d9a3673eb,view,CLTH_018,0.0,2026-08-24 22:51:28.965135
54dbe932-4af2-4f72-a46d-126eccaec63d,view,ELEC_021,0.0,2026-08-24T19:51:18.398504
e2c33043-9769-445e-bba4-3c9295d886e7,view,BOOK_030,0.0,2026-08-20 21:32:23.235033
b4508ad1-61c3-4913-9b0d-9e62d1e31a6c,view,ELEC_013,0.0,2026-08-20T21:13:35.177793
bd22f4c4-5268-45d9-9243-8d72683946f2,cart,CLTH_020,197.64,2026-08-23 19:42:57.226143
718814b5-9a30-4643-8cfb-a460a60999ba,view,CLTH_016,0.0,2026-08-24 20:47:49.804593
79486124-ceb2-4f91-bf0f-378b69ecb64c,view,ELEC_027,0.0,2026-08-22 17:33:25.623196
0e5061dd-6477-4b0b-baf1-80f9eca14fcd,view,SPRT_001,0.0,2026-08-22T17:50:41.372762
7adce7be-64d4-4802-b5f9-067f8cf870b9,view,CLTH_006,0.0,2026-08-28 18:13:48.636281
c32d47d5-9419-46e9-8af8-3ed6aa710c89,view,FOOD_007,0.0,2026-08-24T20:44:17.734855
dcd98015-a110-4e4e-bffd-2db821ce770a,view,SPRT_013,0.0,2026-08-24T20:15:36.070766
9ea41e68-c710-4b07-b2ae-6bbf22342547,view,CLTH_030,0.0,2026-08-16 10:29:34.029612
5ecfc98a-922a-4821-a19c-74739ea9d49c,view,CLTH_018,0.0,2026-08-24 21:47:19.092369
e04bc446-eef1-4a6c-bdd3-722ed841b5b0,view,CLTH_008,0.0,2026-08-24 23:23:38.897419
1a57d526-e419-4985-b2c6-65d021f92488,view,CLTH_015,0.0,2026-08-20 22:02:14.081070
7c876903-8503-4e64-91da-9f12ea161fac,cart,SPRT_027,244.86,2026-08-24 21:34:29.885532
d8955fd2-ab39-4aaa-aa00-af2f627b88eb,view,BOOK_020,0.0,2026-08-15 19:38:07.970383
e7011402-63aa-4b75-87a9-67546325bcab,view,BOOK_003,0.0,2026-08-24 22:57:33.024465
ff8790c1-759e-4f9e-bb08-6f9a3d420448,view,CLTH_029,0.0,2026-08-22T17:33:45.207505
097603f7-ef8e-4380-83ce-337ce6b52a59,purchase,BOOK_019,10.06,2026-08-24 22:50:49.015819
3eae1b1f-da2f-40b7-883b-ad6d9a3673eb,view,CLTH_019,0.0,2026-08-24 22:42:42.357208
d06247ce-154f-44d2-a431-0e6def01535f,cart,CLTH_012,121.97,2026-08-24 22:06:37.878238
fcd6fe57-c144-4e2e-a82f-44cb7df85d3f,view,CLTH_020,0.0,2026-08-23T19:39:08.860421
9f5699e8-c821-4444-b570-668a4eedcb12,cart,SPRT_024,210.08,2026-08-19 23:30:05.903320
e9af50c7-3916-48bf-9def-f8eae8db79ee,purchase,BOOK_020,35.01,2026-08-24 20:12:28.097445
a4dbcca0-eaa3-4f6a-91d1-a92bc00a2c19,view,CLTH_015,0.0,2026-08-24 20:25:49.854182
01c8f8b9-4fbf-44a7-8919-178beaceb074,view,SPRT_020,0.0,2026-08-24T20:18:28.336390
5170d1a9-568e-4884-8b9a-e998a6411fc9,view,SPRT_014,0.0,2026-08-22 17:44:09.909704
59b41456-0c0c-46d0-9f3c-5fd6fe62f88a,view,SPRT_001,0.0,2026-08-24T19:44:31.256059
5ecfc98a-922a-4821-a19c-74739ea9d49c,view,BOOK_002,0.0,2026-08-24T23:13:28.882298
7cecad85-4914-4af5-863e-309987695976,view,CLTH_023,0.0,2026-08-24 21:37:02.972380
abdf77fe-de5b-4e52-955c-aeb34086fb6c,view,CLTH_009,0.0,2026-08-20 21:44:26.929393
0d5c42ed-4461-4096-8503-c9de6cbe237f,view,CLTH_012,0.0,2026-08-16 16:41:47.036704
046701a6-5a53-43dc-aa26-d68a19f6cb9e,view,CLTH_008,0.0,2026-08-18 18:59:20.540301
caf220a7-85eb-4fa4-a33b-8c246570b167,view,SPRT_030,0.0,2026-08-22T17:48:01.521210
adcabb5a-9294-4e06-91d7-d5fb55987582,purchase,BOOK_014,38.97,2026-08-18 19:07:03.615569
77765993-45c5-4be1-9161-1885f032fc20,view,ELEC_012,0.0,2026-08-22 17:32:03.410747
ecef0a71-9256-43e0-bf92-91fc8ffffcf4,view,CLTH_020,0.0,2026-08-24 20:35:46.303152
7cecad85-4914-4af5-863e-309987695976,cart,CLTH_007,174.72,2026-08-24 22:12:47.014541
8b84f738-d1da-49a1-8b35-7f03cd7992a8,view,CLTH_019,0.0,2026-08-16 16:49:29.115786
653709fa-a965-4975-9c69-451df40148e0,cart,ELEC_008,129.26,2026-08-23T19:37:35.028089
3298c361-8531-49e3-8652-5f10ff038a49,view,SPRT_002,0.0,2026-08-16 10:33:40.894670
1fae450e-c559-4b3b-b193-0e83995bc876,purchase,SPRT_010,94.94,2026-08-19T23:29:04.206861
9b7e7aee-079a-4bab-8c71-badadf83bdcd,view,SPRT_013,0.0,2026-08-20 21:18:12.496698
194d41b2-19c9-4faa-8a3b-c33649c1679f,view,FOOD_005,0.0,2026-08-22T17:31:08.436529
875ce581-da9f-4374-b891-e1b0a538923e,view,BOOK_019,0.0,2026-08-20 21:42:31.455674
9527030a-454f-418b-9265-43c29b277831,purchase,ELEC_017,56.33,2026-08-23T19:48:35.968491
e941fe3b-e99f-4add-bed3-5b4394d2ddc3,view,ELEC_025,0.0,2026-08-28 18:14:55.737036
caf220a7-85eb-4fa4-a33b-8c246570b167,view,BOOK_025,0.0,2026-08-24T20:42:36.264335
c56998f4-a438-484c-8b0c-b80c399f6fcd,view,ELEC_004,0.0,2026-08-24T21:49:45.665685
dcd98015-a110-4e4e-bffd-2db821ce770a,view,SPRT_026,0.0,2026-08-18 19:13:35.832629
1d21b537-35e3-49e4-ad04-fb64e3a6b0d7,view,BOOK_003,0.0,2026-08-22 17:00:54.300617
7cecad85-4914-4af5-863e-309987695976,view,CLTH_003,0.0,2026-08-24 22:29:25.074628
7533f6a3-2d5e-454c-a7d4-5a213a566a6a,view,FOOD_011,0.0,2026-08-23T20:03:12.980184
48fdb41c-6451-4813-9e73-3326f54170f7,view,SPRT_007,0.0,2026-08-23T19:39:09.138820
6c42b183-6d7f-4eed-9a19-89815e3d0919,view,ELEC_005,0.0,2026-08-24 22:25:54.762692
9b7e7aee-079a-4bab-8c71-badadf83bdcd,view,SPRT_006,0.0,2026-08-20 21:27:36.876903
b69f6df3-4ae7-4861-8236-88b969e91529,view,FOOD_003,0.0,2026-08-20 21:17:48.310273
8cdacff9-37d6-4442-84bc-6ae90cf25759,view,FOOD_022,0.0,2026-08-23 19:39:52.550122
4e1b3ee7-3aba-4880-8551-3c1ff6b7eb43,cart,BOOK_017,46.25,2026-08-28 18:12:58.800371
caf220a7-85eb-4fa4-a33b-8c246570b167,view,CLTH_014,0.0,2026-08-20T21:59:28.494647
84411659-75b7-4910-9038-ff90e88caadf,purchase,CLTH_001,99.83,2026-08-23 19:32:55.966021
fc18b9b9-0790-45c2-9bd4-39c8c166b7ff,view,SPRT_026,0.0,2026-08-16 10:36:36.317003
d9c0cd62-7da2-407f-b24f-c9887c0b8ae6,view,BOOK_025,0.0,2026-08-15 19:42:06.765247
7a84b978-cc6b-49c8-8bba-b1f87d39615a,view,BOOK_022,0.0,2026-08-24T21:40:17.973302
e7011402-63aa-4b75-87a9-67546325bcab,view,CLTH_011,0.0,2026-08-24 23:07:23.136229
9b70e162-3f36-46cd-87f4-65153d82f93c,cart,SPRT_015,299.36,2026-08-19 23:28:41.506946
a9ef0f29-d39b-4e19-9e9d-76779cf2469d,view,CLTH_010,0.0,2026-08-20 21:56:06.556852
a8b5f893-6a56-4f9f-b429-038b5a69def7,view,CLTH_014,0.0,2026-08-24 19:51:05.158029
9f729b04-6f80-4dae-9824-921396cc0ee2,cart,FOOD_029,50.56,2026-08-24 20:35:10.212748
c4713941-ca5c-48bf-b915-cdf679cdff13,view,ELEC_022,0.0,2026-08-22T17:31:40.436894
45be79ad-8040-4559-be25-1a4737d5bdec,view,FOOD_019,0.0,2026-08-24 19:44:54.235968
135a78d8-b64e-42f3-b81e-06a99da1379a,view,FOOD_014,0.0,2026-08-22 17:02:13.672107
b568b56b-df03-4a6f-ae89-4908c2685971,view,SPRT_030,0.0,2026-08-22T17:35:17.972680
f40f2fc0-4990-4c42-b190-23976cdaf79f,purchase,ELEC_026,1165.61,2026-08-24T19:42:55.929846
27a943f0-74c1-47d4-a697-2bf5d20625d8,view,CLTH_011,0.0,2026-08-24 20:41:00.234677
aaaa38a6-7d37-4a0f-a0ae-a18daa98f586,purchase,SPRT_020,169.46,2026-08-16 16:50:40.129304
544c32f4-a10e-44ff-a0d5-6f8b523e593a,view,SPRT_011,0.0,2026-08-23T19:44:55.225135
a3414eda-0341-4e0d-b3fa-5e873248b36a,view,ELEC_004,0.0,2026-08-16 10:28:41.322439
5ecfc98a-922a-4821-a19c-74739ea9d49c,cart,SPRT_012,383.08,2026-08-24T23:10:24.990134
fbaa2ea2-fc17-4c57-98ac-31d261b20f90,view,BOOK_002,0.0,2026-08-20 21:10:10.959483
abdf77fe-de5b-4e52-955c-aeb34086fb6c,view,SPRT_025,0.0,2026-08-28T18:17:09.032324
4fbb190d-1568-458c-b8c1-a45d7ea6f67d,cart,BOOK_022,37.03,2026-08-23T19:39:10.672749
9ea41e68-c710-4b07-b2ae-6bbf22342547,view,SPRT_021,0.0,2026-08-20T21:35:31.705274
27a943f0-74c1-47d4-a697-2bf5d20625d8,view,FOOD_013,0.0,2026-08-24T20:16:50.560531
7e12728f-8e77-4093-b21e-7650a323fb12,view,CLTH_003,0.0,2026-08-24 21:53:54.592028
16a45d1c-fcb0-44ee-be9c-1c14c693e1c8,purchase,CLTH_010,345.86,2026-08-24 21:17:32.406276
d37ca1f9-a758-4fcd-abd0-8a4b28290823,view,BOOK_009,0.0,2026-08-24T19:53:23.625027
b43786c5-4ef6-4017-a344-22b26bcbd3c5,purchase,SPRT_005,202.59,2026-08-24 20:05:52.209092
06ef8987-2209-4f91-b32e-b826d451f567,view,CLTH_022,0.0,2026-08-18 18:48:10.399201
5170d1a9-568e-4884-8b9a-e998a6411fc9,view,BOOK_013,0.0,2026-08-22 17:58:55.735504
3eae1b1f-da2f-40b7-883b-ad6d9a3673eb,purchase,CLTH_023,344.09,2026-08-24 23:14:05.982334
fb5c4430-55ab-46c5-9e83-bae524560811,view,CLTH_030,0.0,2026-08-24T21:07:55.027998
d0ee500b-2986-4393-8222-e3a34f6829c5,cart,CLTH_028,162.82,2026-08-24T20:53:42.250508
07974040-0d6e-4dd2-a06d-09236cb2f439,cart,FOOD_010,34.08,2026-08-24 22:41:01.227184
fc18b9b9-0790-45c2-9bd4-39c8c166b7ff,view,SPRT_007,0.0,2026-08-24T22:14:25.426028
b69f6df3-4ae7-4861-8236-88b969e91529,view,CLTH_018,0.0,2026-08-20 21:21:55.672167
292aa98d-2159-46e5-86b7-ebb3da08accd,view,SPRT_009,0.0,2026-08-22 18:00:21.806708
85a19fd8-54ae-4ace-a4dc-55c4ce3993ce,view,CLTH_012,0.0,2026-08-24 22:24:48.148113
06ef8987-2209-4f91-b32e-b826d451f567,view,FOOD_003,0.0,2026-08-20T21:23:01.488261
eba03b4f-7d0a-498d-a823-db63123d559a,view,CLTH_010,0.0,2026-08-19 23:22:46.360113
50e381b2-5e82-4228-ba7a-86669f6ade13,view,BOOK_020,0.0,2026-08-23T19:42:50.100500
a96f1d3a-763c-4bc2-9e7d-20d3463261d5,view,SPRT_012,0.0,2026-08-16T16:48:33.495055
27a943f0-74c1-47d4-a697-2bf5d20625d8,view,ELEC_024,0.0,2026-08-24 20:20:49.315275
b8626474-9939-4b22-b12e-52c5f4b4739c,view,CLTH_012,0.0,2026-08-24T20:57:33.198839
838d67a1-4adc-4bef-834d-defa67fe3762,view,FOOD_028,0.0,2026-08-24 21:59:12.703355
718814b5-9a30-4643-8cfb-a460a60999ba,view,CLTH_027,0.0,2026-08-24 20:47:49.622634
ecef0a71-9256-43e0-bf92-91fc8ffffcf4,view,CLTH_022,0.0,2026-08-24 20:57:04.457273
e9af50c7-3916-48bf-9def-f8eae8db79ee,purchase,BOOK_006,62.64,2026-08-24 20:57:49.203018
e9af50c7-3916-48bf-9def-f8eae8db79ee,view,BOOK_017,0.0,2026-08-24 21:04:48.953173
204cd583-e18f-4356-afbd-560a95e5e55d,view,SPRT_005,0.0,2026-08-24 21:00:25.376750
07e00408-a9f3-4a26-bb10-653e27ee1d69,view,SPRT_026,0.0,2026-08-24 23:16:59.767871
abdf77fe-de5b-4e52-955c-aeb34086fb6c,view,ELEC_004,0.0,2026-08-22T17:45:51.157873
272d6b5f-aeca-485e-a4ba-1a5689f647ac,view,ELEC_023,0.0,2026-08-24 20:29:29.252292
2de07fdd-8b53-4691-a8aa-c355b7716a3e,view,CLTH_012,0.0,2026-08-18 18:52:51.545474
ddc313fb-bc63-47e5-ac3f-b9d1d5a703a1,view,CLTH_020,0.0,2026-08-24 21:40:01.407687
7cecad85-4914-4af5-863e-309987695976,view,CLTH_017,0.0,2026-08-24 22:24:22.045624
7a84b978-cc6b-49c8-8bba-b1f87d39615a,view,CLTH_007,0.0,2026-08-24 21:40:27.029984
3eae1b1f-da2f-40b7-883b-ad6d9a3673eb,view,CLTH_002,0.0,2026-08-24 23:14:05.714450
e0fd2345-d654-4429-9d48-e2b1544bc0ee,view,CLTH_011,0.0,2026-08-22T18:04:19.069355
151d1b6b-31e9-4c3a-98ee-7ebc527bc572,view,CLTH_007,0.0,2026-08-24T22:20:01.400983
3c8208eb-982f-4c25-aeb6-1d676d8c95fd,view,CLTH_019,0.0,2026-08-20 21:42:26.268890
99e329dd-777c-4afe-bc50-366ecd0bd177,view,FOOD_019,0.0,2026-08-22 17:43:36.596798
07974040-0d6e-4dd2-a06d-09236cb2f439,purchase,FOOD_025,35.13,2026-08-24 21:40:52.569435
28dee375-acb0-4efe-91a1-27bd967ca56b,view,CLTH_011,0.0,2026-08-22 18:00:35.374115
204cd583-e18f-4356-afbd-560a95e5e55d,view,CLTH_020,0.0,2026-08-24 20:17:20.179094
0e5061dd-6477-4b0b-baf1-80f9eca14fcd,view,BOOK_001,0.0,2026-08-24T19:49:44.214545
79486124-ceb2-4f91-bf0f-378b69ecb64c,view,ELEC_022,0.0,2026-08-24T22:13:49.398656
77765993-45c5-4be1-9161-1885f032fc20,cart,FOOD_018,82.2,2026-08-24T20:16:50.971150
80fc42f8-36e7-494e-ab68-ae41fa2c75c1,view,SPRT_007,0.0,2026-08-24T22:35:09.256656
e7011402-63aa-4b75-87a9-67546325bcab,view,FOOD_026,0.0,2026-08-24T23:02:23.789653
59b41456-0c0c-46d0-9f3c-5fd6fe62f88a,view,ELEC_011,0.0,2026-08-24T19:56:31.306795
6c42b183-6d7f-4eed-9a19-89815e3d0919,view,ELEC_016,0.0,2026-08-24 21:57:20.026406
65c76bd2-c4c5-4ead-bb07-d1518810d424,view,CLTH_027,0.0,2026-08-24 19:54:23.822105
fb5c4430-55ab-46c5-9e83-bae524560811,view,FOOD_029,0.0,2026-08-24 19:43:33.442313
272d6b5f-aeca-485e-a4ba-1a5689f647ac,purchase,ELEC_022,450.64,2026-08-24 19:52:58.221492
9d82dbcc-f68b-4045-b84a-79b4d7103eeb,view,SPRT_029,0.0,2026-08-22 17:40:21.334508
54dbe932-4af2-4f72-a46d-126eccaec63d,view,CLTH_002,0.0,2026-08-16 10:36:10.825675
8889c320-1f19-4bac-9c31-b9218acbf5b5,view,ELEC_027,0.0,2026-08-24 22:03:28.226357
61887664-7787-4a05-aa10-f242d15e7b6f,view,ELEC_023,0.0,2026-08-22 17:59:45.361054
b92588da-f188-45e0-9358-9c955d88bc5a,view,SPRT_002,0.0,2026-08-20 21:17:11.285301
8cb1b203-1ae6-415f-a049-61e42090ef5e,view,ELEC_007,0.0,2026-08-22T17:45:51.166855
aaaa38a6-7d37-4a0f-a0ae-a18daa98f586,view,SPRT_002,0.0,2026-08-16 16:44:20.449167
0edab1bf-3255-4636-8c77-d72d54ebaa4a,view,FOOD_014,0.0,2026-08-28T18:14:46.278901
204cd583-e18f-4356-afbd-560a95e5e55d,view,FOOD_028,0.0,2026-08-24 19:58:01.658577
27ab56fc-882d-4198-a735-9f9394cf678a,view,BOOK_008,0.0,2026-08-18 19:16:05.563279
acececef-4ab4-44e7-8ba4-dc1b3db1b57b,cart,CLTH_022,46.03,2026-08-19 23:31:28.785301
796609d9-7739-4166-ab01-9a72c52c20a7,cart,SPRT_002,283.65,2026-08-24T23:21:02.590377
79486124-ceb2-4f91-bf0f-378b69ecb64c,view,ELEC_005,0.0,2026-08-22 17:33:25.676155
7e12728f-8e77-4093-b21e-7650a323fb12,view,BOOK_016,0.0,2026-08-24 21:49:52.281174
a169dc99-f3d9-4a6d-be74-c528e84e184c,view,FOOD_027,0.0,2026-08-18 18:53:19.209994
27a943f0-74c1-47d4-a697-2bf5d20625d8,purchase,BOOK_024,26.21,2026-08-24 20:55:37.428035
807ffd32-2ef3-4a31-a89a-238c366b264b,cart,CLTH_017,141.14,2026-08-24 22:33:21.809659
0f4db5c7-beaf-4757-b8cf-f156b73fe4d5,view,SPRT_028,0.0,2026-08-20 22:03:09.843018
dcd98015-a110-4e4e-bffd-2db821ce770a,view,ELEC_028,0.0,2026-08-24T19:52:21.548089
204cd583-e18f-4356-afbd-560a95e5e55d,view,FOOD_012,0.0,2026-08-24 19:58:01.387930
46b4a363-670a-4824-bdea-bffd85562f0b,view,SPRT_024,0.0,2026-08-28T18:11:02.959093
9f6791f7-ecb4-48c0-8d76-b8e55d160f4b,view,FOOD_017,0.0,2026-08-20 21:43:17.965588
e0cac62b-7a87-44bb-8198-dd96bc7eb6ae,purchase,FOOD_018,8.92,2026-08-20 21:36:51.769041
15371891-3d67-4bbe-a227-0aa843960503,view,CLTH_008,0.0,2026-08-24 22:48:38.886312
54dbe932-4af2-4f72-a46d-126eccaec63d,view,CLTH_030,0.0,2026-08-16 10:47:37.888004
796609d9-7739-4166-ab01-9a72c52c20a7,view,SPRT_009,0.0,2026-08-23 19:43:37.909999
e9af50c7-3916-48bf-9def-f8eae8db79ee,view,BOOK_002,0.0,2026-08-24 21:22:11.184056
6faa3f2f-4722-4384-8e2e-1ba697d518a4,view,ELEC_029,0.0,2026-08-18 18:53:24.999955
65c76bd2-c4c5-4ead-bb07-d1518810d424,view,BOOK_024,0.0,2026-08-24T22:23:55.874698
8afb9663-be21-47d5-b7bf-d549285fa584,view,CLTH_001,0.0,2026-08-28T18:17:08.217055
d83aca8e-5d41-4fc0-992e-a9dc27732931,view,ELEC_015,0.0,2026-08-22T17:30:06.836878
2123f5ae-14df-4e5d-92db-1157b83c002d,view,ELEC_014,0.0,2026-08-24T23:11:00.788714
7c876903-8503-4e64-91da-9f12ea161fac,cart,BOOK_018,24.85,2026-08-24 23:21:56.393189
9f729b04-6f80-4dae-9824-921396cc0ee2,view,FOOD_017,0.0,2026-08-24 19:59:30.819901
fc663667-5a7c-4583-8210-a39d89c8784d,view,CLTH_013,0.0,2026-08-18 18:45:18.254982
3cd39961-1811-4043-81ca-ab2b96896334,cart,SPRT_020,374.86,2026-08-16T16:41:54.084445
f45f43f0-f972-4f1b-bef3-8f2297f88dfc,view,FOOD_023,0.0,2026-08-23T19:41:17.266372
ddc313fb-bc63-47e5-ac3f-b9d1d5a703a1,cart,ELEC_012,257.09,2026-08-24 23:08:39.752073
38c90e9e-a827-4bae-9a22-50c3d3ae002c,view,FOOD_017,0.0,2026-08-20 21:08:02.827241
c6b1433c-fd3a-4b37-a002-e3213ac67574,view,FOOD_013,0.0,2026-08-24 22:45:32.165435
0bb810c4-b32d-43c2-92f3-84a8460ad2f6,view,FOOD_019,0.0,2026-08-20 22:02:10.168162
b2b6e8f7-a7a2-4a38-8be3-f154118f5196,view,BOOK_009,0.0,2026-08-22 17:56:49.911737
b3b7ea67-75e4-433b-a906-fd0202ed49b3,view,ELEC_020,0.0,2026-08-20 21:31:09.301329
06ef8987-2209-4f91-b32e-b826d451f567,cart,CLTH_001,273.09,2026-08-24T20:11:40.368086
a9ef0f29-d39b-4e19-9e9d-76779cf2469d,view,SPRT_018,0.0,2026-08-24T23:01:13.063307
5ecfc98a-922a-4821-a19c-74739ea9d49c,cart,CLTH_022,48.23,2026-08-24 21:52:39.814671
d30fc382-e140-48b8-8038-bd17100271c2,cart,ELEC_015,592.11,2026-08-22 17:47:34.772313
046701a6-5a53-43dc-aa26-d68a19f6cb9e,view,CLTH_030,0.0,2026-08-18 18:51:39.372565
097603f7-ef8e-4380-83ce-337ce6b52a59,view,BOOK_021,0.0,2026-08-24 23:06:37.656563
9f729b04-6f80-4dae-9824-921396cc0ee2,cart,CLTH_013,75.31,2026-08-24 20:59:48.224651
559449e8-4daf-4cae-863c-369e59d25d8b,view,SPRT_009,0.0,2026-08-24T20:38:08.223096
151d1b6b-31e9-4c3a-98ee-7ebc527bc572,view,BOOK_004,0.0,2026-08-24T23:02:57.465396
a8b5f893-6a56-4f9f-b429-038b5a69def7,view,BOOK_003,0.0,2026-08-24T21:14:43.101803
0f4db5c7-beaf-4757-b8cf-f156b73fe4d5,view,SPRT_008,0.0,2026-08-20 22:04:46.445056
204cd583-e18f-4356-afbd-560a95e5e55d,view,ELEC_029,0.0,2026-08-24 20:30:36.532095
8889c320-1f19-4bac-9c31-b9218acbf5b5,view,ELEC_030,0.0,2026-08-24 22:59:07.880497
a96f1d3a-763c-4bc2-9e7d-20d3463261d5,view,ELEC_002,0.0,2026-08-15 19:46:35.881920
ddc313fb-bc63-47e5-ac3f-b9d1d5a703a1,view,CLTH_011,0.0,2026-08-24 22:57:33.434421
8889c320-1f19-4bac-9c31-b9218acbf5b5,purchase,ELEC_009,195.15,2026-08-24 22:09:23.189657
a169dc99-f3d9-4a6d-be74-c528e84e184c,view,CLTH_019,0.0,2026-08-18 18:47:53.999836
3eae1b1f-da2f-40b7-883b-ad6d9a3673eb,view,CLTH_006,0.0,2026-08-24 22:25:42.649156
abdf77fe-de5b-4e52-955c-aeb34086fb6c,purchase,CLTH_007,184.1,2026-08-20 21:44:26.967177
b8a5374c-c93d-4c0c-83c8-6ecb467838ed,view,ELEC_019,0.0,2026-08-16 16:48:17.517915
07974040-0d6e-4dd2-a06d-09236cb2f439,cart,FOOD_027,12.54,2026-08-24 22:48:55.908530
66f9e642-1674-468a-884b-55c6f9a06472,view,ELEC_020,0.0,2026-08-18 18:55:00.624146
ddc313fb-bc63-47e5-ac3f-b9d1d5a703a1,view,CLTH_020,0.0,2026-08-24 21:34:39.452228
d13300b8-b21a-4b42-b229-1237697e4e3f,cart,CLTH_019,170.61,2026-08-24T21:39:10.210864
c9613b65-fafa-42cc-9af8-32f87936384f,view,BOOK_023,0.0,2026-08-24T21:07:08.794621
e0fd2345-d654-4429-9d48-e2b1544bc0ee,view,SPRT_027,0.0,2026-08-19 23:31:55.161219
7c53ddd0-71fe-4919-a4fe-86d633a58eee,view,FOOD_028,0.0,2026-08-24T20:05:28.832921
6c42b183-6d7f-4eed-9a19-89815e3d0919,view,ELEC_029,0.0,2026-08-24 23:23:06.487877
85a19fd8-54ae-4ace-a4dc-55c4ce3993ce,view,BOOK_026,0.0,2026-08-24 22:12:22.481678
a9ef0f29-d39b-4e19-9e9d-76779cf2469d,cart,SPRT_008,64.71,2026-08-24T23:01:13.063307
c6ad3b1a-879f-46e9-b4df-c61479de62ea,cart,FOOD_002,21.75,2026-08-18 18:45:01.164251
8648af4d-7a61-4fed-84ea-10895f513822,view,ELEC_017,0.0,2026-08-20 21:15:15.156971
5170d1a9-568e-4884-8b9a-e998a6411fc9,view,SPRT_015,0.0,2026-08-22 17:26:58.226397
9f729b04-6f80-4dae-9824-921396cc0ee2,purchase,BOOK_005,70.08,2026-08-24 21:19:15.862733
28dee375-acb0-4efe-91a1-27bd967ca56b,purchase,FOOD_020,32.92,2026-08-22 17:37:49.715847
aaaa38a6-7d37-4a0f-a0ae-a18daa98f586,view,SPRT_025,0.0,2026-08-16 16:50:39.976486
8de7eb13-8152-4611-a515-17ecfec46828,cart,CLTH_028,193.55,2026-08-23T19:34:25.568485
80fc42f8-36e7-494e-ab68-ae41fa2c75c1,view,BOOK_015,0.0,2026-08-20 21:17:44.958435
07974040-0d6e-4dd2-a06d-09236cb2f439,view,FOOD_021,0.0,2026-08-24 21:55:58.161328
f40f2fc0-4990-4c42-b190-23976cdaf79f,view,ELEC_015,0.0,2026-08-16 16:47:07.960057
b2494169-7cd1-450a-9a6a-5bd5ce40d2fb,cart,BOOK_002,24.55,2026-08-24 21:28:53.414799
b2494169-7cd1-450a-9a6a-5bd5ce40d2fb,view,BOOK_029,0.0,2026-08-24 22:07:27.882760
6c42b183-6d7f-4eed-9a19-89815e3d0919,cart,ELEC_022,442.2,2026-08-24 22:39:00.147928
a9924f59-2d8b-4172-8e44-ae16ad011154,purchase,SPRT_016,382.92,2026-08-24T21:49:12.682693
b32648f7-5c8a-4360-9d8d-e4d9d9c805e6,view,SPRT_007,0.0,2026-08-20 22:02:30.065132
b3b7ea67-75e4-433b-a906-fd0202ed49b3,view,ELEC_020,0.0,2026-08-20 21:37:28.983942
796609d9-7739-4166-ab01-9a72c52c20a7,view,SPRT_025,0.0,2026-08-23 19:31:46.098373
3cd39961-1811-4043-81ca-ab2b96896334,view,BOOK_012,0.0,2026-08-22T17:08:02.269530
54dbe932-4af2-4f72-a46d-126eccaec63d,view,ELEC_012,0.0,2026-08-20T21:35:01.013807
7adce7be-64d4-4802-b5f9-067f8cf870b9,view,CLTH_017,0.0,2026-08-28 18:13:36.549504
a3634e75-35f0-488a-8732-1b93cdcb1099,view,FOOD_015,0.0,2026-08-24T19:43:27.980704
272d6b5f-aeca-485e-a4ba-1a5689f647ac,cart,ELEC_003,374.5,2026-08-24 21:19:48.034548
8648af4d-7a61-4fed-84ea-10895f513822,cart,ELEC_020,337.24,2026-08-20 21:21:31.783319
1342dc6b-765d-46f2-b62a-ae0cc1bedb78,view,BOOK_026,0.0,2026-08-24T23:22:20.838730
e17430b1-f78e-48ab-b1f9-1432b3b7be18,view,CLTH_006,0.0,2026-08-28 18:10:29.181522
82a1487d-2323-45c1-9468-a6f88d47a779,view,FOOD_021,0.0,2026-08-24 20:36:53.049679
5fd25fd1-437c-46b3-9a39-aa545fcef320,view,CLTH_003,0.0,2026-08-24 19:42:08.854740
8cdacff9-37d6-4442-84bc-6ae90cf25759,view,FOOD_021,0.0,2026-08-23 19:45:06.370829
046701a6-5a53-43dc-aa26-d68a19f6cb9e,purchase,FOOD_018,89.11,2026-08-24T20:25:36.026657
a8b5f893-6a56-4f9f-b429-038b5a69def7,view,CLTH_013,0.0,2026-08-24 20:44:40.940627
07e00408-a9f3-4a26-bb10-653e27ee1d69,view,SPRT_025,0.0,2026-08-24 22:14:07.321968
b4a0963f-da4e-401b-b39a-2668f972529c,cart,SPRT_028,311.98,2026-08-24 20:37:54.503016
77fd67f5-d25c-4143-8bfe-91b94df193e1,view,BOOK_025,0.0,2026-08-18 19:21:46.740313
a3414eda-0341-4e0d-b3fa-5e873248b36a,view,ELEC_017,0.0,2026-08-16 10:44:01.463503
ddc313fb-bc63-47e5-ac3f-b9d1d5a703a1,view,CLTH_026,0.0,2026-08-24 22:19:07.675271
1363fff9-d076-4436-83e3-9a6449cff1e2,cart,FOOD_030,33.02,2026-08-20T21:36:02.375380
eedeb7be-443c-4607-a98b-a6928f11d578,view,SPRT_010,0.0,2026-08-22 17:26:09.939347
fb452d33-32d2-4fc8-a50d-278f74455526,view,SPRT_010,0.0,2026-08-20 21:31:38.645720
85a19fd8-54ae-4ace-a4dc-55c4ce3993ce,view,BOOK_013,0.0,2026-08-24 22:09:09.634084
fbc03b87-c84c-4ae3-872c-c3f001033c41,cart,SPRT_023,273.21,2026-08-24T20:25:02.062752
b3b7ea67-75e4-433b-a906-fd0202ed49b3,view,ELEC_006,0.0,2026-08-20 21:43:00.411042
a4dbcca0-eaa3-4f6a-91d1-a92bc00a2c19,cart,CLTH_023,146.89,2026-08-24 20:59:06.360462
3cd39961-1811-4043-81ca-ab2b96896334,view,BOOK_005,0.0,2026-08-22T17:57:28.108815
b2494169-7cd1-450a-9a6a-5bd5ce40d2fb,cart,BOOK_009,31.88,2026-08-24T23:17:31.733460
a4dbcca0-eaa3-4f6a-91d1-a92bc00a2c19,view,SPRT_009,0.0,2026-08-28T18:11:01.002466
8afb9663-be21-47d5-b7bf-d549285fa584,view,ELEC_026,0.0,2026-08-24T22:59:29.563536
b8a5374c-c93d-4c0c-83c8-6ecb467838ed,cart,SPRT_029,267.2,2026-08-24T21:49:12.795982
9b70e162-3f36-46cd-87f4-65153d82f93c,cart,CLTH_018,73.06,2026-08-19 23:34:41.750589
c32d47d5-9419-46e9-8af8-3ed6aa710c89,view,SPRT_017,0.0,2026-08-22 17:47:28.464701
7c876903-8503-4e64-91da-9f12ea161fac,cart,ELEC_029,389.84,2026-08-24 23:04:33.700599
d37ca1f9-a758-4fcd-abd0-8a4b28290823,view,FOOD_011,0.0,2026-08-22 17:59:18.737327
07e00408-a9f3-4a26-bb10-653e27ee1d69,view,CLTH_004,0.0,2026-08-24 22:53:06.690301
7973f2a9-cd05-4d96-a6a3-b5bcbfe5a807,view,CLTH_011,0.0,2026-08-24 20:04:43.180964
ca8a018c-1d30-4a4d-9da7-20f5ae4514e1,view,CLTH_006,0.0,2026-08-24T20:53:41.228913
16a45d1c-fcb0-44ee-be9c-1c14c693e1c8,view,SPRT_025,0.0,2026-08-24 19:50:56.107544
c32d47d5-9419-46e9-8af8-3ed6aa710c89,view,SPRT_003,0.0,2026-08-22 17:33:42.546349
ab5beedd-73b7-43f0-8900-2fda346c8941,view,BOOK_013,0.0,2026-08-24T23:04:05.613382
14652829-4c93-49cc-ac11-1084b352dbf8,view,BOOK_012,0.0,2026-08-24 22:46:05.759877
a6a3df8c-d39a-4527-8306-9fc8f5e2ac32,cart,FOOD_011,6.75,2026-08-24T22:50:19.521017
d6ea31f0-4a99-43ba-8364-82717218083c,view,SPRT_005,0.0,2026-08-16 16:47:42.649571
eba03b4f-7d0a-498d-a823-db63123d559a,purchase,CLTH_016,134.66,2026-08-19 23:32:59.584024
27a943f0-74c1-47d4-a697-2bf5d20625d8,cart,FOOD_030,7.64,2026-08-24T20:49:50.149746
d06247ce-154f-44d2-a431-0e6def01535f,cart,ELEC_005,682.26,2026-08-24 22:02:44.998902
1342dc6b-765d-46f2-b62a-ae0cc1bedb78,view,SPRT_004,0.0,2026-08-24 21:38:01.773994
82a1487d-2323-45c1-9468-a6f88d47a779,view,FOOD_009,0.0,2026-08-24 20:02:08.929783
d572cc22-f568-4269-a4ca-75bae22243da,cart,SPRT_011,131.07,2026-08-20 21:31:43.895391
a3414eda-0341-4e0d-b3fa-5e873248b36a,cart,ELEC_015,790.08,2026-08-16 10:42:50.932214
e3576704-b8db-4482-a571-018fedb94275,purchase,CLTH_022,205.67,2026-08-18T19:00:54.679261
c6da6198-1302-4f3b-98d8-59f524206a5a,view,CLTH_017,0.0,2026-08-24 20:39:06.562160
5fd25fd1-437c-46b3-9a39-aa545fcef320,view,CLTH_009,0.0,2026-08-24 19:52:42.003721
d13300b8-b21a-4b42-b229-1237697e4e3f,view,BOOK_020,0.0,2026-08-20T21:12:33.868763
14652829-4c93-49cc-ac11-1084b352dbf8,view,ELEC_022,0.0,2026-08-24 22:51:14.324190
204cd583-e18f-4356-afbd-560a95e5e55d,cart,CLTH_005,38.93,2026-08-24 20:29:26.270474
c6b1433c-fd3a-4b37-a002-e3213ac67574,view,FOOD_016,0.0,2026-08-24 22:44:23.090798
1342dc6b-765d-46f2-b62a-ae0cc1bedb78,view,SPRT_003,0.0,2026-08-24 22:03:31.034602
c4713941-ca5c-48bf-b915-cdf679cdff13,cart,ELEC_020,783.34,2026-08-20 21:53:22.227804
8fcaffd8-3597-4d9c-a4b0-7a878ba44f67,view,BOOK_021,0.0,2026-08-23T19:39:10.182610
272d6b5f-aeca-485e-a4ba-1a5689f647ac,view,ELEC_022,0.0,2026-08-24 20:57:23.774662
79486124-ceb2-4f91-bf0f-378b69ecb64c,view,ELEC_008,0.0,2026-08-22 17:33:25.527751
65bdd5f8-4652-4a5f-aa90-ed5cbed78e68,view,ELEC_001,0.0,2026-08-28 18:17:19.457112
3fb2fa2a-b4d2-485d-acd8-9cc11c7a142c,view,SPRT_023,0.0,2026-08-22T17:05:12.608114
a4dbcca0-eaa3-4f6a-91d1-a92bc00a2c19,cart,SPRT_017,380.67,2026-08-24 19:42:15.991035
b43786c5-4ef6-4017-a344-22b26bcbd3c5,view,BOOK_010,0.0,2026-08-24T21:53:04.381778
9b70e162-3f36-46cd-87f4-65153d82f93c,purchase,SPRT_025,500.72,2026-08-28T18:24:01.178685
acececef-4ab4-44e7-8ba4-dc1b3db1b57b,view,CLTH_007,0.0,2026-08-19 23:20:58.819957
fcdb2a08-2878-4a68-8159-6952bf2ae28f,cart,BOOK_004,20.23,2026-08-24T23:17:31.978020
a8b5f893-6a56-4f9f-b429-038b5a69def7,purchase,CLTH_022,220.52,2026-08-24 20:09:57.066929
10a14ce2-6a79-4e2d-b024-ab8150be7f3b,cart,FOOD_006,65.91,2026-08-20 21:58:22.877922
b4508ad1-61c3-4913-9b0d-9e62d1e31a6c,view,CLTH_028,0.0,2026-08-16 16:49:43.149562
8889c320-1f19-4bac-9c31-b9218acbf5b5,view,SPRT_004,0.0,2026-08-24 21:54:09.662576
046701a6-5a53-43dc-aa26-d68a19f6cb9e,view,CLTH_021,0.0,2026-08-18 19:00:28.273689
2b7a7e25-b43d-4e89-885b-98379448cec0,view,CLTH_009,0.0,2026-08-24T20:53:40.666342
c43f920e-ad55-4f24-936b-9cbd31f69e37,cart,FOOD_023,52.55,2026-08-24T19:58:04.821031
97fbfdf2-f064-4feb-aa62-d6344df19395,view,ELEC_022,0.0,2026-08-16 10:39:30.637614
670c5e97-9826-48dd-b633-24b0d0b347c1,purchase,BOOK_024,20.66,2026-08-20 21:59:22.663043
a169dc99-f3d9-4a6d-be74-c528e84e184c,view,SPRT_006,0.0,2026-08-18 19:02:44.944270
800f664d-f662-49db-9420-27bde33160de,view,CLTH_006,0.0,2026-08-16 10:36:16.958910
4bcc35c7-0c0f-40c6-81ef-9290c390c8ae,view,ELEC_001,0.0,2026-08-24T21:08:34.238661
3c8208eb-982f-4c25-aeb6-1d676d8c95fd,view,CLTH_007,0.0,2026-08-24T23:23:29.229954
28dee375-acb0-4efe-91a1-27bd967ca56b,view,BOOK_027,0.0,2026-08-24T21:24:28.282875
659ae273-f90a-4d3d-8e25-4ce44740dbc3,view,CLTH_019,0.0,2026-08-19 23:30:07.528342
a8b5f893-6a56-4f9f-b429-038b5a69def7,cart,CLTH_029,135.03,2026-08-24 20:31:09.896134
69ac5a58-9bcc-4f4b-bdd5-baea8549f46e,view,CLTH_016,0.0,2026-08-18 18:51:58.796790
46b4a363-670a-4824-bdea-bffd85562f0b,view,BOOK_016,0.0,2026-08-18 18:45:06.936907
8e8f1a72-9d02-4f7f-812e-28ab52b05f20,view,BOOK_007,0.0,2026-08-20 21:17:42.742304
b3b7ea67-75e4-433b-a906-fd0202ed49b3,view,FOOD_015,0.0,2026-08-24T20:00:10.375282
d30fc382-e140-48b8-8038-bd17100271c2,view,ELEC_005,0.0,2026-08-22 17:26:09.407641
5f70c5ad-79e7-42be-a108-76a2aa328993,view,BOOK_017,0.0,2026-08-19 23:27:28.613855
b43786c5-4ef6-4017-a344-22b26bcbd3c5,view,SPRT_009,0.0,2026-08-24 20:32:28.256165
85a19fd8-54ae-4ace-a4dc-55c4ce3993ce,view,BOOK_022,0.0,2026-08-24 22:53:33.764776
800f664d-f662-49db-9420-27bde33160de,cart,CLTH_012,145.93,2026-08-16 10:44:05.504045
7533f6a3-2d5e-454c-a7d4-5a213a566a6a,purchase,BOOK_016,34.72,2026-08-20 21:35:34.640850
b2494169-7cd1-450a-9a6a-5bd5ce40d2fb,view,BOOK_016,0.0,2026-08-24 21:43:17.680070
8c1f2c4f-fcb2-4456-8fb7-b41a9931e230,view,CLTH_015,0.0,2026-08-20 21:25:30.853642
c32d47d5-9419-46e9-8af8-3ed6aa710c89,view,SPRT_008,0.0,2026-08-22 17:41:57.548258
46b4a363-670a-4824-bdea-bffd85562f0b,view,BOOK_027,0.0,2026-08-18 18:54:40.388749
37d1bc22-ec4f-4251-96d1-dbe0703942a7,view,ELEC_012,0.0,2026-08-19 23:30:56.784560
9f729b04-6f80-4dae-9824-921396cc0ee2,view,CLTH_021,0.0,2026-08-24T22:43:01.346392
7cecad85-4914-4af5-863e-309987695976,view,CLTH_002,0.0,2026-08-24 22:57:26.316692
82a1487d-2323-45c1-9468-a6f88d47a779,view,FOOD_003,0.0,2026-08-24 21:18:22.205698
5170d1a9-568e-4884-8b9a-e998a6411fc9,view,CLTH_013,0.0,2026-08-22 17:28:51.873790
79486124-ceb2-4f91-bf0f-378b69ecb64c,view,ELEC_007,0.0,2026-08-22 17:46:18.650730
d30fc382-e140-48b8-8038-bd17100271c2,view,ELEC_025,0.0,2026-08-22 17:56:25.479720
80a44646-6c7e-488e-8f96-dda9667f62bf,view,BOOK_028,0.0,2026-08-24 20:14:05.438896
dca944a7-0934-422f-a615-4a2ae9dbac65,view,BOOK_026,0.0,2026-08-18 19:18:47.407831
a4dbcca0-eaa3-4f6a-91d1-a92bc00a2c19,purchase,CLTH_014,74.72,2026-08-24 19:55:21.183820
807ffd32-2ef3-4a31-a89a-238c366b264b,view,CLTH_001,0.0,2026-08-24 22:33:42.106287
3ae7f361-dd3c-4d91-9325-4b4e1a15b0bf,view,BOOK_026,0.0,2026-08-15 19:46:48.088885
54dbe932-4af2-4f72-a46d-126eccaec63d,view,CLTH_021,0.0,2026-08-16 10:36:10.757679
3fb2fa2a-b4d2-485d-acd8-9cc11c7a142c,view,SPRT_013,0.0,2026-08-19 23:33:59.060262
80a44646-6c7e-488e-8f96-dda9667f62bf,view,BOOK_022,0.0,2026-08-24 21:08:05.573442
e7011402-63aa-4b75-87a9-67546325bcab,view,FOOD_030,0.0,2026-08-24 22:48:58.346495
fc663667-5a7c-4583-8210-a39d89c8784d,view,CLTH_016,0.0,2026-08-18 18:51:56.197632
16a45d1c-fcb0-44ee-be9c-1c14c693e1c8,view,CLTH_010,0.0,2026-08-24 19:44:08.106637
65c76bd2-c4c5-4ead-bb07-d1518810d424,view,CLTH_014,0.0,2026-08-24 20:11:45.831653
f40f2fc0-4990-4c42-b190-23976cdaf79f,cart,CLTH_012,44.64,2026-08-24T19:50:15.338348
ddc313fb-bc63-47e5-ac3f-b9d1d5a703a1,view,FOOD_021,0.0,2026-08-28T18:08:04.623404
e04bc446-eef1-4a6c-bdd3-722ed841b5b0,view,CLTH_024,0.0,2026-08-24 23:12:02.749034
a169dc99-f3d9-4a6d-be74-c528e84e184c,view,BOOK_009,0.0,2026-08-18 18:47:19.401157
d114b438-0792-4d73-8753-b9578ba409a3,cart,SPRT_002,81.15,2026-08-23T19:51:54.116534
e9af50c7-3916-48bf-9def-f8eae8db79ee,view,BOOK_026,0.0,2026-08-24 19:37:24.834363
b2b6e8f7-a7a2-4a38-8be3-f154118f5196,purchase,BOOK_029,78.63,2026-08-22 17:43:00.076067
2989c566-bd71-49e2-8d10-a60c615ee48b,view,SPRT_015,0.0,2026-08-23 19:39:06.130573
e3576704-b8db-4482-a571-018fedb94275,purchase,CLTH_003,125.65,2026-08-18T18:58:46.427759
204cd583-e18f-4356-afbd-560a95e5e55d,cart,CLTH_014,149.81,2026-08-24 21:04:54.270875
8d2e8c22-0f58-489e-84d3-59c68d8c63a5,view,BOOK_002,0.0,2026-08-24T19:53:23.641723
d0ee500b-2986-4393-8222-e3a34f6829c5,view,SPRT_003,0.0,2026-08-22 17:40:08.503655
ab5beedd-73b7-43f0-8900-2fda346c8941,view,CLTH_029,0.0,2026-08-22T17:09:35.108560
71f55371-9f14-4e13-9e69-9f92146c5f85,view,SPRT_030,0.0,2026-08-23T19:36:00.227688
9b7e7aee-079a-4bab-8c71-badadf83bdcd,view,SPRT_005,0.0,2026-08-20 21:15:08.508564
3298c361-8531-49e3-8652-5f10ff038a49,view,ELEC_007,0.0,2026-08-19T23:25:30.430231
5fd25fd1-437c-46b3-9a39-aa545fcef320,view,FOOD_005,0.0,2026-08-24 20:23:08.657395
c6da6198-1302-4f3b-98d8-59f524206a5a,view,CLTH_001,0.0,2026-08-24 19:34:41.004418
fc663667-5a7c-4583-8210-a39d89c8784d,view,CLTH_023,0.0,2026-08-18 19:06:32.126313
3eae1b1f-da2f-40b7-883b-ad6d9a3673eb,view,CLTH_027,0.0,2026-08-24 22:08:52.097413
8d2e8c22-0f58-489e-84d3-59c68d8c63a5,view,BOOK_004,0.0,2026-08-16 10:32:35.827850
9ea41e68-c710-4b07-b2ae-6bbf22342547,purchase,SPRT_020,326.87,2026-08-24T20:47:04.412059
5ecfc98a-922a-4821-a19c-74739ea9d49c,view,CLTH_006,0.0,2026-08-24 22:49:25.839756
718814b5-9a30-4643-8cfb-a460a60999ba,view,CLTH_022,0.0,2026-08-24 20:21:28.451951
a169dc99-f3d9-4a6d-be74-c528e84e184c,cart,ELEC_019,220.65,2026-08-20T21:26:10.620493
ddc313fb-bc63-47e5-ac3f-b9d1d5a703a1,view,CLTH_016,0.0,2026-08-24 21:27:22.736159
559449e8-4daf-4cae-863c-369e59d25d8b,view,SPRT_027,0.0,2026-08-23T19:36:00.160769
1f1fb1c5-8a0f-4b64-8261-f51ffc33db1f,cart,CLTH_014,242.42,2026-08-23T19:38:07.079309
0d5c42ed-4461-4096-8503-c9de6cbe237f,view,CLTH_017,0.0,2026-08-16 16:39:39.619714
e0fd2345-d654-4429-9d48-e2b1544bc0ee,view,BOOK_029,0.0,2026-08-20T21:35:31.512350
6c42b183-6d7f-4eed-9a19-89815e3d0919,view,ELEC_016,0.0,2026-08-24 22:28:12.574885
d2393a76-e7aa-4917-8d1a-eaea77151dd0,view,SPRT_020,0.0,2026-08-22T17:53:18.913891
569b2543-6e9b-4b3a-b8c1-7862801d2712,cart,CLTH_026,232.12,2026-08-22T17:33:45.454916
a3634e75-35f0-488a-8732-1b93cdcb1099,view,FOOD_001,0.0,2026-08-24T20:58:47.038728
204cd583-e18f-4356-afbd-560a95e5e55d,view,CLTH_011,0.0,2026-08-24 21:11:16.548453
14652829-4c93-49cc-ac11-1084b352dbf8,purchase,BOOK_027,65.63,2026-08-24 21:35:15.585125
c56998f4-a438-484c-8b0c-b80c399f6fcd,purchase,CLTH_007,165.59,2026-08-24 20:06:52.977593
7c53ddd0-71fe-4919-a4fe-86d633a58eee,view,CLTH_011,0.0,2026-08-24T20:34:53.718285
272d6b5f-aeca-485e-a4ba-1a5689f647ac,view,FOOD_005,0.0,2026-08-24T23:23:29.329690
c6b1433c-fd3a-4b37-a002-e3213ac67574,view,FOOD_022,0.0,2026-08-24 22:41:01.702137
15371891-3d67-4bbe-a227-0aa843960503,view,FOOD_018,0.0,2026-08-24T23:16:55.578403
50e381b2-5e82-4228-ba7a-86669f6ade13,view,FOOD_024,0.0,2026-08-24T22:43:00.917240
16a45d1c-fcb0-44ee-be9c-1c14c693e1c8,purchase,CLTH_025,138.97,2026-08-24 20:22:52.645802
7c876903-8503-4e64-91da-9f12ea161fac,purchase,BOOK_021,45.5,2026-08-24T23:17:32.180218
8889c320-1f19-4bac-9c31-b9218acbf5b5,view,BOOK_027,0.0,2026-08-24T22:54:14.252378
f40f2fc0-4990-4c42-b190-23976cdaf79f,view,ELEC_028,0.0,2026-08-24T19:42:55.929846
90d1b635-2c2c-4335-a6a6-3088257c3e28,view,CLTH_021,0.0,2026-08-23 19:35:57.066337
807ffd32-2ef3-4a31-a89a-238c366b264b,view,CLTH_018,0.0,2026-08-24 22:54:08.071789
07974040-0d6e-4dd2-a06d-09236cb2f439,view,FOOD_018,0.0,2026-08-24 21:34:46.393158
0518f406-1bcc-4201-9400-4d13c068296b,view,BOOK_020,0.0,2026-08-20T21:14:37.126059
06ef8987-2209-4f91-b32e-b826d451f567,view,CLTH_002,0.0,2026-08-20T21:15:38.666840
807ffd32-2ef3-4a31-a89a-238c366b264b,view,CLTH_023,0.0,2026-08-24 22:33:42.238488
2531c3a7-f6d1-496c-8395-187ec22b1cf3,purchase,BOOK_021,41.63,2026-08-18 19:20:55.355679
1fae450e-c559-4b3b-b193-0e83995bc876,view,ELEC_011,0.0,2026-08-18 19:20:12.872509
3c8208eb-982f-4c25-aeb6-1d676d8c95fd,view,SPRT_030,0.0,2026-08-24T22:03:41.401502
7cecad85-4914-4af5-863e-309987695976,view,CLTH_016,0.0,2026-08-24 22:24:21.888580
e2c33043-9769-445e-bba4-3c9295d886e7,view,BOOK_008,0.0,2026-08-20 21:32:23.398765
7973f2a9-cd05-4d96-a6a3-b5bcbfe5a807,view,ELEC_009,0.0,2026-08-24T20:16:10.560895
a3414eda-0341-4e0d-b3fa-5e873248b36a,view,SPRT_018,0.0,2026-08-16 10:34:35.666347
8648af4d-7a61-4fed-84ea-10895f513822,view,CLTH_001,0.0,2026-08-24T20:44:50.720134
b42cbda4-175b-43b3-b494-d6e9be8d779f,view,FOOD_026,0.0,2026-08-16 16:35:42.405373
2d7c90c3-0788-41c8-b160-06e19f4406f6,view,FOOD_012,0.0,2026-08-24 22:18:23.497917
71f3d5de-38b0-4ad5-ad46-2524000b3c16,view,BOOK_009,0.0,2026-08-19 23:32:13.839181
77765993-45c5-4be1-9161-1885f032fc20,view,ELEC_018,0.0,2026-08-22 17:49:43.491021
a9ef0f29-d39b-4e19-9e9d-76779cf2469d,view,SPRT_005,0.0,2026-08-20 21:54:35.360353
10a14ce2-6a79-4e2d-b024-ab8150be7f3b,purchase,CLTH_006,240.91,2026-08-20 21:59:11.470206
17bb18d0-1b6c-4045-9b62-754e463aabd2,view,ELEC_022,0.0,2026-08-28 18:10:51.664599
ab5beedd-73b7-43f0-8900-2fda346c8941,view,SPRT_010,0.0,2026-08-24T22:07:01.158835
7cecad85-4914-4af5-863e-309987695976,view,SPRT_012,0.0,2026-08-24 23:07:45.199696
807ffd32-2ef3-4a31-a89a-238c366b264b,view,CLTH_003,0.0,2026-08-24 23:20:27.527980
5fd25fd1-437c-46b3-9a39-aa545fcef320,cart,ELEC_028,325.99,2026-08-24 19:52:04.619194
ecb51178-8afe-4ba9-bd61-87e0a416554b,cart,BOOK_028,15.93,2026-08-24T21:55:54.238950
103b446e-bac3-42b5-96ca-727662d099e1,view,SPRT_010,0.0,2026-08-24T22:55:59.733438
65c76bd2-c4c5-4ead-bb07-d1518810d424,view,FOOD_014,0.0,2026-08-24 20:32:58.177664
7cbfa99b-31eb-437d-b4e9-d5c1212be9ff,view,BOOK_006,0.0,2026-08-22T17:30:37.577702
0f4db5c7-beaf-4757-b8cf-f156b73fe4d5,cart,CLTH_022,115.9,2026-08-24T19:50:15.469497
85a19fd8-54ae-4ace-a4dc-55c4ce3993ce,view,ELEC_017,0.0,2026-08-24 21:48:19.343712
e352f24e-22e8-4012-a195-24367d88715a,view,FOOD_021,0.0,2026-08-24 20:50:33.208755
204cd583-e18f-4356-afbd-560a95e5e55d,view,CLTH_002,0.0,2026-08-24 19:39:21.803882
7a84b978-cc6b-49c8-8bba-b1f87d39615a,view,BOOK_022,0.0,2026-08-24T22:39:05.837206
e7011402-63aa-4b75-87a9-67546325bcab,view,CLTH_020,0.0,2026-08-24 21:42:26.723163
eba03b4f-7d0a-498d-a823-db63123d559a,view,BOOK_011,0.0,2026-08-24T19:47:07.411545
b92588da-f188-45e0-9358-9c955d88bc5a,view,ELEC_020,0.0,2026-08-20 21:10:20.287839
7e12728f-8e77-4093-b21e-7650a323fb12,view,CLTH_012,0.0,2026-08-24 22:59:57.280983
8afb9663-be21-47d5-b7bf-d549285fa584,purchase,ELEC_007,951.82,2026-08-16 10:36:04.033298
97fbfdf2-f064-4feb-aa62-d6344df19395,view,ELEC_029,0.0,2026-08-24T19:43:27.660949
2743b6ed-fc45-4744-8bc0-3fcfbda03d36,view,BOOK_011,0.0,2026-08-24T19:50:15.089615
c8dffba8-f979-4950-9e7a-d9a5f39abcf6,view,SPRT_015,0.0,2026-08-24T23:21:04.446797
16a45d1c-fcb0-44ee-be9c-1c14c693e1c8,purchase,CLTH_001,220.0,2026-08-24 21:11:25.675919
204cd583-e18f-4356-afbd-560a95e5e55d,view,BOOK_007,0.0,2026-08-24 20:21:14.396397
4af16b18-bb80-4ce1-83fd-eeced79f6030,cart,CLTH_028,180.63,2026-08-24T21:39:09.859687
ab5beedd-73b7-43f0-8900-2fda346c8941,view,FOOD_008,0.0,2026-08-28T18:12:55.810811
b2b6e8f7-a7a2-4a38-8be3-f154118f5196,view,BOOK_015,0.0,2026-08-22 17:43:39.653437
d114b438-0792-4d73-8753-b9578ba409a3,view,FOOD_029,0.0,2026-08-16 16:40:03.201704
5fd25fd1-437c-46b3-9a39-aa545fcef320,purchase,CLTH_018,112.62,2026-08-24 19:52:41.942329
c56998f4-a438-484c-8b0c-b80c399f6fcd,view,BOOK_006,0.0,2026-08-24 20:23:26.912707
3cd39961-1811-4043-81ca-ab2b96896334,view,ELEC_003,0.0,2026-08-22T18:03:45.856729
e04bc446-eef1-4a6c-bdd3-722ed841b5b0,view,CLTH_029,0.0,2026-08-24 22:47:08.317615
d06247ce-154f-44d2-a431-0e6def01535f,view,ELEC_013,0.0,2026-08-24 22:02:45.107844
0499cbb0-f1ab-4ff4-bdac-9b47815a9b3a,cart,CLTH_007,124.83,2026-08-23 19:51:04.611998
2989c566-bd71-49e2-8d10-a60c615ee48b,view,SPRT_020,0.0,2026-08-23 19:39:27.891576
0edab1bf-3255-4636-8c77-d72d54ebaa4a,view,ELEC_012,0.0,2026-08-22T17:46:53.959520
45be79ad-8040-4559-be25-1a4737d5bdec,purchase,FOOD_006,15.87,2026-08-24 20:35:19.312746
a169dc99-f3d9-4a6d-be74-c528e84e184c,view,CLTH_015,0.0,2026-08-19T23:29:34.720028
1d21b537-35e3-49e4-ad04-fb64e3a6b0d7,view,BOOK_019,0.0,2026-08-22 17:00:09.448649
3c8208eb-982f-4c25-aeb6-1d676d8c95fd,view,CLTH_029,0.0,2026-08-20 21:34:00.114162
28dee375-acb0-4efe-91a1-27bd967ca56b,view,BOOK_019,0.0,2026-08-24T21:34:34.577361
3298c361-8531-49e3-8652-5f10ff038a49,view,SPRT_026,0.0,2026-08-16 10:36:10.385854
c6b1433c-fd3a-4b37-a002-e3213ac67574,purchase,FOOD_006,77.94,2026-08-24 23:16:16.691512
b3b7ea67-75e4-433b-a906-fd0202ed49b3,view,SPRT_022,0.0,2026-08-22T17:47:57.384950
b2b6e8f7-a7a2-4a38-8be3-f154118f5196,view,FOOD_001,0.0,2026-08-24T20:25:36.302598
13298c19-921e-4ab7-b2fe-45b88f1e8621,view,BOOK_008,0.0,2026-08-23 19:36:33.033698
8b84f738-d1da-49a1-8b35-7f03cd7992a8,purchase,CLTH_028,179.82,2026-08-19T23:27:02.186965
272d6b5f-aeca-485e-a4ba-1a5689f647ac,view,CLTH_020,0.0,2026-08-24 19:52:10.989483
1d21b537-35e3-49e4-ad04-fb64e3a6b0d7,view,BOOK_021,0.0,2026-08-22 17:00:09.470718
85a19fd8-54ae-4ace-a4dc-55c4ce3993ce,view,BOOK_003,0.0,2026-08-24 22:22:33.995821
ecb51178-8afe-4ba9-bd61-87e0a416554b,purchase,ELEC_012,1107.21,2026-08-18 19:18:42.844631
0e5061dd-6477-4b0b-baf1-80f9eca14fcd,cart,BOOK_009,37.3,2026-08-24T19:58:06.562711
194d41b2-19c9-4faa-8a3b-c33649c1679f,view,FOOD_012,0.0,2026-08-20 21:47:28.488114
9f6791f7-ecb4-48c0-8d76-b8e55d160f4b,view,SPRT_015,0.0,2026-08-20 21:44:50.664958
544c32f4-a10e-44ff-a0d5-6f8b523e593a,view,ELEC_019,0.0,2026-08-20T21:25:08.351595
07974040-0d6e-4dd2-a06d-09236cb2f439,purchase,FOOD_021,38.6,2026-08-24 23:04:33.154268
5fd25fd1-437c-46b3-9a39-aa545fcef320,cart,FOOD_016,69.27,2026-08-24 20:23:08.636445
1342dc6b-765d-46f2-b62a-ae0cc1bedb78,view,SPRT_024,0.0,2026-08-24 22:11:48.647810
a4dbcca0-eaa3-4f6a-91d1-a92bc00a2c19,view,CLTH_003,0.0,2026-08-24 19:55:21.101936
ecef0a71-9256-43e0-bf92-91fc8ffffcf4,view,CLTH_016,0.0,2026-08-24 21:08:47.612260
c8e0f50d-4298-44da-ac25-229ba2271015,view,BOOK_012,0.0,2026-08-15 19:45:52.988942
e941fe3b-e99f-4add-bed3-5b4394d2ddc3,view,ELEC_019,0.0,2026-08-28 18:12:46.082252
adcabb5a-9294-4e06-91d7-d5fb55987582,cart,BOOK_028,55.05,2026-08-18 18:59:03.660890
80fc42f8-36e7-494e-ab68-ae41fa2c75c1,cart,SPRT_019,33.22,2026-08-24T20:47:03.032063
ff8790c1-759e-4f9e-bb08-6f9a3d420448,view,CLTH_011,0.0,2026-08-20T21:11:33.020174
103b446e-bac3-42b5-96ca-727662d099e1,view,SPRT_029,0.0,2026-08-23T19:51:52.515303
00f663e7-4a3e-49a4-a200-c3c06ef5259a,view,FOOD_024,0.0,2026-08-22 17:03:35.360622
65c76bd2-c4c5-4ead-bb07-d1518810d424,view,CLTH_024,0.0,2026-08-24 20:13:07.742210
65c76bd2-c4c5-4ead-bb07-d1518810d424,cart,SPRT_010,106.0,2026-08-24T22:35:10.216701
135f437d-fdab-4c6d-bf9d-2b0db016f5c0,cart,SPRT_012,381.91,2026-08-28T18:11:03.000190
7c876903-8503-4e64-91da-9f12ea161fac,purchase,ELEC_022,190.63,2026-08-24 23:15:38.534838
9ea41e68-c710-4b07-b2ae-6bbf22342547,view,FOOD_019,0.0,2026-08-24T21:41:57.701612
7973f2a9-cd05-4d96-a6a3-b5bcbfe5a807,view,CLTH_028,0.0,2026-08-24 20:48:50.284184
fb452d33-32d2-4fc8-a50d-278f74455526,view,SPRT_018,0.0,2026-08-20 21:46:16.732707
ddc313fb-bc63-47e5-ac3f-b9d1d5a703a1,view,SPRT_016,0.0,2026-08-24 22:21:03.399558
71757292-65b2-4a18-829d-3935df050fc0,view,CLTH_029,0.0,2026-08-18 19:15:57.010224
b4508ad1-61c3-4913-9b0d-9e62d1e31a6c,purchase,SPRT_017,344.16,2026-08-24T23:10:25.132993
a4dbcca0-eaa3-4f6a-91d1-a92bc00a2c19,view,CLTH_012,0.0,2026-08-24 21:23:58.687442
d9c0cd62-7da2-407f-b24f-c9887c0b8ae6,view,BOOK_029,0.0,2026-08-15 19:37:58.927523
b4a0963f-da4e-401b-b39a-2668f972529c,view,SPRT_017,0.0,2026-08-24 19:51:16.442258
00f663e7-4a3e-49a4-a200-c3c06ef5259a,cart,FOOD_003,53.79,2026-08-22 17:02:45.837137
8c9bf60c-9d81-434e-9a6f-73c2800925e8,view,ELEC_029,0.0,2026-08-22T17:45:50.204785
a3634e75-35f0-488a-8732-1b93cdcb1099,cart,SPRT_003,121.66,2026-08-18T18:53:58.467624
c6b1433c-fd3a-4b37-a002-e3213ac67574,view,FOOD_016,0.0,2026-08-24 21:32:26.497208
8afb9663-be21-47d5-b7bf-d549285fa584,view,ELEC_010,0.0,2026-08-20T21:55:54.646535
e04bc446-eef1-4a6c-bdd3-722ed841b5b0,view,BOOK_018,0.0,2026-08-24 22:20:53.067512
b2b6e8f7-a7a2-4a38-8be3-f154118f5196,purchase,BOOK_002,42.72,2026-08-22 17:35:45.534353
c6b1433c-fd3a-4b37-a002-e3213ac67574,cart,FOOD_026,64.26,2026-08-24 23:21:13.618420
18af9202-01b4-42d9-a7a8-a3fd40d77ea7,purchase,SPRT_011,358.56,2026-08-18 19:20:49.016589
adcabb5a-9294-4e06-91d7-d5fb55987582,purchase,BOOK_030,51.62,2026-08-24T19:48:10.201190
65c76bd2-c4c5-4ead-bb07-d1518810d424,cart,CLTH_023,171.55,2026-08-24 20:25:06.378405
79486124-ceb2-4f91-bf0f-378b69ecb64c,view,CLTH_028,0.0,2026-08-24T20:42:33.453465
65c76bd2-c4c5-4ead-bb07-d1518810d424,view,FOOD_020,0.0,2026-08-24 20:32:58.141317
b4a0963f-da4e-401b-b39a-2668f972529c,view,SPRT_014,0.0,2026-08-24 20:23:32.770575
0edab1bf-3255-4636-8c77-d72d54ebaa4a,view,CLTH_014,0.0,2026-08-20T21:20:21.676412
807ffd32-2ef3-4a31-a89a-238c366b264b,view,CLTH_019,0.0,2026-08-24 22:49:17.041846
00f663e7-4a3e-49a4-a200-c3c06ef5259a,purchase,FOOD_016,89.39,2026-08-22 17:16:15.599384
5ecfc98a-922a-4821-a19c-74739ea9d49c,view,CLTH_021,0.0,2026-08-24 22:02:23.274103
3cb83936-10c1-45ed-8b78-b82ea2727b7a,cart,BOOK_021,9.59,2026-08-22 17:13:27.985020
3cd39961-1811-4043-81ca-ab2b96896334,view,SPRT_028,0.0,2026-08-24T20:56:58.958367
caf220a7-85eb-4fa4-a33b-8c246570b167,view,SPRT_019,0.0,2026-08-22T17:42:38.996385
aaaa38a6-7d37-4a0f-a0ae-a18daa98f586,view,ELEC_027,0.0,2026-08-16T16:39:52.449016
e9af50c7-3916-48bf-9def-f8eae8db79ee,view,BOOK_003,0.0,2026-08-24 20:57:49.135218
5170d1a9-568e-4884-8b9a-e998a6411fc9,view,SPRT_022,0.0,2026-08-22 17:26:58.198616
0518f406-1bcc-4201-9400-4d13c068296b,view,FOOD_028,0.0,2026-08-23T19:46:29.306829
807ffd32-2ef3-4a31-a89a-238c366b264b,cart,CLTH_002,170.83,2026-08-24 21:35:19.711540
a5184ecf-8473-4c68-a33b-f6c956626ce8,purchase,FOOD_026,85.34,2026-08-22 17:09:05.593912
7cecad85-4914-4af5-863e-309987695976,view,CLTH_002,0.0,2026-08-24 21:43:14.690915
e04bc446-eef1-4a6c-bdd3-722ed841b5b0,view,CLTH_010,0.0,2026-08-24 21:40:20.541159
9527030a-454f-418b-9265-43c29b277831,view,FOOD_001,0.0,2026-08-24T20:16:48.472919
50e381b2-5e82-4228-ba7a-86669f6ade13,view,FOOD_021,0.0,2026-08-24T21:22:15.456040
c56998f4-a438-484c-8b0c-b80c399f6fcd,view,BOOK_017,0.0,2026-08-24 20:27:57.658124
1a57d526-e419-4985-b2c6-65d021f92488,cart,CLTH_025,83.14,2026-08-23T19:57:13.899410
103b446e-bac3-42b5-96ca-727662d099e1,purchase,SPRT_022,359.34,2026-08-20 21:25:52.647058
046701a6-5a53-43dc-aa26-d68a19f6cb9e,view,CLTH_024,0.0,2026-08-18 18:50:29.970097
8cb1b203-1ae6-415f-a049-61e42090ef5e,view,FOOD_001,0.0,2026-08-20 21:54:27.923771
807ffd32-2ef3-4a31-a89a-238c366b264b,view,CLTH_028,0.0,2026-08-24 21:35:19.538431
1342dc6b-765d-46f2-b62a-ae0cc1bedb78,view,ELEC_015,0.0,2026-08-24 23:07:44.457307
79486124-ceb2-4f91-bf0f-378b69ecb64c,view,ELEC_017,0.0,2026-08-23T19:35:28.523078
526d498e-a082-48f3-8f21-d37077e1d332,cart,FOOD_022,78.4,2026-08-23 19:42:42.070007
d6ea31f0-4a99-43ba-8364-82717218083c,view,SPRT_008,0.0,2026-08-16 16:41:14.405220
af8c3802-1e97-4ac1-a05e-a064dc9a598f,cart,CLTH_005,90.86,2026-08-18 18:57:24.670284
07974040-0d6e-4dd2-a06d-09236cb2f439,view,FOOD_001,0.0,2026-08-24T22:04:48.182072
5fd25fd1-437c-46b3-9a39-aa545fcef320,purchase,ELEC_028,258.97,2026-08-24 19:51:53.193742
07e00408-a9f3-4a26-bb10-653e27ee1d69,view,SPRT_029,0.0,2026-08-24 21:31:10.910203
2de07fdd-8b53-4691-a8aa-c355b7716a3e,view,CLTH_018,0.0,2026-08-20T21:20:20.977422
b3b7ea67-75e4-433b-a906-fd0202ed49b3,view,ELEC_013,0.0,2026-08-20 21:46:40.126627
fcdb2a08-2878-4a68-8159-6952bf2ae28f,view,BOOK_008,0.0,2026-08-24T21:01:49.578533
8afb9663-be21-47d5-b7bf-d549285fa584,view,ELEC_022,0.0,2026-08-16 10:31:39.891235
e2c33043-9769-445e-bba4-3c9295d886e7,view,SPRT_012,0.0,2026-08-20 21:30:04.446671
eedeb7be-443c-4607-a98b-a6928f11d578,view,CLTH_029,0.0,2026-08-28T18:21:25.643899
7cecad85-4914-4af5-863e-309987695976,view,ELEC_022,0.0,2026-08-24 22:41:49.709931
c56998f4-a438-484c-8b0c-b80c399f6fcd,purchase,FOOD_021,112.95,2026-08-24 20:39:53.467906
1342dc6b-765d-46f2-b62a-ae0cc1bedb78,view,SPRT_016,0.0,2026-08-24 23:11:56.799710
f40f2fc0-4990-4c42-b190-23976cdaf79f,view,ELEC_011,0.0,2026-08-16 16:50:36.239932
5ecfc98a-922a-4821-a19c-74739ea9d49c,purchase,BOOK_028,25.69,2026-08-24 22:37:39.843649
57f7b243-2a8f-4476-ab9a-b9ddbf63c54b,view,FOOD_008,0.0,2026-08-28 18:15:48.304086
796609d9-7739-4166-ab01-9a72c52c20a7,view,SPRT_008,0.0,2026-08-23 19:36:01.041025
807ffd32-2ef3-4a31-a89a-238c366b264b,view,CLTH_026,0.0,2026-08-24 22:52:34.712148
59b41456-0c0c-46d0-9f3c-5fd6fe62f88a,view,BOOK_017,0.0,2026-08-23 19:36:45.378270
046701a6-5a53-43dc-aa26-d68a19f6cb9e,cart,FOOD_008,68.2,2026-08-20T21:24:35.840830
45be79ad-8040-4559-be25-1a4737d5bdec,purchase,SPRT_018,376.64,2026-08-24T22:58:19.769833
8889c320-1f19-4bac-9c31-b9218acbf5b5,cart,ELEC_013,240.61,2026-08-24 23:15:03.392039
65bdd5f8-4652-4a5f-aa90-ed5cbed78e68,view,SPRT_019,0.0,2026-08-28 18:21:50.107128
2274347f-b34b-404e-a7d4-6dc6d0edcb82,view,ELEC_015,0.0,2026-08-24 07:51:05.562815
14652829-4c93-49cc-ac11-1084b352dbf8,view,BOOK_009,0.0,2026-08-24 22:50:40.806323
caf220a7-85eb-4fa4-a33b-8c246570b167,view,SPRT_018,0.0,2026-08-24T21:30:10.723772
097603f7-ef8e-4380-83ce-337ce6b52a59,view,BOOK_025,0.0,2026-08-24 22:50:48.859914
8afb9663-be21-47d5-b7bf-d549285fa584,view,FOOD_019,0.0,2026-08-22T17:12:11.195561
e9af50c7-3916-48bf-9def-f8eae8db79ee,view,CLTH_014,0.0,2026-08-24T22:25:37.343748
7533f6a3-2d5e-454c-a7d4-5a213a566a6a,view,ELEC_005,0.0,2026-08-20 21:44:08.107996
0bbfa7f7-fdca-4164-bc87-12ea9a76d7ed,view,ELEC_011,0.0,2026-08-18 19:19:30.907764
e352f24e-22e8-4012-a195-24367d88715a,view,FOOD_002,0.0,2026-08-24 20:33:24.317728
fcd6fe57-c144-4e2e-a82f-44cb7df85d3f,view,CLTH_028,0.0,2026-08-20 21:25:44.459066
acececef-4ab4-44e7-8ba4-dc1b3db1b57b,view,BOOK_024,0.0,2026-08-19 23:24:36.797136
af8c3802-1e97-4ac1-a05e-a064dc9a598f,view,SPRT_015,0.0,2026-08-18 18:55:18.956240
ab5beedd-73b7-43f0-8900-2fda346c8941,purchase,FOOD_018,34.82,2026-08-24T22:13:51.140964
9f729b04-6f80-4dae-9824-921396cc0ee2,view,BOOK_010,0.0,2026-08-24 21:08:09.937209
17bb18d0-1b6c-4045-9b62-754e463aabd2,view,ELEC_020,0.0,2026-08-28 18:21:41.236753
5ecfc98a-922a-4821-a19c-74739ea9d49c,purchase,CLTH_001,39.91,2026-08-24 22:08:44.652209
204cd583-e18f-4356-afbd-560a95e5e55d,view,CLTH_002,0.0,2026-08-24 19:50:19.726260
d06247ce-154f-44d2-a431-0e6def01535f,purchase,SPRT_025,467.02,2026-08-24 23:02:10.281511
af8c3802-1e97-4ac1-a05e-a064dc9a598f,view,SPRT_030,0.0,2026-08-18 18:55:18.702321
fb452d33-32d2-4fc8-a50d-278f74455526,view,ELEC_012,0.0,2026-08-24T21:04:10.139569
1363fff9-d076-4436-83e3-9a6449cff1e2,cart,SPRT_006,132.92,2026-08-28T18:11:00.359631
97fbfdf2-f064-4feb-aa62-d6344df19395,view,ELEC_026,0.0,2026-08-16 10:29:06.472544
d0ee500b-2986-4393-8222-e3a34f6829c5,view,SPRT_021,0.0,2026-08-28T18:11:02.593304
0bb810c4-b32d-43c2-92f3-84a8460ad2f6,view,CLTH_023,0.0,2026-08-24T21:56:28.362169
d8955fd2-ab39-4aaa-aa00-af2f627b88eb,purchase,CLTH_028,153.62,2026-08-16T16:40:53.270057
e7011402-63aa-4b75-87a9-67546325bcab,view,SPRT_024,0.0,2026-08-24 22:19:08.944055
875ce581-da9f-4374-b891-e1b0a538923e,cart,BOOK_030,18.85,2026-08-24T20:38:09.929797
272d6b5f-aeca-485e-a4ba-1a5689f647ac,view,FOOD_015,0.0,2026-08-24T21:18:53.285299
9ea41e68-c710-4b07-b2ae-6bbf22342547,view,FOOD_024,0.0,2026-08-24T20:49:16.224534
dfcc5694-8acb-4c2d-b506-2b27c83b45a2,view,CLTH_029,0.0,2026-08-20 21:08:18.235887
bd22f4c4-5268-45d9-9243-8d72683946f2,view,CLTH_010,0.0,2026-08-23 19:44:26.176721
b43786c5-4ef6-4017-a344-22b26bcbd3c5,view,SPRT_006,0.0,2026-08-24 20:29:48.137000
c32d47d5-9419-46e9-8af8-3ed6aa710c89,view,SPRT_009,0.0,2026-08-22 17:53:59.843635
c6da6198-1302-4f3b-98d8-59f524206a5a,cart,CLTH_004,105.15,2026-08-24 20:52:40.900115
e7011402-63aa-4b75-87a9-67546325bcab,view,CLTH_026,0.0,2026-08-24 22:11:44.779162
38c90e9e-a827-4bae-9a22-50c3d3ae002c,cart,BOOK_010,49.26,2026-08-20 21:08:38.934084
cfbb7b9b-061e-4731-bff1-1ae6f010648a,view,BOOK_025,0.0,2026-08-24 07:51:55.946627
66d4157a-bf38-4bb0-a7c2-bd5652cd2a1d,view,SPRT_015,0.0,2026-08-24T22:55:57.150964
2de07fdd-8b53-4691-a8aa-c355b7716a3e,view,CLTH_016,0.0,2026-08-18 18:49:20.720607
5170d1a9-568e-4884-8b9a-e998a6411fc9,view,SPRT_011,0.0,2026-08-22 17:28:56.473081
90d1b635-2c2c-4335-a6a6-3088257c3e28,view,FOOD_027,0.0,2026-08-28T18:27:21.277076
292aa98d-2159-46e5-86b7-ebb3da08accd,cart,SPRT_018,46.5,2026-08-22 17:30:02.798821
80fc42f8-36e7-494e-ab68-ae41fa2c75c1,cart,CLTH_017,21.21,2026-08-24T20:57:32.868422
807ffd32-2ef3-4a31-a89a-238c366b264b,view,CLTH_022,0.0,2026-08-24 22:22:00.929324
718814b5-9a30-4643-8cfb-a460a60999ba,cart,CLTH_005,144.7,2026-08-24 19:43:29.647965
ddc313fb-bc63-47e5-ac3f-b9d1d5a703a1,view,BOOK_009,0.0,2026-08-24 22:59:18.503112
807ffd32-2ef3-4a31-a89a-238c366b264b,view,CLTH_022,0.0,2026-08-24 23:09:26.613695
5fd25fd1-437c-46b3-9a39-aa545fcef320,view,SPRT_026,0.0,2026-08-24T23:15:12.556638
f3af5df4-61dc-4244-8833-1ec5806b8ea1,cart,FOOD_006,66.58,2026-08-20T21:14:06.222568
569b2543-6e9b-4b3a-b8c1-7862801d2712,view,BOOK_018,0.0,2026-08-28T18:10:59.323574
c6ad3b1a-879f-46e9-b4df-c61479de62ea,cart,ELEC_016,358.28,2026-08-18 19:00:03.120213
c6da6198-1302-4f3b-98d8-59f524206a5a,view,CLTH_026,0.0,2026-08-24 20:27:47.883862
194d41b2-19c9-4faa-8a3b-c33649c1679f,view,FOOD_027,0.0,2026-08-20 21:33:13.904350
97fcda00-fb2b-476b-9147-2dd97348c02b,view,BOOK_030,0.0,2026-08-20 21:37:31.430764
4eca1658-9c92-4d94-98cf-ac4413183c56,purchase,BOOK_017,38.76,2026-08-18 19:19:53.566957
e04bc446-eef1-4a6c-bdd3-722ed841b5b0,view,CLTH_008,0.0,2026-08-24 21:42:12.798992
543ac2a0-bac7-4614-b90f-a2421cc42c64,cart,CLTH_028,57.14,2026-08-23T19:36:31.504508
e04bc446-eef1-4a6c-bdd3-722ed841b5b0,view,CLTH_009,0.0,2026-08-24 21:28:13.856111
39916c2e-f0f0-4c72-b753-c93c5f6c48e5,cart,CLTH_012,165.36,2026-08-22T18:04:18.631517
6c42b183-6d7f-4eed-9a19-89815e3d0919,view,ELEC_028,0.0,2026-08-24 21:29:23.573120
54dbe932-4af2-4f72-a46d-126eccaec63d,cart,SPRT_012,178.75,2026-08-24T22:35:09.828008
5f70c5ad-79e7-42be-a108-76a2aa328993,cart,CLTH_014,109.96,2026-08-19 23:32:26.171981
c6ad3b1a-879f-46e9-b4df-c61479de62ea,purchase,SPRT_022,39.82,2026-08-24T20:47:04.244761
ddc313fb-bc63-47e5-ac3f-b9d1d5a703a1,view,CLTH_002,0.0,2026-08-24 22:22:07.926709
01c8f8b9-4fbf-44a7-8919-178beaceb074,view,SPRT_026,0.0,2026-08-23 19:43:15.403626
79486124-ceb2-4f91-bf0f-378b69ecb64c,view,BOOK_006,0.0,2026-08-24T21:41:24.567651
18af9202-01b4-42d9-a7a8-a3fd40d77ea7,view,FOOD_019,0.0,2026-08-18T19:16:41.010274
7cecad85-4914-4af5-863e-309987695976,view,CLTH_023,0.0,2026-08-24 21:47:51.380793
07e00408-a9f3-4a26-bb10-653e27ee1d69,view,CLTH_001,0.0,2026-08-24 21:42:37.649252
14652829-4c93-49cc-ac11-1084b352dbf8,cart,BOOK_006,58.9,2026-08-24 23:19:59.569782
d572cc22-f568-4269-a4ca-75bae22243da,cart,BOOK_027,29.35,2026-08-24T19:58:04.890096
194d41b2-19c9-4faa-8a3b-c33649c1679f,view,CLTH_001,0.0,2026-08-24T20:07:43.040942
e7011402-63aa-4b75-87a9-67546325bcab,view,CLTH_006,0.0,2026-08-24 22:34:54.050401
e7011402-63aa-4b75-87a9-67546325bcab,purchase,SPRT_023,119.65,2026-08-24 23:05:23.765381
27a943f0-74c1-47d4-a697-2bf5d20625d8,view,CLTH_029,0.0,2026-08-24 20:54:25.624224
f0990893-bc9c-4914-b4e9-26579efdae9c,view,CLTH_030,0.0,2026-08-18 19:18:02.759301
65bdd5f8-4652-4a5f-aa90-ed5cbed78e68,view,ELEC_015,0.0,2026-08-28 18:17:19.335840
97fb0cad-ce2c-4c09-a49a-903e0f094869,cart,CLTH_004,66.95,2026-08-19 23:26:42.761467
e352f24e-22e8-4012-a195-24367d88715a,view,FOOD_029,0.0,2026-08-24 20:33:24.338810
653709fa-a965-4975-9c69-451df40148e0,purchase,ELEC_020,999.1,2026-08-20 21:14:55.400509
1342dc6b-765d-46f2-b62a-ae0cc1bedb78,view,SPRT_010,0.0,2026-08-24 23:12:25.903089
adcabb5a-9294-4e06-91d7-d5fb55987582,view,ELEC_015,0.0,2026-08-18 18:45:37.210154
2743b6ed-fc45-4744-8bc0-3fcfbda03d36,view,FOOD_010,0.0,2026-08-20T21:20:20.438010
61887664-7787-4a05-aa10-f242d15e7b6f,view,SPRT_014,0.0,2026-08-22 17:52:25.030024
540dfba9-6872-43b1-945d-a3584b72aa30,cart,ELEC_016,405.7,2026-08-22 17:05:24.234890
e15893a3-618b-454c-8f35-eef896e6f74e,view,CLTH_029,0.0,2026-08-18T18:53:26.561099
0f4db5c7-beaf-4757-b8cf-f156b73fe4d5,view,SPRT_001,0.0,2026-08-20 21:54:10.730178
e7011402-63aa-4b75-87a9-67546325bcab,view,SPRT_019,0.0,2026-08-24 23:05:23.827860
103b446e-bac3-42b5-96ca-727662d099e1,view,SPRT_018,0.0,2026-08-20 21:24:09.046301
65bdd5f8-4652-4a5f-aa90-ed5cbed78e68,view,ELEC_015,0.0,2026-08-28 18:14:54.106724
6c42b183-6d7f-4eed-9a19-89815e3d0919,view,ELEC_017,0.0,2026-08-24 22:26:00.854245
dd0c2035-e21b-4a2f-aa23-2bb8b37e125d,view,FOOD_024,0.0,2026-08-22 17:17:39.007250
16a45d1c-fcb0-44ee-be9c-1c14c693e1c8,view,ELEC_008,0.0,2026-08-24 21:18:42.793614
5f70c5ad-79e7-42be-a108-76a2aa328993,view,CLTH_018,0.0,2026-08-24T20:11:40.566282
fad4b01a-17f0-4665-bba4-9d851ec619c6,view,CLTH_020,0.0,2026-08-28 18:14:37.854240
2743b6ed-fc45-4744-8bc0-3fcfbda03d36,view,ELEC_019,0.0,2026-08-22T17:11:40.413794
1342dc6b-765d-46f2-b62a-ae0cc1bedb78,view,SPRT_002,0.0,2026-08-24 22:14:35.041105
65c76bd2-c4c5-4ead-bb07-d1518810d424,cart,CLTH_002,52.86,2026-08-24 19:51:13.612725
eedeb7be-443c-4607-a98b-a6928f11d578,view,ELEC_024,0.0,2026-08-22 17:44:57.882228
84411659-75b7-4910-9038-ff90e88caadf,view,CLTH_013,0.0,2026-08-23 19:36:34.296515
5fd25fd1-437c-46b3-9a39-aa545fcef320,cart,FOOD_002,44.87,2026-08-24 20:15:29.106955
14652829-4c93-49cc-ac11-1084b352dbf8,cart,BOOK_014,39.12,2026-08-24 23:08:50.978939
667c54aa-2a15-439e-9d2b-29339b87e1b4,view,FOOD_009,0.0,2026-08-18 19:10:57.065099
e2c33043-9769-445e-bba4-3c9295d886e7,view,SPRT_010,0.0,2026-08-20 21:32:55.831559
5fd25fd1-437c-46b3-9a39-aa545fcef320,purchase,FOOD_022,54.72,2026-08-24 19:46:05.637116
7cecad85-4914-4af5-863e-309987695976,view,CLTH_003,0.0,2026-08-24 23:18:50.141211
d06247ce-154f-44d2-a431-0e6def01535f,cart,CLTH_028,137.78,2026-08-24 21:36:50.492262
65c76bd2-c4c5-4ead-bb07-d1518810d424,view,CLTH_002,0.0,2026-08-24 20:43:22.049858
16a45d1c-fcb0-44ee-be9c-1c14c693e1c8,view,CLTH_016,0.0,2026-08-24 19:41:01.047320
9b70e162-3f36-46cd-87f4-65153d82f93c,view,CLTH_010,0.0,2026-08-19 23:30:08.557770
db7f8eee-9b64-455b-9ada-7be2b9d2a40c,purchase,BOOK_026,28.73,2026-08-15 19:48:00.141713
71f55371-9f14-4e13-9e69-9f92146c5f85,view,FOOD_012,0.0,2026-08-19 23:29:36.148898
45be79ad-8040-4559-be25-1a4737d5bdec,cart,CLTH_027,21.24,2026-08-24 20:53:28.783701
f2ff3438-5f87-4245-8466-82e57f5edb6d,cart,CLTH_029,137.58,2026-08-24T21:39:09.938465
807ffd32-2ef3-4a31-a89a-238c366b264b,view,CLTH_015,0.0,2026-08-24 22:29:44.988087
77765993-45c5-4be1-9161-1885f032fc20,view,ELEC_030,0.0,2026-08-22 17:51:34.177140
3c8208eb-982f-4c25-aeb6-1d676d8c95fd,cart,CLTH_026,97.35,2026-08-20 21:38:03.335414
79486124-ceb2-4f91-bf0f-378b69ecb64c,view,ELEC_024,0.0,2026-08-22 17:41:22.901553
23563557-5b65-4775-84d2-cd11d7916afb,view,SPRT_025,0.0,2026-08-28T18:23:20.293909
65c76bd2-c4c5-4ead-bb07-d1518810d424,cart,CLTH_016,106.95,2026-08-24 20:00:13.543540
6c42b183-6d7f-4eed-9a19-89815e3d0919,view,ELEC_028,0.0,2026-08-24 21:57:20.130779
adcabb5a-9294-4e06-91d7-d5fb55987582,view,SPRT_012,0.0,2026-08-18 19:03:53.604520
4bcc35c7-0c0f-40c6-81ef-9290c390c8ae,view,BOOK_001,0.0,2026-08-22T17:33:13.525066
0518f406-1bcc-4201-9400-4d13c068296b,view,FOOD_017,0.0,2026-08-15 19:47:28.877493
aaaa38a6-7d37-4a0f-a0ae-a18daa98f586,view,SPRT_012,0.0,2026-08-16 16:50:40.087000
80a44646-6c7e-488e-8f96-dda9667f62bf,view,BOOK_024,0.0,2026-08-24 20:07:31.046969
16a45d1c-fcb0-44ee-be9c-1c14c693e1c8,purchase,CLTH_027,88.01,2026-08-24 19:41:00.866522
fb452d33-32d2-4fc8-a50d-278f74455526,view,SPRT_020,0.0,2026-08-20 21:39:20.248090
77765993-45c5-4be1-9161-1885f032fc20,view,ELEC_017,0.0,2026-08-22 17:51:34.205205
69ac5a58-9bcc-4f4b-bdd5-baea8549f46e,view,SPRT_001,0.0,2026-08-18 18:50:45.345879
c32d47d5-9419-46e9-8af8-3ed6aa710c89,view,SPRT_015,0.0,2026-08-22 17:41:57.894293
fc663667-5a7c-4583-8210-a39d89c8784d,cart,ELEC_026,742.08,2026-08-22T17:14:17.715471
d2393a76-e7aa-4917-8d1a-eaea77151dd0,cart,CLTH_013,64.36,2026-08-20 21:24:28.435127
07974040-0d6e-4dd2-a06d-09236cb2f439,view,FOOD_003,0.0,2026-08-24 22:49:57.222916
8afb9663-be21-47d5-b7bf-d549285fa584,view,ELEC_006,0.0,2026-08-20T21:55:54.646535
fc663667-5a7c-4583-8210-a39d89c8784d,view,CLTH_015,0.0,2026-08-18 18:56:33.611163
10a14ce2-6a79-4e2d-b024-ab8150be7f3b,cart,FOOD_017,64.92,2026-08-24T20:49:50.950955
151d1b6b-31e9-4c3a-98ee-7ebc527bc572,cart,SPRT_004,50.22,2026-08-22 17:36:28.228878
0a2f3d10-ae64-4472-a673-478e6650e204,cart,SPRT_018,287.52,2026-08-24T23:01:13.156987
aaaa38a6-7d37-4a0f-a0ae-a18daa98f586,view,FOOD_007,0.0,2026-08-16T16:41:23.607631
7973f2a9-cd05-4d96-a6a3-b5bcbfe5a807,view,SPRT_022,0.0,2026-08-24 20:01:50.303476
23563557-5b65-4775-84d2-cd11d7916afb,cart,SPRT_022,317.8,2026-08-20 21:28:31.317452
17bb18d0-1b6c-4045-9b62-754e463aabd2,cart,SPRT_006,328.72,2026-08-28 18:09:15.652562
a6a3df8c-d39a-4527-8306-9fc8f5e2ac32,purchase,FOOD_012,37.12,2026-08-20T21:17:43.633596
91f30dc2-d42e-403d-8f92-452cf0c2e83b,purchase,SPRT_007,68.67,2026-08-16 16:45:01.497339
07e00408-a9f3-4a26-bb10-653e27ee1d69,purchase,SPRT_013,237.15,2026-08-24 21:31:11.033751
b568b56b-df03-4a6f-ae89-4908c2685971,view,FOOD_002,0.0,2026-08-23T19:47:00.361792
6a581879-1f83-493a-9878-091eb0021ada,cart,SPRT_021,125.01,2026-08-24 07:51:00.472328
ecb51178-8afe-4ba9-bd61-87e0a416554b,view,SPRT_025,0.0,2026-08-24T21:52:31.401152
1683fa13-caae-47d0-876d-5cd63161b109,view,ELEC_010,0.0,2026-08-20T21:37:03.112493
1342dc6b-765d-46f2-b62a-ae0cc1bedb78,view,SPRT_006,0.0,2026-08-24 22:57:29.750336
1916909e-6c68-4b12-a792-b099fef763bb,purchase,CLTH_011,46.13,2026-08-16 10:46:25.745033
50e381b2-5e82-4228-ba7a-86669f6ade13,view,CLTH_017,0.0,2026-08-18 18:53:07.402763
1342dc6b-765d-46f2-b62a-ae0cc1bedb78,view,SPRT_029,0.0,2026-08-24 21:58:54.992471
5ecfc98a-922a-4821-a19c-74739ea9d49c,view,CLTH_001,0.0,2026-08-24 22:18:41.478554
046701a6-5a53-43dc-aa26-d68a19f6cb9e,view,ELEC_010,0.0,2026-08-23T19:39:42.703136
194d41b2-19c9-4faa-8a3b-c33649c1679f,view,BOOK_023,0.0,2026-08-23T19:35:28.815925
d6ea31f0-4a99-43ba-8364-82717218083c,view,SPRT_029,0.0,2026-08-16 16:45:34.054911
14652829-4c93-49cc-ac11-1084b352dbf8,view,BOOK_022,0.0,2026-08-24 22:46:05.722436
559449e8-4daf-4cae-863c-369e59d25d8b,cart,SPRT_029,187.12,2026-08-20 21:28:22.405880
b43786c5-4ef6-4017-a344-22b26bcbd3c5,view,SPRT_020,0.0,2026-08-24 20:37:31.594533
e15893a3-618b-454c-8f35-eef896e6f74e,view,CLTH_006,0.0,2026-08-22T17:35:49.997132
27a943f0-74c1-47d4-a697-2bf5d20625d8,cart,CLTH_007,178.55,2026-08-24 20:47:50.415510
151d1b6b-31e9-4c3a-98ee-7ebc527bc572,view,ELEC_012,0.0,2026-08-24T23:11:02.616160
a4dbcca0-eaa3-4f6a-91d1-a92bc00a2c19,view,CLTH_004,0.0,2026-08-24 20:09:14.454393
d9fedd6d-d50d-4109-9721-1cd2ce886f31,view,FOOD_026,0.0,2026-08-24T20:44:17.067457
d0083a3b-3cf2-48a7-b1a4-f12398d8bd7f,view,CLTH_030,0.0,2026-08-28T18:12:56.792045
e04bc446-eef1-4a6c-bdd3-722ed841b5b0,view,ELEC_024,0.0,2026-08-24 21:41:50.287418
01c8f8b9-4fbf-44a7-8919-178beaceb074,view,ELEC_005,0.0,2026-08-24T22:44:07.976657
151d1b6b-31e9-4c3a-98ee-7ebc527bc572,cart,SPRT_025,65.07,2026-08-22 17:51:52.084027
1683fa13-caae-47d0-876d-5cd63161b109,view,CLTH_024,0.0,2026-08-24T23:01:11.186621
39916c2e-f0f0-4c72-b753-c93c5f6c48e5,cart,SPRT_013,54.29,2026-08-23T19:49:10.112684
77765993-45c5-4be1-9161-1885f032fc20,view,ELEC_022,0.0,2026-08-22 17:26:47.583548
2d7c90c3-0788-41c8-b160-06e19f4406f6,view,FOOD_002,0.0,2026-08-24 21:55:57.821438
91ae5c3f-4264-4360-a916-6cbaf031afdf,view,FOOD_009,0.0,2026-08-28 18:17:21.660679
a36f04ce-4f5a-4641-8208-bc26f0f0be59,view,BOOK_017,0.0,2026-08-28T18:14:09.880292
3cd39961-1811-4043-81ca-ab2b96896334,purchase,ELEC_008,628.45,2026-08-22T17:45:48.903963
097603f7-ef8e-4380-83ce-337ce6b52a59,cart,BOOK_023,55.76,2026-08-24 22:52:36.888947
d30fc382-e140-48b8-8038-bd17100271c2,cart,ELEC_002,151.62,2026-08-22 17:33:50.974223
c6da6198-1302-4f3b-98d8-59f524206a5a,view,CLTH_023,0.0,2026-08-24 19:58:58.241141
1342dc6b-765d-46f2-b62a-ae0cc1bedb78,view,SPRT_013,0.0,2026-08-24 21:53:49.231887
9527030a-454f-418b-9265-43c29b277831,view,ELEC_005,0.0,2026-08-24T19:47:07.601971
e04bc446-eef1-4a6c-bdd3-722ed841b5b0,view,ELEC_005,0.0,2026-08-24 23:03:53.490239
6c3c15bf-f979-4e58-b0fd-6ec9f2b75027,view,CLTH_029,0.0,2026-08-28T18:27:21.659538
097603f7-ef8e-4380-83ce-337ce6b52a59,view,BOOK_015,0.0,2026-08-24 21:37:17.251445
659ae273-f90a-4d3d-8e25-4ce44740dbc3,view,SPRT_003,0.0,2026-08-19 23:26:13.641235
85a19fd8-54ae-4ace-a4dc-55c4ce3993ce,view,BOOK_001,0.0,2026-08-24 22:27:42.949074
7e12728f-8e77-4093-b21e-7650a323fb12,view,CLTH_007,0.0,2026-08-24 22:44:30.404089
85a19fd8-54ae-4ace-a4dc-55c4ce3993ce,cart,BOOK_028,16.74,2026-08-24 22:20:10.919296
7cecad85-4914-4af5-863e-309987695976,view,CLTH_028,0.0,2026-08-24 21:44:27.132126
c56998f4-a438-484c-8b0c-b80c399f6fcd,purchase,BOOK_024,10.02,2026-08-24 20:23:26.955235
4fbb190d-1568-458c-b8c1-a45d7ea6f67d,view,ELEC_012,0.0,2026-08-24T22:56:35.645031
8d2e8c22-0f58-489e-84d3-59c68d8c63a5,view,ELEC_012,0.0,2026-08-16 10:45:41.842732
38c90e9e-a827-4bae-9a22-50c3d3ae002c,view,BOOK_028,0.0,2026-08-23T19:37:02.746507
e352f24e-22e8-4012-a195-24367d88715a,view,FOOD_025,0.0,2026-08-24 19:53:51.736870
b32648f7-5c8a-4360-9d8d-e4d9d9c805e6,view,SPRT_018,0.0,2026-08-20 22:03:20.714747
4bcc35c7-0c0f-40c6-81ef-9290c390c8ae,view,BOOK_007,0.0,2026-08-28T18:11:41.521359
2ca3ba80-c4ea-48a9-9d49-ec547b2177a2,view,FOOD_008,0.0,2026-08-22T17:11:40.507726
272d6b5f-aeca-485e-a4ba-1a5689f647ac,view,ELEC_028,0.0,2026-08-24 19:49:51.145985
b4a0963f-da4e-401b-b39a-2668f972529c,view,ELEC_030,0.0,2026-08-24 20:13:29.749093
fc18b9b9-0790-45c2-9bd4-39c8c166b7ff,view,CLTH_029,0.0,2026-08-16 10:31:29.112362
45be79ad-8040-4559-be25-1a4737d5bdec,cart,FOOD_018,29.28,2026-08-24 20:37:46.486227
ddc313fb-bc63-47e5-ac3f-b9d1d5a703a1,view,CLTH_024,0.0,2026-08-24 23:21:19.436505
6c42b183-6d7f-4eed-9a19-89815e3d0919,view,ELEC_007,0.0,2026-08-24 22:46:15.580156
1342dc6b-765d-46f2-b62a-ae0cc1bedb78,view,SPRT_006,0.0,2026-08-24 23:11:56.624460
17bb18d0-1b6c-4045-9b62-754e463aabd2,view,CLTH_004,0.0,2026-08-28 18:06:02.399701
807ffd32-2ef3-4a31-a89a-238c366b264b,view,CLTH_027,0.0,2026-08-24 22:31:28.205222
718814b5-9a30-4643-8cfb-a460a60999ba,view,FOOD_026,0.0,2026-08-24 21:16:05.511886
d114b438-0792-4d73-8753-b9578ba409a3,view,BOOK_030,0.0,2026-08-16 16:48:15.896393
e9af50c7-3916-48bf-9def-f8eae8db79ee,view,BOOK_004,0.0,2026-08-24 21:09:30.801409
a8b5f893-6a56-4f9f-b429-038b5a69def7,purchase,CLTH_019,99.54,2026-08-24 20:50:45.515146
27ab56fc-882d-4198-a735-9f9394cf678a,view,ELEC_028,0.0,2026-08-24T21:08:35.452527
5ecfc98a-922a-4821-a19c-74739ea9d49c,view,BOOK_010,0.0,2026-08-28T18:27:21.484420
65c76bd2-c4c5-4ead-bb07-d1518810d424,view,BOOK_023,0.0,2026-08-24T23:14:03.827941
11da9648-ae79-4fa4-b84c-689819c0f684,purchase,CLTH_028,211.73,2026-08-22T18:04:19.201115
77fd67f5-d25c-4143-8bfe-91b94df193e1,view,ELEC_018,0.0,2026-08-24T21:33:26.604426
103b446e-bac3-42b5-96ca-727662d099e1,view,FOOD_019,0.0,2026-08-20 21:09:24.013189
18af9202-01b4-42d9-a7a8-a3fd40d77ea7,view,FOOD_013,0.0,2026-08-22T17:31:09.329546
27a943f0-74c1-47d4-a697-2bf5d20625d8,view,BOOK_016,0.0,2026-08-24 19:58:17.852657
3c8208eb-982f-4c25-aeb6-1d676d8c95fd,view,CLTH_024,0.0,2026-08-28T18:16:33.069709
204cd583-e18f-4356-afbd-560a95e5e55d,view,CLTH_022,0.0,2026-08-24 19:44:10.938807
7cecad85-4914-4af5-863e-309987695976,view,CLTH_025,0.0,2026-08-24 22:25:14.228647
1342dc6b-765d-46f2-b62a-ae0cc1bedb78,view,SPRT_029,0.0,2026-08-24 23:14:46.473625
b3b7ea67-75e4-433b-a906-fd0202ed49b3,view,ELEC_015,0.0,2026-08-20 21:37:29.190359
9ea41e68-c710-4b07-b2ae-6bbf22342547,view,SPRT_026,0.0,2026-08-24T22:55:57.260519
d37ca1f9-a758-4fcd-abd0-8a4b28290823,purchase,ELEC_013,138.68,2026-08-22 17:28:53.665672
caf220a7-85eb-4fa4-a33b-8c246570b167,view,ELEC_006,0.0,2026-08-18T19:04:30.643741
7e6c74b6-e963-4328-83a5-602d2af48d1f,purchase,ELEC_028,296.31,2026-08-23T19:48:36.217306
b2494169-7cd1-450a-9a6a-5bd5ce40d2fb,cart,BOOK_010,53.81,2026-08-24 22:17:40.396763
2989c566-bd71-49e2-8d10-a60c615ee48b,purchase,BOOK_009,15.32,2026-08-28T18:15:57.952929
5fd25fd1-437c-46b3-9a39-aa545fcef320,purchase,FOOD_026,39.98,2026-08-24 21:23:01.148692
ecef0a71-9256-43e0-bf92-91fc8ffffcf4,view,CLTH_001,0.0,2026-08-24 20:36:22.737046
b568b56b-df03-4a6f-ae89-4908c2685971,view,FOOD_010,0.0,2026-08-24T22:21:41.622329
d37ca1f9-a758-4fcd-abd0-8a4b28290823,view,ELEC_030,0.0,2026-08-22 17:41:09.780810
f11171cf-dcb7-41e6-88b3-5078456085ff,view,BOOK_011,0.0,2026-08-18 19:06:46.304861
7533f6a3-2d5e-454c-a7d4-5a213a566a6a,purchase,FOOD_022,22.7,2026-08-24T20:58:47.335945
3c8208eb-982f-4c25-aeb6-1d676d8c95fd,view,FOOD_008,0.0,2026-08-24T19:59:39.741540
097603f7-ef8e-4380-83ce-337ce6b52a59,cart,SPRT_003,292.25,2026-08-24 21:53:54.927767
589c5997-fc90-4737-b2a5-e4271fdf4a9d,view,CLTH_026,0.0,2026-08-24T21:56:29.119923
3ad97fa8-650a-449e-819a-7461929db15a,view,FOOD_022,0.0,2026-08-24T22:10:21.175896
e9af50c7-3916-48bf-9def-f8eae8db79ee,view,BOOK_013,0.0,2026-08-24 21:21:20.270546
8afb9663-be21-47d5-b7bf-d549285fa584,view,FOOD_025,0.0,2026-08-16T16:39:21.959985
9b7e7aee-079a-4bab-8c71-badadf83bdcd,cart,FOOD_005,40.14,2026-08-24T20:44:17.669842
1a57d526-e419-4985-b2c6-65d021f92488,view,CLTH_008,0.0,2026-08-20 22:02:13.884469
718814b5-9a30-4643-8cfb-a460a60999ba,view,CLTH_020,0.0,2026-08-24 20:00:11.568892
aa1b5519-6825-4270-a210-d706d63db7f1,view,FOOD_027,0.0,2026-08-28T18:12:19.675626
af8c3802-1e97-4ac1-a05e-a064dc9a598f,purchase,FOOD_022,31.36,2026-08-24T22:48:02.285140
838d67a1-4adc-4bef-834d-defa67fe3762,view,FOOD_029,0.0,2026-08-24T22:10:23.791553
ecef0a71-9256-43e0-bf92-91fc8ffffcf4,view,CLTH_024,0.0,2026-08-24 19:52:23.759793
16a45d1c-fcb0-44ee-be9c-1c14c693e1c8,purchase,CLTH_006,269.18,2026-08-24 20:12:12.469360
d83aca8e-5d41-4fc0-992e-a9dc27732931,purchase,FOOD_014,13.3,2026-08-20T21:10:31.226404
6c42b183-6d7f-4eed-9a19-89815e3d0919,view,ELEC_015,0.0,2026-08-24 21:29:23.661664
69ac5a58-9bcc-4f4b-bdd5-baea8549f46e,view,CLTH_029,0.0,2026-08-18 19:04:19.369412
8afb9663-be21-47d5-b7bf-d549285fa584,view,FOOD_021,0.0,2026-08-24T19:48:41.548213
33dc141b-1bf5-4e95-b23e-a53981073bd2,cart,BOOK_012,26.82,2026-08-24T22:05:21.527636
2de07fdd-8b53-4691-a8aa-c355b7716a3e,view,CLTH_014,0.0,2026-08-18 18:49:20.452216
f11171cf-dcb7-41e6-88b3-5078456085ff,view,BOOK_005,0.0,2026-08-18 18:44:59.295145
b2494169-7cd1-450a-9a6a-5bd5ce40d2fb,view,BOOK_001,0.0,2026-08-24 23:21:43.445706
60fa3dee-9722-469f-9ede-8581e64a5dc8,purchase,FOOD_022,20.21,2026-08-24T20:58:47.178071
ca8a018c-1d30-4a4d-9da7-20f5ae4514e1,cart,BOOK_026,54.87,2026-08-22 17:42:55.335668
2531c3a7-f6d1-496c-8395-187ec22b1cf3,view,BOOK_006,0.0,2026-08-22T17:06:24.228866
16a45d1c-fcb0-44ee-be9c-1c14c693e1c8,view,CLTH_015,0.0,2026-08-24 20:58:15.343359
af8c3802-1e97-4ac1-a05e-a064dc9a598f,view,CLTH_017,0.0,2026-08-18 18:58:33.197980
7c2e1788-86da-4c9e-8f5a-63e49fc287ed,view,BOOK_002,0.0,2026-08-23T19:38:06.840409
807ffd32-2ef3-4a31-a89a-238c366b264b,view,BOOK_010,0.0,2026-08-24 22:55:04.027882
8afb9663-be21-47d5-b7bf-d549285fa584,view,FOOD_028,0.0,2026-08-16T16:39:21.959985
e9af50c7-3916-48bf-9def-f8eae8db79ee,purchase,BOOK_002,61.03,2026-08-24 20:37:24.563440
28dee375-acb0-4efe-91a1-27bd967ca56b,view,CLTH_004,0.0,2026-08-22 17:56:48.439738
16a45d1c-fcb0-44ee-be9c-1c14c693e1c8,view,ELEC_028,0.0,2026-08-24 21:18:42.969701
796609d9-7739-4166-ab01-9a72c52c20a7,view,SPRT_025,0.0,2026-08-23 19:31:37.328288
49d7c508-82b8-424a-9f56-f23225a308fb,view,FOOD_027,0.0,2026-08-23 19:54:29.941079
85a19fd8-54ae-4ace-a4dc-55c4ce3993ce,view,CLTH_003,0.0,2026-08-24 21:38:25.958442
c6da6198-1302-4f3b-98d8-59f524206a5a,cart,CLTH_024,113.38,2026-08-24 21:03:04.023141
8afb9663-be21-47d5-b7bf-d549285fa584,view,FOOD_012,0.0,2026-08-18T19:06:34.164428
aaaa38a6-7d37-4a0f-a0ae-a18daa98f586,view,ELEC_012,0.0,2026-08-28T18:10:22.206791
7a84b978-cc6b-49c8-8bba-b1f87d39615a,view,CLTH_002,0.0,2026-08-24 21:40:27.148337
14652829-4c93-49cc-ac11-1084b352dbf8,cart,BOOK_020,25.74,2026-08-24 22:16:30.803428
16a45d1c-fcb0-44ee-be9c-1c14c693e1c8,view,CLTH_027,0.0,2026-08-24 20:38:54.697264
ca8a018c-1d30-4a4d-9da7-20f5ae4514e1,view,SPRT_010,0.0,2026-08-24T20:47:03.113229
66d4157a-bf38-4bb0-a7c2-bd5652cd2a1d,view,CLTH_023,0.0,2026-08-24 07:51:35.748674
51d3a51e-39d5-4fa8-ad25-bc0cc1c2a3a8,view,FOOD_027,0.0,2026-08-20 21:51:45.910464
f45f43f0-f972-4f1b-bef3-8f2297f88dfc,cart,SPRT_016,368.29,2026-08-24T23:10:24.087961
c9613b65-fafa-42cc-9af8-32f87936384f,view,FOOD_001,0.0,2026-08-18 18:59:37.621039
fc18b9b9-0790-45c2-9bd4-39c8c166b7ff,view,ELEC_004,0.0,2026-08-18T19:03:28.165390
c6b1433c-fd3a-4b37-a002-e3213ac67574,view,FOOD_005,0.0,2026-08-24T21:29:39.614574
204cd583-e18f-4356-afbd-560a95e5e55d,view,CLTH_002,0.0,2026-08-24 20:23:10.761473
c6da6198-1302-4f3b-98d8-59f524206a5a,view,CLTH_024,0.0,2026-08-24T21:40:51.600662
718814b5-9a30-4643-8cfb-a460a60999ba,view,CLTH_021,0.0,2026-08-24 20:11:21.167573
5fd25fd1-437c-46b3-9a39-aa545fcef320,view,FOOD_021,0.0,2026-08-24 20:02:50.621675
c6da6198-1302-4f3b-98d8-59f524206a5a,view,CLTH_002,0.0,2026-08-24 20:19:47.522181
28dee375-acb0-4efe-91a1-27bd967ca56b,cart,BOOK_010,10.11,2026-08-22 17:34:28.429021
acececef-4ab4-44e7-8ba4-dc1b3db1b57b,view,ELEC_023,0.0,2026-08-24T21:30:11.523020
66f9e642-1674-468a-884b-55c6f9a06472,view,CLTH_008,0.0,2026-08-18 18:47:15.293750
e7011402-63aa-4b75-87a9-67546325bcab,view,CLTH_009,0.0,2026-08-24 23:17:52.228167
c32d47d5-9419-46e9-8af8-3ed6aa710c89,view,SPRT_012,0.0,2026-08-22 17:47:28.497703
90d1b635-2c2c-4335-a6a6-3088257c3e28,cart,CLTH_029,125.63,2026-08-23 19:48:23.147504
15371891-3d67-4bbe-a227-0aa843960503,cart,CLTH_018,176.12,2026-08-24 22:54:18.081617
7c53ddd0-71fe-4919-a4fe-86d633a58eee,purchase,SPRT_021,343.56,2026-08-20 21:15:01.080229
204cd583-e18f-4356-afbd-560a95e5e55d,view,CLTH_014,0.0,2026-08-24 20:46:50.512227
b43786c5-4ef6-4017-a344-22b26bcbd3c5,view,SPRT_019,0.0,2026-08-24 20:28:08.394079
0499cbb0-f1ab-4ff4-bdac-9b47815a9b3a,view,CLTH_001,0.0,2026-08-23 19:35:02.951847
526d498e-a082-48f3-8f21-d37077e1d332,purchase,SPRT_023,477.05,2026-08-24T20:08:16.870363
65c76bd2-c4c5-4ead-bb07-d1518810d424,view,FOOD_017,0.0,2026-08-24T20:49:16.195977
b1143e5d-1e1f-426c-aaa8-ab647f0ea967,view,FOOD_001,0.0,2026-08-20 21:56:53.195882
b4a0963f-da4e-401b-b39a-2668f972529c,view,ELEC_012,0.0,2026-08-24 20:59:36.117994
80a44646-6c7e-488e-8f96-dda9667f62bf,view,BOOK_012,0.0,2026-08-24 21:16:56.989374
fc029a04-be52-486b-8b8f-0f1b173d81fb,view,CLTH_028,0.0,2026-08-18 19:15:32.225789
18af9202-01b4-42d9-a7a8-a3fd40d77ea7,view,SPRT_007,0.0,2026-08-18 19:12:29.696718
48fdb41c-6451-4813-9e73-3326f54170f7,view,FOOD_021,0.0,2026-08-20T21:40:05.826324
ca8a018c-1d30-4a4d-9da7-20f5ae4514e1,view,BOOK_004,0.0,2026-08-22 17:42:55.286718
d2393a76-e7aa-4917-8d1a-eaea77151dd0,view,CLTH_015,0.0,2026-08-20 21:24:28.135555
fb5c4430-55ab-46c5-9e83-bae524560811,view,BOOK_004,0.0,2026-08-24 19:48:02.662004
b43786c5-4ef6-4017-a344-22b26bcbd3c5,purchase,SPRT_019,59.83,2026-08-24 20:26:36.015298
a4dbcca0-eaa3-4f6a-91d1-a92bc00a2c19,view,CLTH_011,0.0,2026-08-24 19:58:07.292608
07974040-0d6e-4dd2-a06d-09236cb2f439,view,FOOD_024,0.0,2026-08-24 21:33:14.159323
9b7e7aee-079a-4bab-8c71-badadf83bdcd,cart,FOOD_019,78.11,2026-08-24T19:44:31.027707
a169dc99-f3d9-4a6d-be74-c528e84e184c,view,CLTH_002,0.0,2026-08-28T18:13:33.064846
c8e0f50d-4298-44da-ac25-229ba2271015,view,CLTH_003,0.0,2026-08-18T18:54:32.235050
27a943f0-74c1-47d4-a697-2bf5d20625d8,view,CLTH_006,0.0,2026-08-24 20:25:09.878007
8648af4d-7a61-4fed-84ea-10895f513822,cart,CLTH_012,223.71,2026-08-23T19:38:06.888569
ddc313fb-bc63-47e5-ac3f-b9d1d5a703a1,view,CLTH_020,0.0,2026-08-24 21:36:54.046561
60fa3dee-9722-469f-9ede-8581e64a5dc8,view,BOOK_003,0.0,2026-08-24T19:49:44.205389
7973f2a9-cd05-4d96-a6a3-b5bcbfe5a807,cart,CLTH_009,135.67,2026-08-24 20:25:59.798798
5f70c5ad-79e7-42be-a108-76a2aa328993,view,BOOK_013,0.0,2026-08-24T22:57:46.170587
3eae1b1f-da2f-40b7-883b-ad6d9a3673eb,view,CLTH_001,0.0,2026-08-24 22:51:29.039452
dcd98015-a110-4e4e-bffd-2db821ce770a,view,FOOD_017,0.0,2026-08-20T21:14:05.656301
fcd6fe57-c144-4e2e-a82f-44cb7df85d3f,view,BOOK_025,0.0,2026-08-23T19:51:52.269724
3ad97fa8-650a-449e-819a-7461929db15a,view,SPRT_016,0.0,2026-08-24T20:47:05.645629
ecb51178-8afe-4ba9-bd61-87e0a416554b,view,FOOD_023,0.0,2026-08-24T20:25:34.709183
66f9e642-1674-468a-884b-55c6f9a06472,purchase,ELEC_022,432.31,2026-08-24T19:48:41.567978
19c40797-1cb3-4b73-8f5c-c71e4d1bd83c,view,SPRT_012,0.0,2026-08-24 07:50:01.487320
60fa3dee-9722-469f-9ede-8581e64a5dc8,purchase,CLTH_013,253.3,2026-08-20 21:13:52.525541
659ae273-f90a-4d3d-8e25-4ce44740dbc3,purchase,ELEC_012,807.23,2026-08-19 23:23:45.939476
718814b5-9a30-4643-8cfb-a460a60999ba,view,CLTH_029,0.0,2026-08-24 20:40:42.884439
8afb9663-be21-47d5-b7bf-d549285fa584,purchase,ELEC_026,379.17,2026-08-16 10:41:58.230940
e04bc446-eef1-4a6c-bdd3-722ed841b5b0,view,CLTH_007,0.0,2026-08-24 22:55:04.965992
7c876903-8503-4e64-91da-9f12ea161fac,purchase,ELEC_019,411.17,2026-08-24 23:04:33.621287
2d7c90c3-0788-41c8-b160-06e19f4406f6,view,FOOD_023,0.0,2026-08-24 22:03:15.910646
5ecfc98a-922a-4821-a19c-74739ea9d49c,view,CLTH_006,0.0,2026-08-24 22:13:07.800811
7e6c74b6-e963-4328-83a5-602d2af48d1f,view,FOOD_024,0.0,2026-08-16T16:38:21.370954
b1143e5d-1e1f-426c-aaa8-ab647f0ea967,view,BOOK_015,0.0,2026-08-23T19:40:14.046752
8889c320-1f19-4bac-9c31-b9218acbf5b5,cart,ELEC_023,781.98,2026-08-24 22:03:28.283139
15371891-3d67-4bbe-a227-0aa843960503,view,CLTH_019,0.0,2026-08-24 22:53:18.195964
a5184ecf-8473-4c68-a33b-f6c956626ce8,view,SPRT_005,0.0,2026-08-22 17:06:50.795783
dca944a7-0934-422f-a615-4a2ae9dbac65,view,CLTH_022,0.0,2026-08-20T21:20:20.831994
046701a6-5a53-43dc-aa26-d68a19f6cb9e,view,CLTH_026,0.0,2026-08-18 19:00:28.598083
5ecfc98a-922a-4821-a19c-74739ea9d49c,view,CLTH_009,0.0,2026-08-24 22:18:28.239278
ecb51178-8afe-4ba9-bd61-87e0a416554b,view,SPRT_001,0.0,2026-08-20T21:25:08.290331
e6053f2d-d150-4835-ad5a-bada8eceb969,purchase,FOOD_005,65.91,2026-08-23T19:34:57.507748
06ef8987-2209-4f91-b32e-b826d451f567,view,CLTH_013,0.0,2026-08-18 18:48:10.335400
d6ea31f0-4a99-43ba-8364-82717218083c,view,SPRT_011,0.0,2026-08-16 16:40:59.904009
7973f2a9-cd05-4d96-a6a3-b5bcbfe5a807,view,CLTH_029,0.0,2026-08-24 20:07:48.977489
18af9202-01b4-42d9-a7a8-a3fd40d77ea7,view,FOOD_013,0.0,2026-08-18T19:22:33.269754
5fd25fd1-437c-46b3-9a39-aa545fcef320,view,ELEC_005,0.0,2026-08-24 20:17:37.945312
3298c361-8531-49e3-8652-5f10ff038a49,purchase,SPRT_018,426.56,2026-08-16 10:32:46.690672
d37ca1f9-a758-4fcd-abd0-8a4b28290823,view,ELEC_018,0.0,2026-08-22 17:59:52.106164
e6053f2d-d150-4835-ad5a-bada8eceb969,view,FOOD_020,0.0,2026-08-22 17:14:30.970759
292aa98d-2159-46e5-86b7-ebb3da08accd,view,SPRT_008,0.0,2026-08-22 17:54:48.356349
ddc313fb-bc63-47e5-ac3f-b9d1d5a703a1,view,CLTH_018,0.0,2026-08-24 22:59:15.079915
b3b7ea67-75e4-433b-a906-fd0202ed49b3,view,ELEC_006,0.0,2026-08-20 21:46:40.016546
15371891-3d67-4bbe-a227-0aa843960503,purchase,CLTH_011,324.46,2026-08-24 21:49:00.969349
37d1bc22-ec4f-4251-96d1-dbe0703942a7,view,CLTH_024,0.0,2026-08-19 23:28:10.016434
28dee375-acb0-4efe-91a1-27bd967ca56b,view,CLTH_020,0.0,2026-08-22 17:36:31.958871
b4a0963f-da4e-401b-b39a-2668f972529c,view,SPRT_024,0.0,2026-08-24 20:56:09.721755
7cecad85-4914-4af5-863e-309987695976,view,CLTH_010,0.0,2026-08-24 22:05:39.428664
8cdacff9-37d6-4442-84bc-6ae90cf25759,view,FOOD_009,0.0,2026-08-23 19:37:39.908311
27a943f0-74c1-47d4-a697-2bf5d20625d8,view,BOOK_021,0.0,2026-08-24T20:53:39.948281
d0ee500b-2986-4393-8222-e3a34f6829c5,view,CLTH_017,0.0,2026-08-22 17:45:20.487480
e2d48b75-546c-497a-95bd-14034b8f808a,view,BOOK_003,0.0,2026-08-22 17:38:53.953246
0bb810c4-b32d-43c2-92f3-84a8460ad2f6,purchase,SPRT_004,89.05,2026-08-22T17:59:32.045918
0518f406-1bcc-4201-9400-4d13c068296b,cart,BOOK_016,38.14,2026-08-23T19:39:09.637020
7e12728f-8e77-4093-b21e-7650a323fb12,view,CLTH_009,0.0,2026-08-24 22:59:57.178481
7e12728f-8e77-4093-b21e-7650a323fb12,cart,CLTH_020,134.57,2026-08-24 22:44:30.496453
60fa3dee-9722-469f-9ede-8581e64a5dc8,view,BOOK_018,0.0,2026-08-20T22:02:03.214988
e04bc446-eef1-4a6c-bdd3-722ed841b5b0,view,ELEC_024,0.0,2026-08-24 21:51:30.003306
65c76bd2-c4c5-4ead-bb07-d1518810d424,view,CLTH_025,0.0,2026-08-24 20:00:13.608615
d9c0cd62-7da2-407f-b24f-c9887c0b8ae6,cart,SPRT_027,72.56,2026-08-28T18:17:45.669497
c8e0f50d-4298-44da-ac25-229ba2271015,view,ELEC_028,0.0,2026-08-16T16:45:28.197366
dfcc5694-8acb-4c2d-b506-2b27c83b45a2,view,SPRT_027,0.0,2026-08-24T20:47:05.342963
16a45d1c-fcb0-44ee-be9c-1c14c693e1c8,purchase,FOOD_018,106.54,2026-08-24 20:45:05.109705
27a943f0-74c1-47d4-a697-2bf5d20625d8,view,CLTH_012,0.0,2026-08-24 21:03:51.575251
5ecfc98a-922a-4821-a19c-74739ea9d49c,view,CLTH_014,0.0,2026-08-24 21:43:26.180623
16a45d1c-fcb0-44ee-be9c-1c14c693e1c8,purchase,CLTH_026,49.05,2026-08-24 20:58:15.530517
fb452d33-32d2-4fc8-a50d-278f74455526,view,SPRT_014,0.0,2026-08-23T19:45:26.147243
9f729b04-6f80-4dae-9824-921396cc0ee2,cart,BOOK_013,34.11,2026-08-24 20:12:53.200096
b4a0963f-da4e-401b-b39a-2668f972529c,view,SPRT_028,0.0,2026-08-24 20:49:32.770821
d0ee500b-2986-4393-8222-e3a34f6829c5,view,CLTH_022,0.0,2026-08-24T20:53:42.250508
77fd67f5-d25c-4143-8bfe-91b94df193e1,view,ELEC_030,0.0,2026-08-18 19:15:08.895824
5f70c5ad-79e7-42be-a108-76a2aa328993,cart,FOOD_022,37.19,2026-08-20T21:22:30.719532
5170d1a9-568e-4884-8b9a-e998a6411fc9,view,ELEC_018,0.0,2026-08-24T19:51:18.615442
f45f43f0-f972-4f1b-bef3-8f2297f88dfc,view,SPRT_014,0.0,2026-08-19 23:23:39.245475
7adce7be-64d4-4802-b5f9-067f8cf870b9,view,BOOK_020,0.0,2026-08-28 18:12:46.906895
b69f6df3-4ae7-4861-8236-88b969e91529,purchase,CLTH_018,120.53,2026-08-20 21:23:27.847701
1342dc6b-765d-46f2-b62a-ae0cc1bedb78,view,FOOD_024,0.0,2026-08-24 22:38:12.324228
14652829-4c93-49cc-ac11-1084b352dbf8,view,BOOK_008,0.0,2026-08-24 21:53:12.370960
69f815db-b5d3-4690-abf5-ffb8d11bd744,view,FOOD_004,0.0,2026-08-24T19:50:15.298788
e9af50c7-3916-48bf-9def-f8eae8db79ee,view,BOOK_001,0.0,2026-08-24 19:58:22.216340
00f663e7-4a3e-49a4-a200-c3c06ef5259a,purchase,FOOD_020,74.03,2026-08-22 17:10:19.343533
b43786c5-4ef6-4017-a344-22b26bcbd3c5,cart,SPRT_027,179.84,2026-08-24 20:19:50.326688
5170d1a9-568e-4884-8b9a-e998a6411fc9,cart,SPRT_022,285.5,2026-08-22 17:51:54.324041
a9924f59-2d8b-4172-8e44-ae16ad011154,cart,FOOD_022,32.8,2026-08-16 10:28:10.658528
7973f2a9-cd05-4d96-a6a3-b5bcbfe5a807,view,BOOK_008,0.0,2026-08-24T22:09:46.989316
c6da6198-1302-4f3b-98d8-59f524206a5a,view,CLTH_025,0.0,2026-08-24 20:23:11.072982
c6da6198-1302-4f3b-98d8-59f524206a5a,view,CLTH_018,0.0,2026-08-24 21:21:05.809162
b69f6df3-4ae7-4861-8236-88b969e91529,view,FOOD_017,0.0,2026-08-24T19:52:21.489845
a4dbcca0-eaa3-4f6a-91d1-a92bc00a2c19,view,FOOD_025,0.0,2026-08-24 21:18:50.052384
ecb51178-8afe-4ba9-bd61-87e0a416554b,view,CLTH_029,0.0,2026-08-22T17:11:40.161545
272d6b5f-aeca-485e-a4ba-1a5689f647ac,cart,ELEC_029,406.05,2026-08-24 20:24:05.128420
e3576704-b8db-4482-a571-018fedb94275,cart,SPRT_017,227.54,2026-08-23T20:02:40.973272
51d3a51e-39d5-4fa8-ad25-bc0cc1c2a3a8,view,BOOK_005,0.0,2026-08-23T19:37:02.398477
d06247ce-154f-44d2-a431-0e6def01535f,cart,CLTH_004,155.62,2026-08-24 22:41:55.967198
5ecfc98a-922a-4821-a19c-74739ea9d49c,view,SPRT_017,0.0,2026-08-24 22:34:09.059965
b4508ad1-61c3-4913-9b0d-9e62d1e31a6c,view,FOOD_010,0.0,2026-08-19T23:26:01.145600
60fa3dee-9722-469f-9ede-8581e64a5dc8,view,ELEC_011,0.0,2026-08-24T20:26:09.484844
65c76bd2-c4c5-4ead-bb07-d1518810d424,view,CLTH_025,0.0,2026-08-24 21:07:30.460799
d06247ce-154f-44d2-a431-0e6def01535f,view,CLTH_006,0.0,2026-08-24 22:01:22.083485
9f729b04-6f80-4dae-9824-921396cc0ee2,view,BOOK_018,0.0,2026-08-24 19:47:17.809494
1da3875f-fb74-46c6-93c5-51e782d226a2,view,BOOK_002,0.0,2026-08-28 18:13:49.399500
0bbfa7f7-fdca-4164-bc87-12ea9a76d7ed,view,SPRT_021,0.0,2026-08-19T23:27:32.844945
8b84f738-d1da-49a1-8b35-7f03cd7992a8,view,FOOD_019,0.0,2026-08-16 16:41:12.984647
1a8dde1b-a845-4523-9888-92a7f05ae954,view,SPRT_021,0.0,2026-08-20T21:20:20.376338
aaf98546-9399-431c-890b-576fa08abac0,view,ELEC_015,0.0,2026-08-24T20:08:18.862095
fc663667-5a7c-4583-8210-a39d89c8784d,view,ELEC_023,0.0,2026-08-24T21:08:36.956240
caf220a7-85eb-4fa4-a33b-8c246570b167,view,FOOD_002,0.0,2026-08-22T18:02:41.204143
8afb9663-be21-47d5-b7bf-d549285fa584,view,FOOD_014,0.0,2026-08-24T22:07:34.045457
8889c320-1f19-4bac-9c31-b9218acbf5b5,view,ELEC_029,0.0,2026-08-24 23:17:11.451472
7cecad85-4914-4af5-863e-309987695976,cart,CLTH_020,70.51,2026-08-24 22:54:22.686203
b2494169-7cd1-450a-9a6a-5bd5ce40d2fb,view,BOOK_014,0.0,2026-08-24 23:06:42.406147
2ca3ba80-c4ea-48a9-9d49-ec547b2177a2,view,CLTH_020,0.0,2026-08-18 19:13:44.066462
5fd25fd1-437c-46b3-9a39-aa545fcef320,view,ELEC_009,0.0,2026-08-24 19:51:53.099598
204cd583-e18f-4356-afbd-560a95e5e55d,view,CLTH_004,0.0,2026-08-24 20:26:28.309041
14652829-4c93-49cc-ac11-1084b352dbf8,cart,BOOK_013,36.2,2026-08-24 22:04:05.294177
60fa3dee-9722-469f-9ede-8581e64a5dc8,view,CLTH_010,0.0,2026-08-23T19:40:14.607162
1683fa13-caae-47d0-876d-5cd63161b109,view,CLTH_027,0.0,2026-08-16T16:39:52.282366
fb452d33-32d2-4fc8-a50d-278f74455526,view,SPRT_023,0.0,2026-08-23T19:35:28.542000
c6da6198-1302-4f3b-98d8-59f524206a5a,view,CLTH_015,0.0,2026-08-24 20:27:48.152473
65c76bd2-c4c5-4ead-bb07-d1518810d424,view,FOOD_022,0.0,2026-08-24 20:40:34.531287
1683fa13-caae-47d0-876d-5cd63161b109,view,CLTH_010,0.0,2026-08-15 19:42:23.072490
5170d1a9-568e-4884-8b9a-e998a6411fc9,cart,FOOD_006,62.38,2026-08-24T20:25:36.084756
f40f2fc0-4990-4c42-b190-23976cdaf79f,view,ELEC_013,0.0,2026-08-16 16:50:36.212867
38c90e9e-a827-4bae-9a22-50c3d3ae002c,view,FOOD_015,0.0,2026-08-20 21:08:02.796548
8e8f1a72-9d02-4f7f-812e-28ab52b05f20,view,CLTH_013,0.0,2026-08-20 21:24:30.081380
8889c320-1f19-4bac-9c31-b9218acbf5b5,view,ELEC_015,0.0,2026-08-24 22:58:49.939625
65c76bd2-c4c5-4ead-bb07-d1518810d424,view,CLTH_029,0.0,2026-08-24T21:52:31.310047
b69f6df3-4ae7-4861-8236-88b969e91529,cart,CLTH_027,193.14,2026-08-22T17:10:06.393570
45be79ad-8040-4559-be25-1a4737d5bdec,view,FOOD_023,0.0,2026-08-24 20:52:50.015440
eba03b4f-7d0a-498d-a823-db63123d559a,view,ELEC_004,0.0,2026-08-23T19:45:57.131854
3eae1b1f-da2f-40b7-883b-ad6d9a3673eb,view,CLTH_001,0.0,2026-08-24 21:38:05.099674
80a44646-6c7e-488e-8f96-dda9667f62bf,view,BOOK_015,0.0,2026-08-24 20:35:05.941515
e0cac62b-7a87-44bb-8198-dd96bc7eb6ae,view,FOOD_005,0.0,2026-08-20 21:42:53.640518
6c42b183-6d7f-4eed-9a19-89815e3d0919,view,ELEC_015,0.0,2026-08-24 22:48:06.856614
204cd583-e18f-4356-afbd-560a95e5e55d,cart,FOOD_004,74.5,2026-08-24 19:46:02.240936
71757292-65b2-4a18-829d-3935df050fc0,view,FOOD_001,0.0,2026-08-18 19:13:11.674079
718814b5-9a30-4643-8cfb-a460a60999ba,cart,CLTH_015,105.94,2026-08-24 20:07:09.449567
6c42b183-6d7f-4eed-9a19-89815e3d0919,cart,BOOK_006,23.24,2026-08-24 22:56:15.418080
540dfba9-6872-43b1-945d-a3584b72aa30,purchase,BOOK_022,37.31,2026-08-22 17:06:55.083557
93a77f89-bfd1-4c5d-9caf-af8b44e15eb1,cart,SPRT_002,340.49,2026-08-22T17:11:08.695860
b568b56b-df03-4a6f-ae89-4908c2685971,purchase,CLTH_006,149.0,2026-08-20 21:41:32.271652
df6ef7b8-0a49-4e99-b1d7-860b83fad018,cart,SPRT_008,377.38,2026-08-23 19:36:53.265719
a3414eda-0341-4e0d-b3fa-5e873248b36a,cart,ELEC_029,331.47,2026-08-16 10:43:07.319006
66d4157a-bf38-4bb0-a7c2-bd5652cd2a1d,purchase,CLTH_004,51.41,2026-08-24 07:51:35.550960
37d1bc22-ec4f-4251-96d1-dbe0703942a7,cart,FOOD_013,71.3,2026-08-24T19:59:08.696842
0a2f3d10-ae64-4472-a673-478e6650e204,purchase,FOOD_016,94.22,2026-08-16 16:37:19.519192
82a1487d-2323-45c1-9468-a6f88d47a779,view,FOOD_024,0.0,2026-08-24 21:23:42.057754
c6da6198-1302-4f3b-98d8-59f524206a5a,view,CLTH_026,0.0,2026-08-24 20:52:40.589104
8afb9663-be21-47d5-b7bf-d549285fa584,cart,ELEC_016,319.93,2026-08-16 10:30:44.234632
204cd583-e18f-4356-afbd-560a95e5e55d,cart,CLTH_030,66.6,2026-08-24 21:15:29.057584
7973f2a9-cd05-4d96-a6a3-b5bcbfe5a807,view,CLTH_006,0.0,2026-08-24 19:59:21.806312
272d6b5f-aeca-485e-a4ba-1a5689f647ac,view,ELEC_015,0.0,2026-08-24 19:59:46.104282
a9ef0f29-d39b-4e19-9e9d-76779cf2469d,view,FOOD_024,0.0,2026-08-24T21:11:00.590605
e9af50c7-3916-48bf-9def-f8eae8db79ee,view,BOOK_003,0.0,2026-08-24 20:57:49.246365
07e00408-a9f3-4a26-bb10-653e27ee1d69,view,FOOD_014,0.0,2026-08-24 22:51:33.814717
6a581879-1f83-493a-9878-091eb0021ada,view,SPRT_006,0.0,2026-08-24T19:56:29.825537
06ef8987-2209-4f91-b32e-b826d451f567,view,SPRT_011,0.0,2026-08-24T20:36:30.831465
77765993-45c5-4be1-9161-1885f032fc20,cart,ELEC_004,179.62,2026-08-22 17:31:00.539339
718814b5-9a30-4643-8cfb-a460a60999ba,cart,CLTH_012,137.12,2026-08-24 19:45:11.016808
d06247ce-154f-44d2-a431-0e6def01535f,purchase,CLTH_029,206.53,2026-08-24 21:55:44.646990
65c76bd2-c4c5-4ead-bb07-d1518810d424,view,CLTH_003,0.0,2026-08-24T21:52:31.310047
b43786c5-4ef6-4017-a344-22b26bcbd3c5,view,SPRT_007,0.0,2026-08-24T20:25:00.745252
807ffd32-2ef3-4a31-a89a-238c366b264b,view,CLTH_019,0.0,2026-08-24 21:33:14.864776
ecef0a71-9256-43e0-bf92-91fc8ffffcf4,view,CLTH_002,0.0,2026-08-24 20:33:33.081567
ab5beedd-73b7-43f0-8900-2fda346c8941,view,BOOK_012,0.0,2026-08-24T19:59:08.493273
d37ca1f9-a758-4fcd-abd0-8a4b28290823,view,ELEC_008,0.0,2026-08-22 17:59:52.428686
b4a0963f-da4e-401b-b39a-2668f972529c,view,SPRT_001,0.0,2026-08-24 20:46:50.902327
b43786c5-4ef6-4017-a344-22b26bcbd3c5,view,SPRT_017,0.0,2026-08-24 20:26:36.150992
659ae273-f90a-4d3d-8e25-4ce44740dbc3,view,SPRT_011,0.0,2026-08-23T19:43:21.085917
6c42b183-6d7f-4eed-9a19-89815e3d0919,view,ELEC_019,0.0,2026-08-24 21:54:32.524911
48fdb41c-6451-4813-9e73-3326f54170f7,view,ELEC_023,0.0,2026-08-20T21:14:37.243577
f40f2fc0-4990-4c42-b190-23976cdaf79f,view,ELEC_020,0.0,2026-08-16 16:50:55.089388
85a19fd8-54ae-4ace-a4dc-55c4ce3993ce,view,BOOK_023,0.0,2026-08-24 22:18:27.221404
0bb810c4-b32d-43c2-92f3-84a8460ad2f6,cart,BOOK_001,32.81,2026-08-20 21:55:20.089080
e2d48b75-546c-497a-95bd-14034b8f808a,view,BOOK_014,0.0,2026-08-22 17:32:13.352386
8afb9663-be21-47d5-b7bf-d549285fa584,view,ELEC_020,0.0,2026-08-16 10:36:40.531637
5fd25fd1-437c-46b3-9a39-aa545fcef320,view,FOOD_002,0.0,2026-08-24 19:51:42.451197
103b446e-bac3-42b5-96ca-727662d099e1,view,SPRT_027,0.0,2026-08-20 21:13:08.339389
4af16b18-bb80-4ce1-83fd-eeced79f6030,view,FOOD_011,0.0,2026-08-16 16:50:08.579936
4f3b1ab5-91ca-43a2-a8bb-715dd0866ccb,purchase,FOOD_013,69.51,2026-08-24T22:50:19.361715
4e1b3ee7-3aba-4880-8551-3c1ff6b7eb43,view,BOOK_022,0.0,2026-08-28 18:12:58.964438
fc18b9b9-0790-45c2-9bd4-39c8c166b7ff,cart,SPRT_002,55.39,2026-08-23T19:44:55.276297
7c876903-8503-4e64-91da-9f12ea161fac,view,ELEC_001,0.0,2026-08-24 22:12:58.725999
c56998f4-a438-484c-8b0c-b80c399f6fcd,view,CLTH_004,0.0,2026-08-24 20:27:28.450130
e9af50c7-3916-48bf-9def-f8eae8db79ee,view,FOOD_017,0.0,2026-08-24 19:59:52.256681
79486124-ceb2-4f91-bf0f-378b69ecb64c,view,BOOK_013,0.0,2026-08-22 17:36:12.072192
aa1b5519-6825-4270-a210-d706d63db7f1,view,BOOK_014,0.0,2026-08-24T19:49:44.230448
7cecad85-4914-4af5-863e-309987695976,view,CLTH_008,0.0,2026-08-24 22:11:07.429423
2989c566-bd71-49e2-8d10-a60c615ee48b,view,SPRT_014,0.0,2026-08-23 19:35:41.789614
